family,file,p,resid_p,delta,resid_delta
Contrastive,sweep2d_gemma_L2_Age__Arabic_fineweb_60deg.pkl,2.111758851876818,0.01632906103103388,-0.032757781859454015,0.0176189604983264
Contrastive,sweep2d_gemma_L2_Age__Chinese_fineweb_60deg.pkl,2.4188532055248513,0.01613495443597773,-0.10143610171085618,0.020601730209884022
Contrastive,sweep2d_gemma_L2_Age__Cpp_fineweb_60deg.pkl,2.1957059167702635,0.005333705528405597,-0.0542445578285616,0.00638994761760311
Contrastive,sweep2d_gemma_L2_Age__Dutch_fineweb_60deg.pkl,2.5343971476530003,0.005229074579799908,-0.12213601129750914,0.01079194798064308
Contrastive,sweep2d_gemma_L2_Age__Era_fineweb_60deg.pkl,2.202658717714649,0.010751813586063136,-0.06062630031836476,0.008812326824031838
Contrastive,sweep2d_gemma_L2_Age__French_fineweb_60deg.pkl,2.408138611249625,0.005858990173948864,-0.09982373394437327,0.009702781329685954
Contrastive,sweep2d_gemma_L2_Age__German_fineweb_60deg.pkl,2.5399328549587072,0.008742477015803253,-0.12369432982164615,0.01293232503361024
Contrastive,sweep2d_gemma_L2_Age__Go_fineweb_60deg.pkl,2.1117041922470805,0.008061826610188862,-0.03225764116692762,0.009017584993851621
Contrastive,sweep2d_gemma_L2_Age__Haskell_fineweb_60deg.pkl,2.1351915563373245,0.006728636036928434,-0.038147234453985726,0.008279453616681563
Contrastive,sweep2d_gemma_L2_Age__Honesty_fineweb_60deg.pkl,2.023498929370184,0.0186601993845833,-0.010102301842325991,0.018482057320364058
Contrastive,sweep2d_gemma_L2_Age__Italian_fineweb_60deg.pkl,2.364675258102068,0.010865533411689353,-0.0913957477733065,0.014635621152409248
Contrastive,sweep2d_gemma_L2_Age__Japanese_fineweb_60deg.pkl,2.4210588283813643,0.015221937813878851,-0.10262778970818033,0.019776869628289236
Contrastive,sweep2d_gemma_L2_Age__JavaScript_fineweb_60deg.pkl,2.136996155986207,0.00779545381479711,-0.03876922160703875,0.009122231497124827
Contrastive,sweep2d_gemma_L2_Age__Java_fineweb_60deg.pkl,2.1157158081015113,0.005350311448994474,-0.033075100038965355,0.0066519357496690025
Contrastive,sweep2d_gemma_L2_Age__Lisp_fineweb_60deg.pkl,1.9284207971108338,0.010881291209786287,0.022632570658446698,0.01113009422954669
Contrastive,sweep2d_gemma_L2_Age__Literary_fineweb_60deg.pkl,1.919833122677111,0.0038329968809786524,0.02767326143687376,0.003328366298934342
Contrastive,sweep2d_gemma_L2_Age__Number_fineweb_60deg.pkl,2.0452920956945175,0.013204571915759352,-0.020523391621530118,0.012638707416976234
Contrastive,sweep2d_gemma_L2_Age__Person_fineweb_60deg.pkl,2.1888403190213253,0.014184112802619888,-0.05829862780983663,0.013658181900603927
Contrastive,sweep2d_gemma_L2_Age__Portuguese_fineweb_60deg.pkl,2.4937148385596166,0.010311562417427771,-0.11353608084591435,0.01594215491918909
Contrastive,sweep2d_gemma_L2_Age__Python_fineweb_60deg.pkl,2.068225959321459,0.007352542102731186,-0.019690986954736738,0.008174435309428412
Contrastive,sweep2d_gemma_L2_Age__Refusal_fineweb_60deg.pkl,2.150896340558437,0.00434577557910655,-0.04373492022084571,0.004810044310294706
Contrastive,sweep2d_gemma_L2_Age__Russian_fineweb_60deg.pkl,2.563243594469168,0.02108801770262145,-0.1310172113320386,0.024849509798398766
Contrastive,sweep2d_gemma_L2_Age__Rust_fineweb_60deg.pkl,2.299648434363237,0.002796522916730482,-0.0784039309389753,0.005488186876330654
Contrastive,sweep2d_gemma_L2_Age__Spanish_fineweb_60deg.pkl,2.4967001492539582,0.009373486062068377,-0.11568372762696891,0.014868254501953941
Contrastive,sweep2d_gemma_L2_Age__Status_fineweb_60deg.pkl,1.6972533511876084,0.011817532492522247,0.12315712025300046,0.01082524431345228
Contrastive,sweep2d_gemma_L2_Age__Tense_fineweb_60deg.pkl,2.3220653006264826,0.019396039318779017,-0.093209743153058,0.01819434812590436
Contrastive,sweep2d_gemma_L2_Age__TypeScript_fineweb_60deg.pkl,2.200340560763952,0.007865914071046745,-0.05528398446186319,0.009416835582279714
Contrastive,sweep2d_gemma_L2_Certainty__Age_fineweb_60deg.pkl,1.9821924305294876,0.003167155846171179,0.005961761001954151,0.003163961465976639
Contrastive,sweep2d_gemma_L2_Certainty__Arabic_fineweb_60deg.pkl,2.133520530289712,0.020428024512530896,-0.042380146003007234,0.020519768292036
Contrastive,sweep2d_gemma_L2_Certainty__Chinese_fineweb_60deg.pkl,2.175579520264288,0.020175958607872153,-0.052898682257120765,0.02097556034084765
Contrastive,sweep2d_gemma_L2_Certainty__Cpp_fineweb_60deg.pkl,2.2436483957488917,0.00905398047290911,-0.06888895946867986,0.009116682889170741
Contrastive,sweep2d_gemma_L2_Certainty__Dutch_fineweb_60deg.pkl,1.9803383272571708,0.009436648491136929,0.005826687413164653,0.009421458505463906
Contrastive,sweep2d_gemma_L2_Certainty__Era_fineweb_60deg.pkl,1.94652218232971,0.007006030737222938,0.01649953165839685,0.007255193514678096
Contrastive,sweep2d_gemma_L2_Certainty__French_fineweb_60deg.pkl,1.9697004582269548,0.019672281687220516,0.005294598299874267,0.01991764534268323
Contrastive,sweep2d_gemma_L2_Certainty__Gender_fineweb_60deg.pkl,2.125311309976,0.011334035841564456,-0.03554477989375889,0.012644395691458206
Contrastive,sweep2d_gemma_L2_Certainty__German_fineweb_60deg.pkl,1.964785110049586,0.01270691362351374,0.010300709858232417,0.012711511486967954
Contrastive,sweep2d_gemma_L2_Certainty__Go_fineweb_60deg.pkl,2.170538661084831,0.010548511621683973,-0.049948866064421595,0.010674891875145873
Contrastive,sweep2d_gemma_L2_Certainty__Haskell_fineweb_60deg.pkl,2.244938242389937,0.014720936181748533,-0.07144775028435683,0.014749968804356707
Contrastive,sweep2d_gemma_L2_Certainty__Italian_fineweb_60deg.pkl,1.969919897872029,0.01917793047821176,0.005715953698585889,0.019014728322577504
Contrastive,sweep2d_gemma_L2_Certainty__Japanese_fineweb_60deg.pkl,2.2092469439677567,0.015974708357888282,-0.05886732197183761,0.017606970362176493
Contrastive,sweep2d_gemma_L2_Certainty__JavaScript_fineweb_60deg.pkl,2.2901541999370316,0.009762161241559611,-0.08044091632906697,0.009982207531047962
Contrastive,sweep2d_gemma_L2_Certainty__Java_fineweb_60deg.pkl,2.2458407899553006,0.0072830259181693065,-0.06889400329252701,0.0070012696034124
Contrastive,sweep2d_gemma_L2_Certainty__Lisp_fineweb_60deg.pkl,2.251189975073497,0.011941774561727679,-0.07405412751463633,0.012019187272063627
Contrastive,sweep2d_gemma_L2_Certainty__Literary_fineweb_60deg.pkl,2.210808098513996,0.004420569104372435,-0.05931105069698918,0.004859628997520594
Contrastive,sweep2d_gemma_L2_Certainty__Number_fineweb_60deg.pkl,1.861324242509105,0.013718816735570743,0.04451464670051977,0.014638237937184854
Contrastive,sweep2d_gemma_L2_Certainty__Person_fineweb_60deg.pkl,1.9784172725404108,0.0026001231928184983,0.007611540385905954,0.002372390127485096
Contrastive,sweep2d_gemma_L2_Certainty__Portuguese_fineweb_60deg.pkl,2.0079309146718702,0.021495234565240964,-0.007527960762898284,0.021650191029169614
Contrastive,sweep2d_gemma_L2_Certainty__Python_fineweb_60deg.pkl,2.1911501140184555,0.012931255880002131,-0.05804625071742583,0.012902757711600078
Contrastive,sweep2d_gemma_L2_Certainty__Russian_fineweb_60deg.pkl,2.3028593464777054,0.016034399912743923,-0.08079472205766543,0.017521552741868045
Contrastive,sweep2d_gemma_L2_Certainty__Rust_fineweb_60deg.pkl,2.2208526098566277,0.006023028798584087,-0.06171577459336242,0.006182600155848261
Contrastive,sweep2d_gemma_L2_Certainty__Spanish_fineweb_60deg.pkl,1.9930198818972722,0.01882668112431114,-0.0021265572755973113,0.01889250965287953
Contrastive,sweep2d_gemma_L2_Certainty__Status_fineweb_60deg.pkl,1.8846791679118813,0.005287597907844646,0.04013902561774452,0.005141429442606023
Contrastive,sweep2d_gemma_L2_Certainty__Tense_fineweb_60deg.pkl,1.98495526040572,0.016753532266119732,-0.0008164238149088664,0.017094117299367814
Contrastive,sweep2d_gemma_L2_Certainty__TypeScript_fineweb_60deg.pkl,2.1908028894416094,0.009444031760198089,-0.055052899864752716,0.009633975844231544
Contrastive,sweep2d_gemma_L2_Era__Arabic_fineweb_60deg.pkl,3.3182545079064867,0.025540122501590653,-0.2276920549341749,0.024772367713911784
Contrastive,sweep2d_gemma_L2_Era__Chinese_fineweb_60deg.pkl,4.2119255330952665,0.01873055726357499,-0.2819308391517092,0.02367399944955011
Contrastive,sweep2d_gemma_L2_Era__Cpp_fineweb_60deg.pkl,2.0190476499732135,0.012297458941873165,-0.005663743558421454,0.012443689071936043
Contrastive,sweep2d_gemma_L2_Era__Dutch_fineweb_60deg.pkl,3.6220665630081204,0.03341750419401467,-0.2666901077675929,0.028227811078242553
Contrastive,sweep2d_gemma_L2_Era__French_fineweb_60deg.pkl,3.640013552892199,0.020108777413607736,-0.25007567537162995,0.01814313463741777
Contrastive,sweep2d_gemma_L2_Era__German_fineweb_60deg.pkl,3.402918019727476,0.03361206335435261,-0.2603494990329445,0.02724737674912646
Contrastive,sweep2d_gemma_L2_Era__Go_fineweb_60deg.pkl,2.0317747769942973,0.007374184684044243,-0.009305057464774526,0.007583147405237393
Contrastive,sweep2d_gemma_L2_Era__Haskell_fineweb_60deg.pkl,2.0708331286209973,0.004484824111433159,-0.02136049307482274,0.004963611639499153
Contrastive,sweep2d_gemma_L2_Era__Honesty_fineweb_60deg.pkl,2.0145913486254683,0.005926200923913652,-0.005463318237406052,0.005890518214160124
Contrastive,sweep2d_gemma_L2_Era__Italian_fineweb_60deg.pkl,3.225247462073818,0.03609633644528875,-0.23978102580427746,0.030793324193109938
Contrastive,sweep2d_gemma_L2_Era__Japanese_fineweb_60deg.pkl,3.4208583787029627,0.03209060106179726,-0.25351341738030386,0.027827724015431363
Contrastive,sweep2d_gemma_L2_Era__JavaScript_fineweb_60deg.pkl,2.0250919386598896,0.010795662747205932,-0.009015556752585795,0.01071142353574345
Contrastive,sweep2d_gemma_L2_Era__Java_fineweb_60deg.pkl,1.9870336423598098,0.011332015020624725,0.00363750328045206,0.011226668089383024
Contrastive,sweep2d_gemma_L2_Era__Lisp_fineweb_60deg.pkl,2.0713913638324133,0.0043913854630341555,-0.020755087127918632,0.005275464255054085
Contrastive,sweep2d_gemma_L2_Era__Literary_fineweb_60deg.pkl,2.0135234344577255,0.0036693721396137023,-0.0053164134828287595,0.0035464846469031486
Contrastive,sweep2d_gemma_L2_Era__Number_fineweb_60deg.pkl,1.6435822520115608,0.01033741923549846,0.15056701831390717,0.011124697635461393
Contrastive,sweep2d_gemma_L2_Era__Person_fineweb_60deg.pkl,2.1659405383767814,0.008548221371775857,-0.050484019587298645,0.0075967283921658905
Contrastive,sweep2d_gemma_L2_Era__Portuguese_fineweb_60deg.pkl,3.7264453050281734,0.029930482947499157,-0.27211422685071024,0.026169092619373877
Contrastive,sweep2d_gemma_L2_Era__Python_fineweb_60deg.pkl,2.047468982833351,0.007500313455351129,-0.014032989874043446,0.007859984305280312
Contrastive,sweep2d_gemma_L2_Era__Refusal_fineweb_60deg.pkl,2.0299694746101697,0.008407814400732818,-0.009628452796899908,0.008455967746821254
Contrastive,sweep2d_gemma_L2_Era__Russian_fineweb_60deg.pkl,3.338933288060831,0.02313723936536484,-0.22356448406860116,0.026002777103693208
Contrastive,sweep2d_gemma_L2_Era__Rust_fineweb_60deg.pkl,2.1836761321276756,0.005028208448336527,-0.05110326049038089,0.00684330218125182
Contrastive,sweep2d_gemma_L2_Era__Spanish_fineweb_60deg.pkl,4.221597618695672,0.02623895695311985,-0.2957239925039506,0.021768266156945573
Contrastive,sweep2d_gemma_L2_Era__Status_fineweb_60deg.pkl,2.0397281902277435,0.008888650589890908,-0.01307541095872266,0.008875191208396901
Contrastive,sweep2d_gemma_L2_Era__Tense_fineweb_60deg.pkl,1.5386841930571453,0.006984577582982441,0.21726705264691326,0.009667282673425528
Contrastive,sweep2d_gemma_L2_Era__TypeScript_fineweb_60deg.pkl,2.051242413737897,0.008317841032327866,-0.01476129513423667,0.008732747681852625
Contrastive,sweep2d_gemma_L2_Gender__Age_fineweb_60deg.pkl,2.175380333335208,0.007152063208144734,-0.04987733355662496,0.007460475755605195
Contrastive,sweep2d_gemma_L2_Gender__Arabic_fineweb_60deg.pkl,2.3823216611413534,0.011731529566332801,-0.09555903061437308,0.014440827128244346
Contrastive,sweep2d_gemma_L2_Gender__Chinese_fineweb_60deg.pkl,2.6620083728148254,0.007687084418920076,-0.14246744709916614,0.014501173274631204
Contrastive,sweep2d_gemma_L2_Gender__Cpp_fineweb_60deg.pkl,2.2959575693285235,0.0037057853370404655,-0.07801076491371818,0.005657456349879819
Contrastive,sweep2d_gemma_L2_Gender__Dutch_fineweb_60deg.pkl,2.5643627255442607,0.011384306806560369,-0.12909298141078782,0.015339865443631598
Contrastive,sweep2d_gemma_L2_Gender__Era_fineweb_60deg.pkl,2.1031632329851266,0.006417956647595739,-0.031671476607397844,0.00654580942916025
Contrastive,sweep2d_gemma_L2_Gender__French_fineweb_60deg.pkl,2.550991754662959,0.01041457941487849,-0.1259954324725153,0.014987159009363071
Contrastive,sweep2d_gemma_L2_Gender__German_fineweb_60deg.pkl,2.5299732937657207,0.011480845182103476,-0.1244421629598352,0.013937245026346516
Contrastive,sweep2d_gemma_L2_Gender__Go_fineweb_60deg.pkl,2.308812658867549,0.005113211706935203,-0.07965695295413443,0.008594538970431397
Contrastive,sweep2d_gemma_L2_Gender__Haskell_fineweb_60deg.pkl,2.365525780966113,0.007615143631098519,-0.09541227001172198,0.00648889670382557
Contrastive,sweep2d_gemma_L2_Gender__Honesty_fineweb_60deg.pkl,2.311209387081333,0.007673373086813529,-0.08203996661213009,0.008187830463049656
Contrastive,sweep2d_gemma_L2_Gender__Italian_fineweb_60deg.pkl,2.578367481095059,0.0063914143062942,-0.12953451807564312,0.012746054965787838
Contrastive,sweep2d_gemma_L2_Gender__Japanese_fineweb_60deg.pkl,2.7078998242608545,0.01094054150638441,-0.14912762884291522,0.017439772682130466
Contrastive,sweep2d_gemma_L2_Gender__JavaScript_fineweb_60deg.pkl,2.3518953515589294,0.002759042497811845,-0.09000119547804357,0.005086624254479208
Contrastive,sweep2d_gemma_L2_Gender__Java_fineweb_60deg.pkl,2.2627520914594546,0.0031137362178586224,-0.07110449960688812,0.004016396269143478
Contrastive,sweep2d_gemma_L2_Gender__Lisp_fineweb_60deg.pkl,2.1539425695157663,0.005757042198817702,-0.045812047504179464,0.0056435393101264995
Contrastive,sweep2d_gemma_L2_Gender__Literary_fineweb_60deg.pkl,2.161915684332685,0.007372369585232051,-0.046664353201377004,0.007761888952789466
Contrastive,sweep2d_gemma_L2_Gender__Number_fineweb_60deg.pkl,2.218910174878525,0.006682137082110599,-0.0629151565217585,0.005306034733251484
Contrastive,sweep2d_gemma_L2_Gender__Person_fineweb_60deg.pkl,2.2044399552724556,0.009378562310889176,-0.059002128428599344,0.0094596505107438
Contrastive,sweep2d_gemma_L2_Gender__Portuguese_fineweb_60deg.pkl,2.5290138512305322,0.014168230016192903,-0.12113366034279854,0.019708651462658978
Contrastive,sweep2d_gemma_L2_Gender__Python_fineweb_60deg.pkl,2.142831258160506,0.0033034573279559338,-0.04131606231887743,0.003906022185899519
Contrastive,sweep2d_gemma_L2_Gender__Refusal_fineweb_60deg.pkl,2.3797575501932675,0.009440340515930198,-0.09490158869464914,0.013084541550207987
Contrastive,sweep2d_gemma_L2_Gender__Russian_fineweb_60deg.pkl,2.7396351885831844,0.010367276528190162,-0.15172742521181942,0.0188947344392933
Contrastive,sweep2d_gemma_L2_Gender__Rust_fineweb_60deg.pkl,2.3142096016074185,0.00933359860792821,-0.08163447472397009,0.01198390176367459
Contrastive,sweep2d_gemma_L2_Gender__Sentiment_fineweb_60deg.pkl,2.0767767836419644,0.011273073372112426,-0.022860730665520756,0.012057966836672136
Contrastive,sweep2d_gemma_L2_Gender__Spanish_fineweb_60deg.pkl,2.5159082593741813,0.010940149672688613,-0.11937359994720968,0.01602891010409243
Contrastive,sweep2d_gemma_L2_Gender__Status_fineweb_60deg.pkl,2.024302843417408,0.0034598106112126645,-0.007205544278535065,0.0035688722545868783
Contrastive,sweep2d_gemma_L2_Gender__Tense_fineweb_60deg.pkl,2.045974092374975,0.012146329504839532,-0.015841799853974985,0.012025581656932838
Contrastive,sweep2d_gemma_L2_Gender__TypeScript_fineweb_60deg.pkl,2.372874292474511,0.004845807952017542,-0.09331998989637084,0.00821609492409077
Contrastive,sweep2d_gemma_L2_Health__Age_fineweb_60deg.pkl,1.9387444156582558,0.008184707522936815,0.020508071665143124,0.007873565772277954
Contrastive,sweep2d_gemma_L2_Health__Chinese_fineweb_60deg.pkl,2.222079601598705,0.02519533251853481,-0.0694427824016304,0.025842077926844672
Contrastive,sweep2d_gemma_L2_Health__Cpp_fineweb_60deg.pkl,2.2969698765198734,0.006059986850450978,-0.07820294829082469,0.007729768940955019
Contrastive,sweep2d_gemma_L2_Health__Dutch_fineweb_60deg.pkl,1.8240296354204433,0.018286896225972578,0.06152129087744006,0.018092777726626683
Contrastive,sweep2d_gemma_L2_Health__Era_fineweb_60deg.pkl,1.9997274994169871,0.005869386327103788,-0.000916452478933506,0.005804808182247421
Contrastive,sweep2d_gemma_L2_Health__French_fineweb_60deg.pkl,1.855161326694796,0.02348952540187153,0.045833913897815465,0.023134672526225974
Contrastive,sweep2d_gemma_L2_Health__Gender_fineweb_60deg.pkl,2.187415712221628,0.007390702508480214,-0.05251700135474182,0.008213813479475439
Contrastive,sweep2d_gemma_L2_Health__German_fineweb_60deg.pkl,1.9447015821564881,0.014418687249847791,0.01687824808468782,0.014266960083904465
Contrastive,sweep2d_gemma_L2_Health__Go_fineweb_60deg.pkl,2.240854578771785,0.009125313728748282,-0.0665961234315653,0.009750827796896224
Contrastive,sweep2d_gemma_L2_Health__Haskell_fineweb_60deg.pkl,2.160929235395877,0.012033776221476325,-0.04793912567382783,0.012091170293855308
Contrastive,sweep2d_gemma_L2_Health__Italian_fineweb_60deg.pkl,1.9651074846236065,0.01807552018141373,0.008411643581260612,0.018042572232421547
Contrastive,sweep2d_gemma_L2_Health__Japanese_fineweb_60deg.pkl,2.3710020125914304,0.015263468552958907,-0.09515347879455209,0.017455721443492146
Contrastive,sweep2d_gemma_L2_Health__JavaScript_fineweb_60deg.pkl,2.251000310638019,0.009862722247421003,-0.06808225186637841,0.011461136252322464
Contrastive,sweep2d_gemma_L2_Health__Java_fineweb_60deg.pkl,2.234200934245321,0.01318440531883271,-0.06461452038884469,0.014620049135069835
Contrastive,sweep2d_gemma_L2_Health__Lisp_fineweb_60deg.pkl,2.336969925514025,0.005210223572756563,-0.0883058012994294,0.004731121160110879
Contrastive,sweep2d_gemma_L2_Health__Literary_fineweb_60deg.pkl,1.950759729592188,0.009692885090103333,0.01578543600789418,0.009409701105877265
Contrastive,sweep2d_gemma_L2_Health__Number_fineweb_60deg.pkl,1.7254342859473704,0.013216074393897612,0.10402609892000536,0.015639977800470165
Contrastive,sweep2d_gemma_L2_Health__Person_fineweb_60deg.pkl,2.0861155969275478,0.005854107884794571,-0.02510297324905237,0.0065680578246415265
Contrastive,sweep2d_gemma_L2_Health__Portuguese_fineweb_60deg.pkl,1.9911386611850348,0.02232517515684571,-0.0015229958936653432,0.022119329244732987
Contrastive,sweep2d_gemma_L2_Health__Python_fineweb_60deg.pkl,2.2171077471240204,0.006432184846571077,-0.0602034636715155,0.007428655729149657
Contrastive,sweep2d_gemma_L2_Health__Russian_fineweb_60deg.pkl,2.387342438205584,0.021207051500294317,-0.10005019879639486,0.022966813395986947
Contrastive,sweep2d_gemma_L2_Health__Rust_fineweb_60deg.pkl,2.182761694610248,0.008841035261107277,-0.051675033688564145,0.00941537347092982
Contrastive,sweep2d_gemma_L2_Health__Spanish_fineweb_60deg.pkl,1.997901329627205,0.023002682142620263,-0.004232187745707999,0.022750477516476443
Contrastive,sweep2d_gemma_L2_Health__Status_fineweb_60deg.pkl,2.0209430163347912,0.003916286907579936,-0.00624398960002747,0.004044487321454868
Contrastive,sweep2d_gemma_L2_Health__Tense_fineweb_60deg.pkl,2.0731118023662516,0.00608634926727711,-0.024498935748799043,0.005203124766349489
Contrastive,sweep2d_gemma_L2_Health__TypeScript_fineweb_60deg.pkl,2.199366355542383,0.011382457221281669,-0.056690941025164344,0.011943434894546464
Contrastive,sweep2d_gemma_L2_Honesty__Chinese_fineweb_60deg.pkl,2.6004313470072677,0.025921615737742078,-0.1395336957638802,0.027649063409629016
Contrastive,sweep2d_gemma_L2_Honesty__Dutch_fineweb_60deg.pkl,2.492482325427178,0.016386218984622888,-0.1195576587413914,0.018211493884124914
Contrastive,sweep2d_gemma_L2_Honesty__French_fineweb_60deg.pkl,2.1908709931732315,0.01904705374448607,-0.05632486845104679,0.019461997812751992
Contrastive,sweep2d_gemma_L2_Honesty__German_fineweb_60deg.pkl,2.452047224024145,0.015464143193328903,-0.11137021698986493,0.016616371521123306
Contrastive,sweep2d_gemma_L2_Honesty__Go_fineweb_60deg.pkl,2.4730586810223376,0.010081643920961673,-0.11474633386787948,0.010610059583961088
Contrastive,sweep2d_gemma_L2_Honesty__Italian_fineweb_60deg.pkl,2.286681757883754,0.012732111065762748,-0.07648480189725756,0.014100784119522411
Contrastive,sweep2d_gemma_L2_Honesty__Literary_fineweb_60deg.pkl,2.211236396134569,0.017935226870770305,-0.06250072696217109,0.01808775449987333
Contrastive,sweep2d_gemma_L2_Honesty__Portuguese_fineweb_60deg.pkl,2.342511457358696,0.014812763760797291,-0.08885277640588327,0.015813249054695142
Contrastive,sweep2d_gemma_L2_Honesty__Python_fineweb_60deg.pkl,2.2544896607715295,0.01412978820667248,-0.07231252703062914,0.014136579041881167
Contrastive,sweep2d_gemma_L2_Honesty__Rust_fineweb_60deg.pkl,2.5836659566375437,0.00407128680462166,-0.13252494435643264,0.005208343260024777
Contrastive,sweep2d_gemma_L2_Honesty__Spanish_fineweb_60deg.pkl,2.3178104516201645,0.015087656847748179,-0.08410301103285092,0.017058388650666414
Contrastive,sweep2d_gemma_L2_Honesty__TypeScript_fineweb_60deg.pkl,2.4663796638621043,0.008684881883039794,-0.11282474418775801,0.010186193887251449
Contrastive,sweep2d_gemma_L2_Literary__Chinese_fineweb_60deg.pkl,2.9144596401119274,0.021955825929525153,-0.18400230538264606,0.02151577564869862
Contrastive,sweep2d_gemma_L2_Literary__Dutch_fineweb_60deg.pkl,2.5274240665750507,0.009754880936426586,-0.11992686111733206,0.01540965097861311
Contrastive,sweep2d_gemma_L2_Literary__French_fineweb_60deg.pkl,2.656939925701242,0.013783117188583468,-0.14184348367704136,0.01928915480646734
Contrastive,sweep2d_gemma_L2_Literary__German_fineweb_60deg.pkl,2.7147272468129118,0.014229383082517985,-0.15213890139044256,0.014699767550728687
Contrastive,sweep2d_gemma_L2_Literary__Italian_fineweb_60deg.pkl,2.9583370304869363,0.00815759634788596,-0.17841813764183537,0.016408087119638228
Contrastive,sweep2d_gemma_L2_Literary__Japanese_fineweb_60deg.pkl,2.602063172222787,0.02081890062950475,-0.1373122963533493,0.02163653865782248
Contrastive,sweep2d_gemma_L2_Literary__Portuguese_fineweb_60deg.pkl,2.7636364169699,0.01434584693482914,-0.15662011083367727,0.020870725990166206
Contrastive,sweep2d_gemma_L2_Literary__Russian_fineweb_60deg.pkl,2.9395480547160653,0.013249671488615328,-0.17655076901444083,0.0223226122100751
Contrastive,sweep2d_gemma_L2_Literary__Spanish_fineweb_60deg.pkl,2.9530634342300175,0.013356689813467545,-0.17826211827561927,0.02279123109390729
Contrastive,sweep2d_gemma_L2_Number__Arabic_fineweb_60deg.pkl,3.5948914705135544,0.020847645647616566,-0.24739713980256606,0.021341248521239295
Contrastive,sweep2d_gemma_L2_Number__Chinese_fineweb_60deg.pkl,3.6731760232998814,0.019670073403930514,-0.2564602455406205,0.012815640816130028
Contrastive,sweep2d_gemma_L2_Number__Cpp_fineweb_60deg.pkl,2.1308647336596906,0.014409167147219336,-0.04523845795740234,0.012443533799705198
Contrastive,sweep2d_gemma_L2_Number__Dutch_fineweb_60deg.pkl,3.1350222174748077,0.006043221759129603,-0.19889150060596833,0.011938740506403086
Contrastive,sweep2d_gemma_L2_Number__French_fineweb_60deg.pkl,2.778371668413519,0.010172856209403964,-0.16217945981478535,0.012053944822973742
Contrastive,sweep2d_gemma_L2_Number__German_fineweb_60deg.pkl,2.5952068041938583,0.006713407249044401,-0.13166584671279238,0.012186889593534984
Contrastive,sweep2d_gemma_L2_Number__Go_fineweb_60deg.pkl,2.2352464370357525,0.011026063827092885,-0.0688291741641891,0.009211335324099698
Contrastive,sweep2d_gemma_L2_Number__Haskell_fineweb_60deg.pkl,2.2643057652578875,0.00929231866481925,-0.07543823835907823,0.007019137655257446
Contrastive,sweep2d_gemma_L2_Number__Honesty_fineweb_60deg.pkl,2.079381931584907,0.0178371572768134,-0.031484559176972876,0.01689974220468937
Contrastive,sweep2d_gemma_L2_Number__Italian_fineweb_60deg.pkl,2.736941817982498,0.01549629709888115,-0.15595881364977313,0.018907732517587466
Contrastive,sweep2d_gemma_L2_Number__Japanese_fineweb_60deg.pkl,3.8060217042864144,0.01526424136668065,-0.25731332541625024,0.01448889456074866
Contrastive,sweep2d_gemma_L2_Number__JavaScript_fineweb_60deg.pkl,2.272063682988599,0.013016499936220458,-0.07850894069795816,0.010549779422388864
Contrastive,sweep2d_gemma_L2_Number__Java_fineweb_60deg.pkl,2.238307935260416,0.011926038456106812,-0.07002877592200461,0.0097274447687376
Contrastive,sweep2d_gemma_L2_Number__Lisp_fineweb_60deg.pkl,2.14259651511178,0.013287668771172215,-0.04667803327910188,0.011924803730557185
Contrastive,sweep2d_gemma_L2_Number__Literary_fineweb_60deg.pkl,2.8172070327190664,0.009577195329112298,-0.16851479595754124,0.004407190286998541
Contrastive,sweep2d_gemma_L2_Number__Portuguese_fineweb_60deg.pkl,3.165024149637666,0.016730011173743366,-0.20747709509808238,0.01963120843650815
Contrastive,sweep2d_gemma_L2_Number__Python_fineweb_60deg.pkl,2.2056209539076588,0.010283420726342266,-0.06208314825304915,0.007805065096032222
Contrastive,sweep2d_gemma_L2_Number__Refusal_fineweb_60deg.pkl,2.0488933437610504,0.007576830617265704,-0.018116148712630824,0.007108049287202169
Contrastive,sweep2d_gemma_L2_Number__Russian_fineweb_60deg.pkl,3.371976023883356,0.017369675905357793,-0.2293398046079694,0.013123347270903082
Contrastive,sweep2d_gemma_L2_Number__Rust_fineweb_60deg.pkl,2.217448475939564,0.012322366265849172,-0.06564350706648506,0.009614527284092648
Contrastive,sweep2d_gemma_L2_Number__Spanish_fineweb_60deg.pkl,3.0595255010620375,0.023582677651335437,-0.20159569143755302,0.024994840104230278
Contrastive,sweep2d_gemma_L2_Number__Status_fineweb_60deg.pkl,1.9491385801888788,0.014563997621265094,0.01164193438898788,0.014520951843339035
Contrastive,sweep2d_gemma_L2_Number__TypeScript_fineweb_60deg.pkl,2.2353477135818443,0.008492064584393328,-0.06786367263743062,0.0065882615779127955
Contrastive,sweep2d_gemma_L2_Person__Arabic_fineweb_60deg.pkl,2.6339797304338934,0.024893447120782203,-0.14636871350177794,0.02639196181294921
Contrastive,sweep2d_gemma_L2_Person__Chinese_fineweb_60deg.pkl,2.5940196475620216,0.02322777961316886,-0.13729348581750664,0.026542904391958992
Contrastive,sweep2d_gemma_L2_Person__Cpp_fineweb_60deg.pkl,2.4071947048774684,0.0030987643449907386,-0.10026238987463573,0.0066160077731881655
Contrastive,sweep2d_gemma_L2_Person__Dutch_fineweb_60deg.pkl,2.4797487236700997,0.019701873901216305,-0.11706558417102808,0.022964590471785486
Contrastive,sweep2d_gemma_L2_Person__French_fineweb_60deg.pkl,2.5151898485697286,0.02349458376677966,-0.12835928366928767,0.025555599333776425
Contrastive,sweep2d_gemma_L2_Person__German_fineweb_60deg.pkl,2.306261574607941,0.025099292734875447,-0.08762772624329285,0.025988803302309668
Contrastive,sweep2d_gemma_L2_Person__Go_fineweb_60deg.pkl,2.321496053640872,0.003588485764890348,-0.08352575162373746,0.005146765650703045
Contrastive,sweep2d_gemma_L2_Person__Haskell_fineweb_60deg.pkl,2.3313870873282707,0.009552980139429535,-0.08694472691826413,0.009801913193544039
Contrastive,sweep2d_gemma_L2_Person__Honesty_fineweb_60deg.pkl,2.184662365151034,0.01423393719116178,-0.05322839262239063,0.015150408322147473
Contrastive,sweep2d_gemma_L2_Person__Italian_fineweb_60deg.pkl,2.6855282609956594,0.024780128590898023,-0.15687585900642026,0.02598043575385007
Contrastive,sweep2d_gemma_L2_Person__Japanese_fineweb_60deg.pkl,2.8264707349753326,0.016534083556106603,-0.16937515240438705,0.021038391817702742
Contrastive,sweep2d_gemma_L2_Person__JavaScript_fineweb_60deg.pkl,2.310019012116478,0.005125309995239074,-0.08177390769737293,0.006272766000388157
Contrastive,sweep2d_gemma_L2_Person__Java_fineweb_60deg.pkl,2.3951143686608,0.004424171576680576,-0.09823530740597701,0.007394516900473871
Contrastive,sweep2d_gemma_L2_Person__Lisp_fineweb_60deg.pkl,2.3620545810711207,0.009525152520356711,-0.09311542146033598,0.011272738055434552
Contrastive,sweep2d_gemma_L2_Person__Literary_fineweb_60deg.pkl,2.213842743480911,0.009168370664623424,-0.06030510834825556,0.00928389699910693
Contrastive,sweep2d_gemma_L2_Person__Portuguese_fineweb_60deg.pkl,2.648683022592646,0.026255703522376394,-0.14856015510284212,0.029706920820766588
Contrastive,sweep2d_gemma_L2_Person__Python_fineweb_60deg.pkl,2.217094702051506,0.004747520392490598,-0.05913705929314082,0.007192904211267321
Contrastive,sweep2d_gemma_L2_Person__Refusal_fineweb_60deg.pkl,1.9335378109596677,0.003919706943776522,0.021438978728562697,0.004379380852684469
Contrastive,sweep2d_gemma_L2_Person__Russian_fineweb_60deg.pkl,2.923124947466691,0.014056280790265007,-0.17642994406679888,0.020607656070276884
Contrastive,sweep2d_gemma_L2_Person__Rust_fineweb_60deg.pkl,2.2994131648644855,0.0045576201225374004,-0.07804715701913602,0.007179918902680352
Contrastive,sweep2d_gemma_L2_Person__Spanish_fineweb_60deg.pkl,2.6699254371070125,0.026939401916769377,-0.15108633744591327,0.030577647943770835
Contrastive,sweep2d_gemma_L2_Person__Status_fineweb_60deg.pkl,2.17019032909276,0.013586974620319011,-0.05168698168965091,0.013536759190380266
Contrastive,sweep2d_gemma_L2_Person__TypeScript_fineweb_60deg.pkl,2.210219593571085,0.004346634005453445,-0.05927446680076406,0.004207792195817373
Contrastive,sweep2d_gemma_L2_Refusal__Arabic_fineweb_60deg.pkl,2.775844005170321,0.014874742383517554,-0.16085182730894465,0.018326275328319878
Contrastive,sweep2d_gemma_L2_Refusal__Chinese_fineweb_60deg.pkl,2.9737075975801135,0.014976885096793542,-0.1840950492552839,0.02247739245961133
Contrastive,sweep2d_gemma_L2_Refusal__Cpp_fineweb_60deg.pkl,2.5960547908343763,0.014556258811269483,-0.13437131386446466,0.018134012652854886
Contrastive,sweep2d_gemma_L2_Refusal__Dutch_fineweb_60deg.pkl,2.7106679554907642,0.008078790366354893,-0.1513958165607944,0.012831396152438466
Contrastive,sweep2d_gemma_L2_Refusal__French_fineweb_60deg.pkl,2.695886096548316,0.009792439956850855,-0.1486699204977347,0.01416744610631402
Contrastive,sweep2d_gemma_L2_Refusal__German_fineweb_60deg.pkl,2.7165973941207544,0.014308148818850215,-0.15199244890800923,0.01838764535013298
Contrastive,sweep2d_gemma_L2_Refusal__Go_fineweb_60deg.pkl,2.6748566674733225,0.014026918720756018,-0.14636118473908732,0.01809907117181895
Contrastive,sweep2d_gemma_L2_Refusal__Haskell_fineweb_60deg.pkl,2.6206739032359296,0.013309657866207684,-0.1386158163407639,0.014359193253419104
Contrastive,sweep2d_gemma_L2_Refusal__Italian_fineweb_60deg.pkl,2.785050179684482,0.008324286603888896,-0.1603608852126167,0.013652379768734417
Contrastive,sweep2d_gemma_L2_Refusal__Japanese_fineweb_60deg.pkl,2.860948434236547,0.013602833801912306,-0.17080248211589316,0.020471613213360676
Contrastive,sweep2d_gemma_L2_Refusal__JavaScript_fineweb_60deg.pkl,2.5907953025936354,0.011767463104377901,-0.13284240357447366,0.015547665377159278
Contrastive,sweep2d_gemma_L2_Refusal__Java_fineweb_60deg.pkl,2.557013363479948,0.01494676598716714,-0.12841355388292974,0.018307744288328733
Contrastive,sweep2d_gemma_L2_Refusal__Lisp_fineweb_60deg.pkl,2.361377068480249,0.013391099657720491,-0.09458897824712166,0.013187442857714919
Contrastive,sweep2d_gemma_L2_Refusal__Literary_fineweb_60deg.pkl,2.479999474789234,0.006809086609033839,-0.1167192360680635,0.0061658037124397175
Contrastive,sweep2d_gemma_L2_Refusal__Portuguese_fineweb_60deg.pkl,2.770420356090794,0.00857706771198603,-0.15765020566904026,0.01430038229155367
Contrastive,sweep2d_gemma_L2_Refusal__Python_fineweb_60deg.pkl,2.4920416826945195,0.010544812439762272,-0.11703849450574262,0.012786947414298913
Contrastive,sweep2d_gemma_L2_Refusal__Russian_fineweb_60deg.pkl,3.2203538785577734,0.011454318010164926,-0.20502591341403,0.023911940248015105
Contrastive,sweep2d_gemma_L2_Refusal__Rust_fineweb_60deg.pkl,2.6711729673317968,0.007552620546594703,-0.1441927567443644,0.010960917673153301
Contrastive,sweep2d_gemma_L2_Refusal__Spanish_fineweb_60deg.pkl,2.7792951933497103,0.009014481690464801,-0.1591272665563164,0.015712664054093092
Contrastive,sweep2d_gemma_L2_Refusal__TypeScript_fineweb_60deg.pkl,2.6531091182643673,0.012896814696631486,-0.14355198255087995,0.016278215986831684
Contrastive,sweep2d_gemma_L2_Sentiment__Age_fineweb_60deg.pkl,2.0132091945379846,0.00472620820629758,-0.00490880235948999,0.004697931379467685
Contrastive,sweep2d_gemma_L2_Sentiment__Arabic_fineweb_60deg.pkl,2.3347472413356747,0.013191576138884503,-0.08798163259475819,0.014189842722745651
Contrastive,sweep2d_gemma_L2_Sentiment__Chinese_fineweb_60deg.pkl,2.486283726173111,0.018175775568066634,-0.11992364697643419,0.020498970131649967
Contrastive,sweep2d_gemma_L2_Sentiment__Cpp_fineweb_60deg.pkl,2.327176095194351,0.01267315528136631,-0.09137945343980274,0.012284012282026132
Contrastive,sweep2d_gemma_L2_Sentiment__Dutch_fineweb_60deg.pkl,2.4579470259237244,0.006712548447110556,-0.11001683884395644,0.01041205471267128
Contrastive,sweep2d_gemma_L2_Sentiment__Era_fineweb_60deg.pkl,1.9399380542801306,0.007171777468956772,0.018727132652073222,0.00735583080696485
Contrastive,sweep2d_gemma_L2_Sentiment__French_fineweb_60deg.pkl,2.334013952005231,0.008166479536691302,-0.08622946620895622,0.010202551637843631
Contrastive,sweep2d_gemma_L2_Sentiment__German_fineweb_60deg.pkl,2.3848052818486662,0.009067546723368854,-0.097751253548682,0.011127326329917614
Contrastive,sweep2d_gemma_L2_Sentiment__Go_fineweb_60deg.pkl,2.331526434708417,0.015285765180815583,-0.09240675347734983,0.015050020069672484
Contrastive,sweep2d_gemma_L2_Sentiment__Haskell_fineweb_60deg.pkl,2.3580005930252566,0.012216784661540575,-0.09747330566770408,0.010341631084982568
Contrastive,sweep2d_gemma_L2_Sentiment__Italian_fineweb_60deg.pkl,2.270229368308451,0.009503917811062893,-0.07295078628907982,0.011024260226826487
Contrastive,sweep2d_gemma_L2_Sentiment__Japanese_fineweb_60deg.pkl,2.363974674406042,0.01447174307382722,-0.09320942239557634,0.016238468046615332
Contrastive,sweep2d_gemma_L2_Sentiment__JavaScript_fineweb_60deg.pkl,2.3502558022713713,0.011949183498896513,-0.09574804826725129,0.008609194434318054
Contrastive,sweep2d_gemma_L2_Sentiment__Java_fineweb_60deg.pkl,2.388753353091088,0.01292327298722534,-0.1040264246996452,0.012347934800409925
Contrastive,sweep2d_gemma_L2_Sentiment__Lisp_fineweb_60deg.pkl,2.3494250434472117,0.015755338698847033,-0.0973393560757179,0.015578405623098972
Contrastive,sweep2d_gemma_L2_Sentiment__Literary_fineweb_60deg.pkl,2.234659994536383,0.004969050091945084,-0.0658780600091048,0.003803840239220718
Contrastive,sweep2d_gemma_L2_Sentiment__Number_fineweb_60deg.pkl,1.8882242931216147,0.018580751114171363,0.03177498865415848,0.018998945349842217
Contrastive,sweep2d_gemma_L2_Sentiment__Person_fineweb_60deg.pkl,2.3142702657898178,0.0026465457013851645,-0.08182488260482113,0.00476263927539859
Contrastive,sweep2d_gemma_L2_Sentiment__Portuguese_fineweb_60deg.pkl,2.2900122329907138,0.012180244925370147,-0.0766713461103489,0.01444878100049075
Contrastive,sweep2d_gemma_L2_Sentiment__Python_fineweb_60deg.pkl,2.325107308350083,0.017201888564304036,-0.0916713952262097,0.016966393955427272
Contrastive,sweep2d_gemma_L2_Sentiment__Russian_fineweb_60deg.pkl,2.3920387703418404,0.012875170604695882,-0.09780984567097582,0.015567127257060021
Contrastive,sweep2d_gemma_L2_Sentiment__Rust_fineweb_60deg.pkl,2.338226149251405,0.013363353372362892,-0.09327342685687236,0.012112777510702855
Contrastive,sweep2d_gemma_L2_Sentiment__Spanish_fineweb_60deg.pkl,2.3105400924444437,0.012921800196211121,-0.08146143551728718,0.01510810776358961
Contrastive,sweep2d_gemma_L2_Sentiment__Status_fineweb_60deg.pkl,2.1707774821341372,0.00571600060800594,-0.04968572922490864,0.005933377691966249
Contrastive,sweep2d_gemma_L2_Sentiment__Tense_fineweb_60deg.pkl,2.0935785161707474,0.007800938855333284,-0.031145188623781107,0.007088644129735977
Contrastive,sweep2d_gemma_L2_Sentiment__TypeScript_fineweb_60deg.pkl,2.376907506050215,0.014924729093236984,-0.10151112826850722,0.014357108351194173
Contrastive,sweep2d_gemma_L2_Status__Chinese_fineweb_60deg.pkl,2.702695223910174,0.016281225194549873,-0.14910754598081807,0.02189593441959502
Contrastive,sweep2d_gemma_L2_Status__Cpp_fineweb_60deg.pkl,2.406459444343319,0.005118226115968421,-0.10260327369431924,0.002711822106483929
Contrastive,sweep2d_gemma_L2_Status__Dutch_fineweb_60deg.pkl,2.476120402143936,0.016123327248864106,-0.1172569419074869,0.017839641751386127
Contrastive,sweep2d_gemma_L2_Status__French_fineweb_60deg.pkl,2.3640833813644617,0.018786817623095323,-0.09600229363030269,0.02000272960441785
Contrastive,sweep2d_gemma_L2_Status__German_fineweb_60deg.pkl,2.457867010881005,0.01903824786072594,-0.11664851184240259,0.018845074192170286
Contrastive,sweep2d_gemma_L2_Status__Go_fineweb_60deg.pkl,2.440479112648171,0.006986523914822319,-0.10985146553638739,0.004085418952466321
Contrastive,sweep2d_gemma_L2_Status__Haskell_fineweb_60deg.pkl,2.6771394098255197,0.0073861736175672875,-0.14941923864271453,0.004746057731918429
Contrastive,sweep2d_gemma_L2_Status__Italian_fineweb_60deg.pkl,2.3332348558940845,0.017942176333809783,-0.08924220140541318,0.01881506771299744
Contrastive,sweep2d_gemma_L2_Status__Japanese_fineweb_60deg.pkl,2.7255061365552433,0.00682646606880581,-0.15088469572844265,0.013829552659455256
Contrastive,sweep2d_gemma_L2_Status__JavaScript_fineweb_60deg.pkl,2.3890995821578267,0.006254918418329895,-0.09928216505994668,0.005954065946008186
Contrastive,sweep2d_gemma_L2_Status__Java_fineweb_60deg.pkl,2.312724900418076,0.004520035122581584,-0.08271414550331324,0.004770625924367109
Contrastive,sweep2d_gemma_L2_Status__Lisp_fineweb_60deg.pkl,2.3701139108965683,0.003968173649287206,-0.09459290447783686,0.003576326096191466
Contrastive,sweep2d_gemma_L2_Status__Literary_fineweb_60deg.pkl,2.2316499956338984,0.005128381155689595,-0.06338532276439339,0.0066443906352910125
Contrastive,sweep2d_gemma_L2_Status__Portuguese_fineweb_60deg.pkl,2.416413152034889,0.020992089145462415,-0.10697717486657073,0.022475044988935777
Contrastive,sweep2d_gemma_L2_Status__Python_fineweb_60deg.pkl,2.2699412899689326,0.004897091564019457,-0.07301921447073802,0.006007882032197159
Contrastive,sweep2d_gemma_L2_Status__Refusal_fineweb_60deg.pkl,2.334782966433453,0.0063880804288221765,-0.08524790616896652,0.009519879606924518
Contrastive,sweep2d_gemma_L2_Status__Rust_fineweb_60deg.pkl,2.5360458926827687,0.008858722037331034,-0.1279501220184504,0.004865430608366591
Contrastive,sweep2d_gemma_L2_Status__Spanish_fineweb_60deg.pkl,2.362772402318024,0.017066553575784366,-0.09561694438389129,0.01941973720866914
Contrastive,sweep2d_gemma_L2_Status__TypeScript_fineweb_60deg.pkl,2.4247408334556986,0.009089166853109001,-0.10825145983415436,0.005065618369552438
Contrastive,sweep2d_gemma_L2_Tense__Arabic_fineweb_60deg.pkl,4.2756500855541635,0.018257728463505436,-0.29583045182829915,0.016419566839184767
Contrastive,sweep2d_gemma_L2_Tense__Chinese_fineweb_60deg.pkl,4.383293001344393,0.03931571513310978,-0.3363500970925979,0.0108702837358583
Contrastive,sweep2d_gemma_L2_Tense__Cpp_fineweb_60deg.pkl,2.1485136602487778,0.016054566807034897,-0.04257339193180833,0.01776318298985542
Contrastive,sweep2d_gemma_L2_Tense__Dutch_fineweb_60deg.pkl,3.9529159531254945,0.02692802111545023,-0.2817625534198581,0.01935300439771491
Contrastive,sweep2d_gemma_L2_Tense__French_fineweb_60deg.pkl,5.308717122106855,0.027042523884883877,-0.3443805056767077,0.017381386846534463
Contrastive,sweep2d_gemma_L2_Tense__German_fineweb_60deg.pkl,3.9850016544700555,0.025190036934270035,-0.28350813793560653,0.01678940407229862
Contrastive,sweep2d_gemma_L2_Tense__Go_fineweb_60deg.pkl,2.3180329891679294,0.017099322571649166,-0.08355161011153851,0.01983327241594603
Contrastive,sweep2d_gemma_L2_Tense__Haskell_fineweb_60deg.pkl,2.024007236528411,0.027735473614942847,-0.017310867988273904,0.027340886858609977
Contrastive,sweep2d_gemma_L2_Tense__Honesty_fineweb_60deg.pkl,1.993626096532473,0.00874974035805198,-0.0013060498142295277,0.008695578912908793
Contrastive,sweep2d_gemma_L2_Tense__Italian_fineweb_60deg.pkl,5.187174869738402,0.022977993032406524,-0.3325359289105556,0.021184469791970903
Contrastive,sweep2d_gemma_L2_Tense__Japanese_fineweb_60deg.pkl,4.902230741021141,0.01932290284078767,-0.3129145897182114,0.024483352502825746
Contrastive,sweep2d_gemma_L2_Tense__JavaScript_fineweb_60deg.pkl,2.249393868928954,0.01729830169330081,-0.06722599397582897,0.01976580490911659
Contrastive,sweep2d_gemma_L2_Tense__Java_fineweb_60deg.pkl,2.170960741602557,0.016901570981590598,-0.04810098388113129,0.018538121683139366
Contrastive,sweep2d_gemma_L2_Tense__Lisp_fineweb_60deg.pkl,2.326629900807686,0.02622969510685081,-0.0901291413370963,0.02859916380976485
Contrastive,sweep2d_gemma_L2_Tense__Literary_fineweb_60deg.pkl,2.2251463197229153,0.016972787419719682,-0.06539654031687063,0.016949921787731963
Contrastive,sweep2d_gemma_L2_Tense__Number_fineweb_60deg.pkl,1.5440395772347597,0.010646707919607824,0.21478486141683473,0.008690212777071682
Contrastive,sweep2d_gemma_L2_Tense__Person_fineweb_60deg.pkl,2.406847988358091,0.012891974288056779,-0.10938111803009168,0.010686451197936809
Contrastive,sweep2d_gemma_L2_Tense__Portuguese_fineweb_60deg.pkl,4.887787410839616,0.041690855771520235,-0.3618729936053023,0.014178080752919183
Contrastive,sweep2d_gemma_L2_Tense__Python_fineweb_60deg.pkl,2.24951403776766,0.019398843157046194,-0.06979068857643615,0.021356885689766892
Contrastive,sweep2d_gemma_L2_Tense__Refusal_fineweb_60deg.pkl,1.6698118092938579,0.0074870133630288525,0.1371470851813102,0.008656069972361496
Contrastive,sweep2d_gemma_L2_Tense__Rust_fineweb_60deg.pkl,2.409141088142849,0.010165939741015262,-0.1004714001862755,0.01398511923621251
Contrastive,sweep2d_gemma_L2_Tense__Spanish_fineweb_60deg.pkl,4.835393742671571,0.03468160626351155,-0.34718248584162603,0.015218356553756106
Contrastive,sweep2d_gemma_L2_Tense__Status_fineweb_60deg.pkl,1.921735735009584,0.023712542250629805,0.012540414899932814,0.02466183597143176
Contrastive,sweep2d_gemma_L2_Tense__TypeScript_fineweb_60deg.pkl,2.2843316102524494,0.011341612921378424,-0.07566371985252206,0.012792540359693743
Contrastive,sweep2d_gemma_L2_Wealth__Age_fineweb_60deg.pkl,2.1743128882395313,0.007323154333883887,-0.0501758479384394,0.008299015554870878
Contrastive,sweep2d_gemma_L2_Wealth__Arabic_fineweb_60deg.pkl,2.440915692949061,0.02111046638883887,-0.10847360851311336,0.02512250281229021
Contrastive,sweep2d_gemma_L2_Wealth__Chinese_fineweb_60deg.pkl,2.4116768648084257,0.014717140362148003,-0.10162586766046229,0.01819935687058681
Contrastive,sweep2d_gemma_L2_Wealth__Cpp_fineweb_60deg.pkl,2.1391623697756104,0.004667315340726155,-0.04117579875400375,0.00481694657337008
Contrastive,sweep2d_gemma_L2_Wealth__Dutch_fineweb_60deg.pkl,2.295653847923717,0.009319926558878058,-0.07706236185772626,0.0120970639999047
Contrastive,sweep2d_gemma_L2_Wealth__Era_fineweb_60deg.pkl,1.6176588705876027,0.0072984749413861705,0.16842470481746713,0.004060315708233246
Contrastive,sweep2d_gemma_L2_Wealth__French_fineweb_60deg.pkl,2.4076083165410314,0.009932120293899506,-0.0997936941133214,0.014060994570531424
Contrastive,sweep2d_gemma_L2_Wealth__Gender_fineweb_60deg.pkl,2.4041530050104023,0.012194834732440454,-0.10164773741662259,0.013300994149774719
Contrastive,sweep2d_gemma_L2_Wealth__German_fineweb_60deg.pkl,2.2950127792881285,0.013766952668743435,-0.07680979102735805,0.016468900260687706
Contrastive,sweep2d_gemma_L2_Wealth__Go_fineweb_60deg.pkl,2.220839907140207,0.0065217511196924115,-0.06292720868627646,0.005861086774549343
Contrastive,sweep2d_gemma_L2_Wealth__Haskell_fineweb_60deg.pkl,2.192744321412752,0.005255305322049388,-0.05578475077047575,0.004707595181786086
Contrastive,sweep2d_gemma_L2_Wealth__Italian_fineweb_60deg.pkl,2.1863672759984105,0.013905808620660329,-0.05265281098334047,0.015347034790674344
Contrastive,sweep2d_gemma_L2_Wealth__Japanese_fineweb_60deg.pkl,2.284777565017292,0.015112967587266183,-0.07557098239403473,0.017512735957007503
Contrastive,sweep2d_gemma_L2_Wealth__JavaScript_fineweb_60deg.pkl,2.130560208637893,0.011638977086959514,-0.04313224188063153,0.011731402405697429
Contrastive,sweep2d_gemma_L2_Wealth__Java_fineweb_60deg.pkl,2.1305929166972404,0.007794037324587777,-0.04068439975006031,0.007400598383216753
Contrastive,sweep2d_gemma_L2_Wealth__Lisp_fineweb_60deg.pkl,2.306620367621811,0.005207571336352029,-0.07984006747120956,0.00672006763874552
Contrastive,sweep2d_gemma_L2_Wealth__Literary_fineweb_60deg.pkl,2.203780214778695,0.011845330086365628,-0.060874271180707214,0.011723478170683298
Contrastive,sweep2d_gemma_L2_Wealth__Number_fineweb_60deg.pkl,1.866115121633602,0.01055176717895006,0.042940666733464306,0.01169166845347509
Contrastive,sweep2d_gemma_L2_Wealth__Person_fineweb_60deg.pkl,2.2352675417139163,0.01707034501349299,-0.06721668701616361,0.017095633168738255
Contrastive,sweep2d_gemma_L2_Wealth__Portuguese_fineweb_60deg.pkl,2.2852048541778487,0.015681742890045817,-0.0761429638818039,0.01827029804217107
Contrastive,sweep2d_gemma_L2_Wealth__Python_fineweb_60deg.pkl,2.2174571074262426,0.00495155586673175,-0.05906583349047064,0.006879547529272873
Contrastive,sweep2d_gemma_L2_Wealth__Refusal_fineweb_60deg.pkl,1.9522573624145956,0.003723496181138165,0.015974274633566737,0.0035116621832918865
Contrastive,sweep2d_gemma_L2_Wealth__Russian_fineweb_60deg.pkl,2.4040093229150097,0.010146969349899134,-0.09875964520252371,0.013593700052231391
Contrastive,sweep2d_gemma_L2_Wealth__Rust_fineweb_60deg.pkl,2.220105006633758,0.007615016892341406,-0.0618829018585239,0.007822856461574806
Contrastive,sweep2d_gemma_L2_Wealth__Spanish_fineweb_60deg.pkl,2.2716217106859538,0.012732267147999656,-0.0727503857771515,0.014729208965402037
Contrastive,sweep2d_gemma_L2_Wealth__Tense_fineweb_60deg.pkl,1.9305015134239059,0.00998764637133217,0.020410121403577914,0.010199005894284647
Contrastive,sweep2d_gemma_L2_Wealth__TypeScript_fineweb_60deg.pkl,2.16027596092478,0.007523308105956523,-0.04768016429180995,0.007630335063032365
MELBO,sweep2d_gemma_L2_melbo_000__melbo_001_fineweb_60deg_dirmelbo.pkl,2.7498292124925356,0.029764629894506532,-0.1621241830857108,0.03721126097472738
MELBO,sweep2d_gemma_L2_melbo_000__melbo_002_fineweb_60deg_dirmelbo.pkl,2.0011486063195387,0.035540619093399506,-0.01408727117501988,0.0351136028027235
MELBO,sweep2d_gemma_L2_melbo_000__melbo_003_fineweb_60deg_dirmelbo.pkl,1.7611556627866356,0.015609658560721799,0.0865833993828227,0.015776167484117688
MELBO,sweep2d_gemma_L2_melbo_000__melbo_004_fineweb_60deg_dirmelbo.pkl,2.9301329613606226,0.027154506268773627,-0.1813601071964401,0.03637637942627754
MELBO,sweep2d_gemma_L2_melbo_000__melbo_005_fineweb_60deg_dirmelbo.pkl,1.809430880026314,0.029674235889876204,0.05780755873925203,0.02909461101806449
MELBO,sweep2d_gemma_L2_melbo_000__melbo_006_fineweb_60deg_dirmelbo.pkl,1.806768977957164,0.016154242787983122,0.06942541392432387,0.015544719759235267
MELBO,sweep2d_gemma_L2_melbo_000__melbo_007_fineweb_60deg_dirmelbo.pkl,4.510233408036428,0.023089150749692533,-0.28171288992570015,0.0454700764775121
MELBO,sweep2d_gemma_L2_melbo_000__melbo_008_fineweb_60deg_dirmelbo.pkl,1.726469201982017,0.021222123738489824,0.10382378843135416,0.021367545193127852
MELBO,sweep2d_gemma_L2_melbo_000__melbo_009_fineweb_60deg_dirmelbo.pkl,2.7413660435752423,0.02079473154275998,-0.1533489487817913,0.02881534379268315
MELBO,sweep2d_gemma_L2_melbo_000__melbo_010_fineweb_60deg_dirmelbo.pkl,2.3477358847768524,0.009689213305950904,-0.08702430873412939,0.013812634866990352
MELBO,sweep2d_gemma_L2_melbo_000__melbo_011_fineweb_60deg_dirmelbo.pkl,2.055923157290997,0.017702831407954592,-0.022583201038168604,0.01830307825107624
MELBO,sweep2d_gemma_L2_melbo_000__melbo_012_fineweb_60deg_dirmelbo.pkl,2.0089348123830018,0.01792393504438161,-0.00741475390628736,0.018189559669539997
MELBO,sweep2d_gemma_L2_melbo_000__melbo_013_fineweb_60deg_dirmelbo.pkl,2.1295263061283127,0.019939878959816727,-0.041351119455507304,0.021151709547053876
MELBO,sweep2d_gemma_L2_melbo_000__melbo_014_fineweb_60deg_dirmelbo.pkl,1.976798197605145,0.016554753367131227,-0.00016442462047103524,0.01675593267291074
MELBO,sweep2d_gemma_L2_melbo_000__melbo_015_fineweb_60deg_dirmelbo.pkl,2.296537043111745,0.03689575124088397,-0.10866632116322399,0.03658472817880924
MELBO,sweep2d_gemma_L2_melbo_000__melbo_016_fineweb_60deg_dirmelbo.pkl,1.7169567734855293,0.06215179263066613,0.07015411383110953,0.05821256138449234
MELBO,sweep2d_gemma_L2_melbo_000__melbo_017_fineweb_60deg_dirmelbo.pkl,2.0217336057628206,0.035854055497220136,-0.024109942522252067,0.035933374154220994
MELBO,sweep2d_gemma_L2_melbo_000__melbo_018_fineweb_60deg_dirmelbo.pkl,1.97017872265872,0.03677139152802288,-0.007623281786593189,0.03694055056725405
MELBO,sweep2d_gemma_L2_melbo_000__melbo_019_fineweb_60deg_dirmelbo.pkl,2.331175559336959,0.013309751847547482,-0.08750327362144895,0.014415391741232322
MELBO,sweep2d_gemma_L2_melbo_000__melbo_020_fineweb_60deg_dirmelbo.pkl,2.026087016301015,0.038800016628452505,-0.023337389881105973,0.038736430925328136
MELBO,sweep2d_gemma_L2_melbo_000__melbo_021_fineweb_60deg_dirmelbo.pkl,2.682460121646254,0.009746274735746204,-0.14654949294611788,0.01324957094943627
MELBO,sweep2d_gemma_L2_melbo_000__melbo_022_fineweb_60deg_dirmelbo.pkl,2.260713157155992,0.010644134470973222,-0.0709436245465312,0.011366245708822756
MELBO,sweep2d_gemma_L2_melbo_000__melbo_023_fineweb_60deg_dirmelbo.pkl,2.489801570448633,0.016703705827010716,-0.11414651562968335,0.022179423537892144
MELBO,sweep2d_gemma_L2_melbo_000__melbo_024_fineweb_60deg_dirmelbo.pkl,2.2397433878268056,0.020756410079358988,-0.07143134633006276,0.020947611632738634
MELBO,sweep2d_gemma_L2_melbo_000__melbo_025_fineweb_60deg_dirmelbo.pkl,2.2905101050201506,0.010063395066146372,-0.07584059038818447,0.012687683352753752
MELBO,sweep2d_gemma_L2_melbo_000__melbo_026_fineweb_60deg_dirmelbo.pkl,2.0983475582900404,0.01961450477177858,-0.03749889449546504,0.01851724612751815
MELBO,sweep2d_gemma_L2_melbo_000__melbo_027_fineweb_60deg_dirmelbo.pkl,2.260391774176488,0.02808538131898903,-0.07565110304266916,0.03093743899102139
MELBO,sweep2d_gemma_L2_melbo_000__melbo_028_fineweb_60deg_dirmelbo.pkl,1.8948893678255283,0.013471577375239399,0.03252296762454902,0.013314960026302197
MELBO,sweep2d_gemma_L2_melbo_000__melbo_029_fineweb_60deg_dirmelbo.pkl,2.097504458710613,0.019347675110481365,-0.031010464011602294,0.02045441459412759
MELBO,sweep2d_gemma_L2_melbo_000__melbo_030_fineweb_60deg_dirmelbo.pkl,2.454585090533435,0.01220410895729403,-0.10899816216041892,0.01688279959507162
MELBO,sweep2d_gemma_L2_melbo_000__melbo_031_fineweb_60deg_dirmelbo.pkl,1.9017301648685148,0.020871488372429643,0.023265574383227964,0.021261574039899166
MELBO,sweep2d_gemma_L2_melbo_000__melbo_032_fineweb_60deg_dirmelbo.pkl,1.839589562548532,0.025086810504731747,0.05421755235860391,0.024076536625406954
MELBO,sweep2d_gemma_L2_melbo_001__melbo_002_fineweb_60deg_dirmelbo.pkl,2.3233149828116213,0.02491788322211348,-0.08949100132366677,0.02689824820337605
MELBO,sweep2d_gemma_L2_melbo_001__melbo_003_fineweb_60deg_dirmelbo.pkl,2.1983145178006076,0.017068188441398246,-0.05688412814831884,0.018881347220704784
MELBO,sweep2d_gemma_L2_melbo_001__melbo_004_fineweb_60deg_dirmelbo.pkl,2.3886880502106393,0.018844892040824502,-0.09831732359181246,0.020427210826026148
MELBO,sweep2d_gemma_L2_melbo_001__melbo_005_fineweb_60deg_dirmelbo.pkl,1.9804809027652954,0.013195046842251788,0.0057994920343272536,0.013094880828308432
MELBO,sweep2d_gemma_L2_melbo_001__melbo_006_fineweb_60deg_dirmelbo.pkl,1.8884837534881411,0.013636336494743523,0.03641622247790399,0.012808172669977913
MELBO,sweep2d_gemma_L2_melbo_001__melbo_007_fineweb_60deg_dirmelbo.pkl,2.882955411134571,0.02373054855073348,-0.1739404908132577,0.032597970854399444
MELBO,sweep2d_gemma_L2_melbo_001__melbo_008_fineweb_60deg_dirmelbo.pkl,2.008156037473992,0.017144513548094074,-0.0018602544256793455,0.017247710218550576
MELBO,sweep2d_gemma_L2_melbo_001__melbo_009_fineweb_60deg_dirmelbo.pkl,1.981832996085567,0.016661925166770876,0.0007356211494330433,0.016424535730815173
MELBO,sweep2d_gemma_L2_melbo_001__melbo_010_fineweb_60deg_dirmelbo.pkl,2.2870128235006133,0.009475139428154979,-0.07675665234497894,0.01120829789386479
MELBO,sweep2d_gemma_L2_melbo_001__melbo_011_fineweb_60deg_dirmelbo.pkl,2.786738040497815,0.01428705728004603,-0.15986039463307908,0.020304744566582315
MELBO,sweep2d_gemma_L2_melbo_001__melbo_012_fineweb_60deg_dirmelbo.pkl,2.229487051632686,0.029643077528683927,-0.07253138892171195,0.03142493014013428
MELBO,sweep2d_gemma_L2_melbo_001__melbo_013_fineweb_60deg_dirmelbo.pkl,2.858155795068861,0.022772987186738366,-0.18291907792618808,0.02562315881729452
MELBO,sweep2d_gemma_L2_melbo_001__melbo_014_fineweb_60deg_dirmelbo.pkl,2.3447976283271332,0.027782701884763592,-0.09288660920890647,0.03167327204104691
MELBO,sweep2d_gemma_L2_melbo_001__melbo_015_fineweb_60deg_dirmelbo.pkl,2.1616366324315672,0.01937889396820472,-0.04806532613570807,0.020516679388555895
MELBO,sweep2d_gemma_L2_melbo_001__melbo_016_fineweb_60deg_dirmelbo.pkl,2.224441297084339,0.025151172494372525,-0.06344798412114802,0.02767806360536686
MELBO,sweep2d_gemma_L2_melbo_001__melbo_017_fineweb_60deg_dirmelbo.pkl,2.4069989544085755,0.02114386975561221,-0.10485831946225731,0.02336182870731405
MELBO,sweep2d_gemma_L2_melbo_001__melbo_018_fineweb_60deg_dirmelbo.pkl,2.0258969120803245,0.04364972618188768,-0.03817092035093991,0.04315658824712078
MELBO,sweep2d_gemma_L2_melbo_001__melbo_019_fineweb_60deg_dirmelbo.pkl,1.7530465877688466,0.04492865570552253,0.06776421796446315,0.04291927812128837
MELBO,sweep2d_gemma_L2_melbo_001__melbo_020_fineweb_60deg_dirmelbo.pkl,2.1799079471119627,0.032410462207762086,-0.06289149690944038,0.032200965364904896
MELBO,sweep2d_gemma_L2_melbo_001__melbo_021_fineweb_60deg_dirmelbo.pkl,1.8906544116921777,0.019460641182651846,0.035007801680131845,0.01892079079926211
MELBO,sweep2d_gemma_L2_melbo_001__melbo_022_fineweb_60deg_dirmelbo.pkl,2.277701163846575,0.0226624636440806,-0.07907459511244418,0.024627031854472032
MELBO,sweep2d_gemma_L2_melbo_001__melbo_023_fineweb_60deg_dirmelbo.pkl,1.8703824127974602,0.026395487772019072,0.037407074686526605,0.02549759240856347
MELBO,sweep2d_gemma_L2_melbo_001__melbo_024_fineweb_60deg_dirmelbo.pkl,2.305195392618696,0.03532142148411081,-0.09657502668519809,0.03840464947035813
MELBO,sweep2d_gemma_L2_melbo_001__melbo_025_fineweb_60deg_dirmelbo.pkl,1.8972012731860126,0.02015664161259981,0.028657048008905946,0.020005392733946803
MELBO,sweep2d_gemma_L2_melbo_001__melbo_026_fineweb_60deg_dirmelbo.pkl,2.3730426375425964,0.01383053381093334,-0.09537409159981043,0.015082681318875876
MELBO,sweep2d_gemma_L2_melbo_001__melbo_027_fineweb_60deg_dirmelbo.pkl,2.064283470162648,0.02507606702894031,-0.022992079250717855,0.025963423907365765
MELBO,sweep2d_gemma_L2_melbo_001__melbo_028_fineweb_60deg_dirmelbo.pkl,2.0433093600700247,0.022327574046078644,-0.02426041818384675,0.022247704124190477
MELBO,sweep2d_gemma_L2_melbo_001__melbo_029_fineweb_60deg_dirmelbo.pkl,2.8761684107595586,0.015498518020374236,-0.16920417812472363,0.024010079575765106
MELBO,sweep2d_gemma_L2_melbo_001__melbo_030_fineweb_60deg_dirmelbo.pkl,1.9253663972389252,0.026820855082813663,0.015357086130097447,0.026711669324410547
MELBO,sweep2d_gemma_L2_melbo_001__melbo_031_fineweb_60deg_dirmelbo.pkl,2.3072631780530486,0.03509494958487273,-0.10208732522320428,0.036624677589858504
MELBO,sweep2d_gemma_L2_melbo_001__melbo_032_fineweb_60deg_dirmelbo.pkl,2.7508262789410023,0.033133591725756556,-0.15815078689006062,0.04202359371756326
MELBO,sweep2d_gemma_L2_melbo_002__melbo_003_fineweb_60deg_dirmelbo.pkl,1.918323831259589,0.012967277097860708,0.026064700744060632,0.012830839704572335
MELBO,sweep2d_gemma_L2_melbo_002__melbo_004_fineweb_60deg_dirmelbo.pkl,2.477997318032496,0.025258681111293525,-0.12064300895493392,0.02750923078064879
MELBO,sweep2d_gemma_L2_melbo_002__melbo_005_fineweb_60deg_dirmelbo.pkl,1.8140713967954747,0.019298550023036154,0.06268070978786576,0.02017203910085838
MELBO,sweep2d_gemma_L2_melbo_002__melbo_006_fineweb_60deg_dirmelbo.pkl,2.114769161719747,0.02121280697618988,-0.04098816921901437,0.021315352225164917
MELBO,sweep2d_gemma_L2_melbo_002__melbo_007_fineweb_60deg_dirmelbo.pkl,2.310728764807073,0.026534866352239863,-0.08884806054379593,0.02639049435519251
MELBO,sweep2d_gemma_L2_melbo_002__melbo_008_fineweb_60deg_dirmelbo.pkl,1.472629456484815,0.01708599184905815,0.2637288288374747,0.016918390153682183
MELBO,sweep2d_gemma_L2_melbo_002__melbo_009_fineweb_60deg_dirmelbo.pkl,2.3909977232298627,0.013308998348264049,-0.10150240507726502,0.013222966826390785
MELBO,sweep2d_gemma_L2_melbo_002__melbo_010_fineweb_60deg_dirmelbo.pkl,2.3195725617813356,0.01796883700127434,-0.08673686036974688,0.018940159690165718
MELBO,sweep2d_gemma_L2_melbo_002__melbo_011_fineweb_60deg_dirmelbo.pkl,2.1858243806931332,0.013491294648784947,-0.05201858307998427,0.014680771800579424
MELBO,sweep2d_gemma_L2_melbo_002__melbo_012_fineweb_60deg_dirmelbo.pkl,2.4309922555378813,0.014472711480271202,-0.10527237153695719,0.017633247184902334
MELBO,sweep2d_gemma_L2_melbo_002__melbo_014_fineweb_60deg_dirmelbo.pkl,1.8783989990783538,0.03498272635164372,0.03294195189646253,0.03358299018478397
MELBO,sweep2d_gemma_L2_melbo_002__melbo_015_fineweb_60deg_dirmelbo.pkl,2.1196518755017935,0.021945667493950383,-0.036514042282534534,0.02328408256867594
MELBO,sweep2d_gemma_L2_melbo_002__melbo_017_fineweb_60deg_dirmelbo.pkl,1.9136509652274378,0.02055294192341177,0.021369920113399016,0.02132190874211091
MELBO,sweep2d_gemma_L2_melbo_002__melbo_018_fineweb_60deg_dirmelbo.pkl,2.0870490273479745,0.03197727279161709,-0.033543408741062236,0.03283314009490153
MELBO,sweep2d_gemma_L2_melbo_002__melbo_019_fineweb_60deg_dirmelbo.pkl,1.5876887279757392,0.027656572659326716,0.17478464032822316,0.026814305769856828
MELBO,sweep2d_gemma_L2_melbo_002__melbo_020_fineweb_60deg_dirmelbo.pkl,2.062717528843131,0.021030591676244687,-0.02280170393276491,0.021671136801646514
MELBO,sweep2d_gemma_L2_melbo_002__melbo_021_fineweb_60deg_dirmelbo.pkl,2.1291466280752283,0.009443616914928989,-0.037865542853950614,0.01010910791735966
MELBO,sweep2d_gemma_L2_melbo_002__melbo_022_fineweb_60deg_dirmelbo.pkl,2.1700998025673828,0.01860372918579227,-0.054578712159103634,0.01834316212281465
MELBO,sweep2d_gemma_L2_melbo_002__melbo_023_fineweb_60deg_dirmelbo.pkl,1.8416866201149156,0.014317957148959254,0.05160518418408453,0.014753081223840888
MELBO,sweep2d_gemma_L2_melbo_002__melbo_024_fineweb_60deg_dirmelbo.pkl,2.214712032120853,0.021213301135511578,-0.06816371330065206,0.02277950532569506
MELBO,sweep2d_gemma_L2_melbo_002__melbo_025_fineweb_60deg_dirmelbo.pkl,1.3951877109009152,0.03143374880158477,0.31993277360500594,0.031397339611006735
MELBO,sweep2d_gemma_L2_melbo_002__melbo_026_fineweb_60deg_dirmelbo.pkl,2.017449483148541,0.016308765266592192,-0.011700081261907205,0.01659834518189962
MELBO,sweep2d_gemma_L2_melbo_002__melbo_027_fineweb_60deg_dirmelbo.pkl,2.029770841886626,0.04559912163449932,-0.03360873771047708,0.044829504774390856
MELBO,sweep2d_gemma_L2_melbo_002__melbo_028_fineweb_60deg_dirmelbo.pkl,2.200959515742216,0.01587886983366107,-0.05910286922725464,0.01636911199249937
MELBO,sweep2d_gemma_L2_melbo_002__melbo_029_fineweb_60deg_dirmelbo.pkl,2.3358979328830927,0.034173627674792935,-0.10325731756093169,0.033851702761273195
MELBO,sweep2d_gemma_L2_melbo_002__melbo_030_fineweb_60deg_dirmelbo.pkl,2.177917289401392,0.0185632970044062,-0.057800445582153276,0.017196640499296968
MELBO,sweep2d_gemma_L2_melbo_002__melbo_031_fineweb_60deg_dirmelbo.pkl,2.2839020164041597,0.01861705268853752,-0.07893813261521004,0.020984880477331533
MELBO,sweep2d_gemma_L2_melbo_002__melbo_032_fineweb_60deg_dirmelbo.pkl,1.9153019586862912,0.03986216191351611,0.011678480453723859,0.03966239387577717
MELBO,sweep2d_gemma_L2_melbo_003__melbo_004_fineweb_60deg_dirmelbo.pkl,3.094963843730469,0.021448929589696367,-0.1932489892733168,0.032972538495438644
MELBO,sweep2d_gemma_L2_melbo_003__melbo_005_fineweb_60deg_dirmelbo.pkl,2.1732576238560615,0.01800248133609532,-0.049678743981797696,0.019431261032854114
MELBO,sweep2d_gemma_L2_melbo_003__melbo_006_fineweb_60deg_dirmelbo.pkl,1.3013636374302033,0.0114297297759556,0.4331848386928022,0.009479488655364663
MELBO,sweep2d_gemma_L2_melbo_003__melbo_007_fineweb_60deg_dirmelbo.pkl,3.247599601222166,0.011869251833488137,-0.2091198487947662,0.017277940175342524
MELBO,sweep2d_gemma_L2_melbo_003__melbo_008_fineweb_60deg_dirmelbo.pkl,1.5791014118925368,0.00786899208427437,0.19190957366857345,0.006432526406161389
MELBO,sweep2d_gemma_L2_melbo_003__melbo_009_fineweb_60deg_dirmelbo.pkl,3.0555596343553573,0.012208334520279683,-0.1920163178406426,0.016138473212798096
MELBO,sweep2d_gemma_L2_melbo_003__melbo_010_fineweb_60deg_dirmelbo.pkl,2.086521377296153,0.012158488756654148,-0.026000254846782894,0.012744594902829446
MELBO,sweep2d_gemma_L2_melbo_003__melbo_011_fineweb_60deg_dirmelbo.pkl,4.8774572116145345,0.023128871506671967,-0.3082446966369959,0.03055448866440439
MELBO,sweep2d_gemma_L2_melbo_003__melbo_013_fineweb_60deg_dirmelbo.pkl,1.9849090686572362,0.02860298743501935,-0.00286651726626136,0.028196073641383324
MELBO,sweep2d_gemma_L2_melbo_003__melbo_015_fineweb_60deg_dirmelbo.pkl,1.3321022442713122,0.017494407534339902,0.3949251141170981,0.016257011476108457
MELBO,sweep2d_gemma_L2_melbo_003__melbo_016_fineweb_60deg_dirmelbo.pkl,1.9103120230732302,0.015590390119291354,0.023894597454904538,0.016048267539262664
MELBO,sweep2d_gemma_L2_melbo_003__melbo_017_fineweb_60deg_dirmelbo.pkl,1.3357152981380405,0.0109641970284372,0.39418656438300814,0.010582876446357848
MELBO,sweep2d_gemma_L2_melbo_003__melbo_018_fineweb_60deg_dirmelbo.pkl,1.978213742650684,0.026231963909980602,0.0030830932025313375,0.025827487581421935
MELBO,sweep2d_gemma_L2_melbo_003__melbo_019_fineweb_60deg_dirmelbo.pkl,1.6507859358218886,0.023239710031961677,0.1439344411007427,0.02007545534668168
MELBO,sweep2d_gemma_L2_melbo_003__melbo_020_fineweb_60deg_dirmelbo.pkl,3.1135162862328887,0.011144811539335114,-0.1991081874870441,0.014633514643885211
MELBO,sweep2d_gemma_L2_melbo_003__melbo_021_fineweb_60deg_dirmelbo.pkl,1.958472651914498,0.014070675707603106,0.014845171728559097,0.013570763665682953
MELBO,sweep2d_gemma_L2_melbo_003__melbo_022_fineweb_60deg_dirmelbo.pkl,2.371940444865038,0.013215694795404622,-0.09251734467943493,0.017484436110250277
MELBO,sweep2d_gemma_L2_melbo_003__melbo_023_fineweb_60deg_dirmelbo.pkl,1.9700254474808574,0.025730664625790725,0.007110066482298844,0.02532880000645332
MELBO,sweep2d_gemma_L2_melbo_003__melbo_024_fineweb_60deg_dirmelbo.pkl,1.6895394270583985,0.016426279679991006,0.12587435054206209,0.014754972426279628
MELBO,sweep2d_gemma_L2_melbo_003__melbo_025_fineweb_60deg_dirmelbo.pkl,1.72827881728532,0.01313723117920828,0.10802633073816843,0.011039579932258283
MELBO,sweep2d_gemma_L2_melbo_003__melbo_027_fineweb_60deg_dirmelbo.pkl,2.2763694221126682,0.027399965433974598,-0.08326067315377787,0.029073722332417968
MELBO,sweep2d_gemma_L2_melbo_003__melbo_028_fineweb_60deg_dirmelbo.pkl,1.2478835273802449,0.027098940884813905,0.49092480671280325,0.024664898718220033
MELBO,sweep2d_gemma_L2_melbo_003__melbo_029_fineweb_60deg_dirmelbo.pkl,2.433787715081441,0.0409234712578886,-0.1520995588381064,0.043549389168892276
MELBO,sweep2d_gemma_L2_melbo_003__melbo_030_fineweb_60deg_dirmelbo.pkl,2.804853393026515,0.020543629250210783,-0.16761692305795342,0.025056263042696106
MELBO,sweep2d_gemma_L2_melbo_003__melbo_031_fineweb_60deg_dirmelbo.pkl,1.4905670500117438,0.021118389849422815,0.2451361923657959,0.022115072130487967
MELBO,sweep2d_gemma_L2_melbo_003__melbo_032_fineweb_60deg_dirmelbo.pkl,1.710421003082075,0.030227764081959485,0.09676480606284016,0.03311794942506323
MELBO,sweep2d_gemma_L2_melbo_004__melbo_005_fineweb_60deg_dirmelbo.pkl,1.9307207651275808,0.03526914777091481,0.009994014621853058,0.03429169061392336
MELBO,sweep2d_gemma_L2_melbo_004__melbo_006_fineweb_60deg_dirmelbo.pkl,2.2415989263583573,0.015604307514109175,-0.06436229298570505,0.018179726585726266
MELBO,sweep2d_gemma_L2_melbo_004__melbo_007_fineweb_60deg_dirmelbo.pkl,2.9869401160410076,0.022721829919256566,-0.19175132517522075,0.026877799603132663
MELBO,sweep2d_gemma_L2_melbo_004__melbo_008_fineweb_60deg_dirmelbo.pkl,2.864069975739864,0.019351723313864828,-0.17155414586276266,0.026386844348457374
MELBO,sweep2d_gemma_L2_melbo_004__melbo_009_fineweb_60deg_dirmelbo.pkl,3.1261875203246303,0.029285937632005286,-0.20235837922641875,0.0402141843119399
MELBO,sweep2d_gemma_L2_melbo_004__melbo_010_fineweb_60deg_dirmelbo.pkl,2.8143163076010205,0.01995171066184571,-0.16477990526238787,0.026492133678501385
MELBO,sweep2d_gemma_L2_melbo_004__melbo_011_fineweb_60deg_dirmelbo.pkl,1.6149689883348297,0.03961956204066649,0.1474977472441659,0.03970248226784854
MELBO,sweep2d_gemma_L2_melbo_004__melbo_012_fineweb_60deg_dirmelbo.pkl,2.079687344748867,0.018312442333232894,-0.026635608939707123,0.018365432915049447
MELBO,sweep2d_gemma_L2_melbo_004__melbo_014_fineweb_60deg_dirmelbo.pkl,2.6862834550019676,0.03028556701639148,-0.16529183453971452,0.035181059558336496
MELBO,sweep2d_gemma_L2_melbo_004__melbo_015_fineweb_60deg_dirmelbo.pkl,2.398965946539507,0.02086581867960195,-0.10433546073052967,0.021683633015091155
MELBO,sweep2d_gemma_L2_melbo_004__melbo_016_fineweb_60deg_dirmelbo.pkl,2.9390440677070235,0.038938178633955135,-0.1887200982000792,0.049075007531012044
MELBO,sweep2d_gemma_L2_melbo_004__melbo_017_fineweb_60deg_dirmelbo.pkl,3.3654891624112633,0.020202189279140862,-0.2159340486305123,0.034550741641339144
MELBO,sweep2d_gemma_L2_melbo_004__melbo_018_fineweb_60deg_dirmelbo.pkl,9.999995830332294,0.015303949641559941,-0.37370784254337047,0.05394858084895081
MELBO,sweep2d_gemma_L2_melbo_004__melbo_019_fineweb_60deg_dirmelbo.pkl,3.2861112201690963,0.020221783897835154,-0.20897243313458813,0.03230351274102344
MELBO,sweep2d_gemma_L2_melbo_004__melbo_020_fineweb_60deg_dirmelbo.pkl,3.7569144654713256,0.008623877371082651,-0.24142740361393691,0.025062237878776487
MELBO,sweep2d_gemma_L2_melbo_004__melbo_021_fineweb_60deg_dirmelbo.pkl,2.7238920565783324,0.020360209046168812,-0.15399637826263787,0.02773407245439255
MELBO,sweep2d_gemma_L2_melbo_004__melbo_022_fineweb_60deg_dirmelbo.pkl,2.057359430435849,0.03442021932953017,-0.027862792944640908,0.034017474775095764
MELBO,sweep2d_gemma_L2_melbo_004__melbo_023_fineweb_60deg_dirmelbo.pkl,3.5616234200596133,0.012276009744987087,-0.22827275785621906,0.029109988535568985
MELBO,sweep2d_gemma_L2_melbo_004__melbo_024_fineweb_60deg_dirmelbo.pkl,3.3754276824210963,0.015937880150178267,-0.2200684744555633,0.02389100482525626
MELBO,sweep2d_gemma_L2_melbo_004__melbo_025_fineweb_60deg_dirmelbo.pkl,1.8466603210853993,0.026350396473608862,0.04871580597233971,0.025956995201866714
MELBO,sweep2d_gemma_L2_melbo_004__melbo_027_fineweb_60deg_dirmelbo.pkl,3.223684295392053,0.020852030109545106,-0.2178671426807426,0.018415216690923025
MELBO,sweep2d_gemma_L2_melbo_004__melbo_028_fineweb_60deg_dirmelbo.pkl,2.9570182973954005,0.02477772951561059,-0.17782760848183854,0.035644005426945354
MELBO,sweep2d_gemma_L2_melbo_004__melbo_029_fineweb_60deg_dirmelbo.pkl,3.72157460182002,0.02220468988807127,-0.24507186043594884,0.03797612104902309
MELBO,sweep2d_gemma_L2_melbo_004__melbo_030_fineweb_60deg_dirmelbo.pkl,3.2607155103788994,0.011884174687587002,-0.2105093619410564,0.02219151129156339
MELBO,sweep2d_gemma_L2_melbo_004__melbo_031_fineweb_60deg_dirmelbo.pkl,2.266788574040861,0.021464790933209958,-0.0741896517744033,0.02395407394169101
MELBO,sweep2d_gemma_L2_melbo_004__melbo_032_fineweb_60deg_dirmelbo.pkl,2.2707754102984463,0.01156185525157119,-0.07420537215356188,0.012940936546199164
MELBO,sweep2d_gemma_L2_melbo_005__melbo_006_fineweb_60deg_dirmelbo.pkl,1.929936590707667,0.015979879783923578,0.022055333826415204,0.01558845447666402
MELBO,sweep2d_gemma_L2_melbo_005__melbo_007_fineweb_60deg_dirmelbo.pkl,2.596008814190505,0.010866858093157891,-0.13260720901236217,0.014683065275876846
MELBO,sweep2d_gemma_L2_melbo_005__melbo_008_fineweb_60deg_dirmelbo.pkl,1.6324554511607265,0.010560575421603484,0.15889489205078816,0.00969590929877172
MELBO,sweep2d_gemma_L2_melbo_005__melbo_009_fineweb_60deg_dirmelbo.pkl,2.029685967087102,0.013486897793012141,-0.008883316021373178,0.013718850294299992
MELBO,sweep2d_gemma_L2_melbo_005__melbo_010_fineweb_60deg_dirmelbo.pkl,1.962794523928578,0.009624892946419453,0.01242606045314315,0.0095372664565057
MELBO,sweep2d_gemma_L2_melbo_005__melbo_011_fineweb_60deg_dirmelbo.pkl,2.322541902389307,0.01007120903716092,-0.08286427198476948,0.012339785277742606
MELBO,sweep2d_gemma_L2_melbo_005__melbo_012_fineweb_60deg_dirmelbo.pkl,1.8140274324883854,0.01306712723461329,0.06729776841280112,0.012684897528876696
MELBO,sweep2d_gemma_L2_melbo_005__melbo_013_fineweb_60deg_dirmelbo.pkl,2.1589462107687263,0.017004666146463638,-0.048937278703676305,0.017151627412122582
MELBO,sweep2d_gemma_L2_melbo_005__melbo_014_fineweb_60deg_dirmelbo.pkl,1.6555603412625342,0.02081036526401534,0.13770300838860727,0.02204157982500821
MELBO,sweep2d_gemma_L2_melbo_005__melbo_015_fineweb_60deg_dirmelbo.pkl,1.525475766853447,0.031073039830436223,0.214756868076026,0.028787062732843482
MELBO,sweep2d_gemma_L2_melbo_005__melbo_016_fineweb_60deg_dirmelbo.pkl,1.7321460518607064,0.044715273651142126,0.08206221664774616,0.04366753775216554
MELBO,sweep2d_gemma_L2_melbo_005__melbo_017_fineweb_60deg_dirmelbo.pkl,1.9225280135843186,0.022193225242915098,0.02344006819602591,0.021483730147818805
MELBO,sweep2d_gemma_L2_melbo_005__melbo_018_fineweb_60deg_dirmelbo.pkl,2.149672107827858,0.02032112993123804,-0.044494064005866446,0.021646226208548863
MELBO,sweep2d_gemma_L2_melbo_005__melbo_019_fineweb_60deg_dirmelbo.pkl,1.7301955638804727,0.023968125915826487,0.10133953497511919,0.022897455686694507
MELBO,sweep2d_gemma_L2_melbo_005__melbo_020_fineweb_60deg_dirmelbo.pkl,2.571964827896751,0.013523628434443512,-0.12985786866453233,0.019524824091794752
MELBO,sweep2d_gemma_L2_melbo_005__melbo_021_fineweb_60deg_dirmelbo.pkl,2.1785917728019104,0.012985101864664709,-0.050249751959690246,0.014166816893363085
MELBO,sweep2d_gemma_L2_melbo_005__melbo_022_fineweb_60deg_dirmelbo.pkl,1.7539891884185825,0.005446978571756452,0.09583726589675857,0.0047606500985810955
MELBO,sweep2d_gemma_L2_melbo_005__melbo_023_fineweb_60deg_dirmelbo.pkl,1.860403849701324,0.012836413607179251,0.04954890347975868,0.012026419594217902
MELBO,sweep2d_gemma_L2_melbo_005__melbo_024_fineweb_60deg_dirmelbo.pkl,1.8897835644441896,0.015456144510932558,0.03608529508550871,0.01543254552807851
MELBO,sweep2d_gemma_L2_melbo_005__melbo_025_fineweb_60deg_dirmelbo.pkl,1.481379650525918,0.016163541783180548,0.2574706608293634,0.017439397267598588
MELBO,sweep2d_gemma_L2_melbo_005__melbo_026_fineweb_60deg_dirmelbo.pkl,2.194639827916653,0.01168005053862501,-0.05599531266106174,0.012746367785546603
MELBO,sweep2d_gemma_L2_melbo_005__melbo_027_fineweb_60deg_dirmelbo.pkl,1.8553455781273593,0.01986318624372075,0.04497078882507459,0.019884610030751586
MELBO,sweep2d_gemma_L2_melbo_005__melbo_028_fineweb_60deg_dirmelbo.pkl,1.4296165250203163,0.023615820200850852,0.29545125300096603,0.02292257922940405
MELBO,sweep2d_gemma_L2_melbo_005__melbo_029_fineweb_60deg_dirmelbo.pkl,2.2263980073767446,0.006323249812506334,-0.061688453465524824,0.008196079185499477
MELBO,sweep2d_gemma_L2_melbo_005__melbo_030_fineweb_60deg_dirmelbo.pkl,2.186467780031429,0.008142824754221213,-0.05118471360000772,0.01014939632890576
MELBO,sweep2d_gemma_L2_melbo_005__melbo_031_fineweb_60deg_dirmelbo.pkl,1.5329352024516703,0.029191958303509978,0.21090380159987251,0.029721473127659638
MELBO,sweep2d_gemma_L2_melbo_005__melbo_032_fineweb_60deg_dirmelbo.pkl,1.820480204152547,0.04848917326473648,0.039082804443323856,0.045652832321134075
MELBO,sweep2d_gemma_L2_melbo_006__melbo_007_fineweb_60deg_dirmelbo.pkl,2.6223686050097443,0.022026245976387495,-0.1366000829821315,0.02880295673160641
MELBO,sweep2d_gemma_L2_melbo_006__melbo_008_fineweb_60deg_dirmelbo.pkl,1.3659642183647063,0.019948792090015353,0.35784080411036195,0.021121283580542174
MELBO,sweep2d_gemma_L2_melbo_006__melbo_009_fineweb_60deg_dirmelbo.pkl,2.1054833740150927,0.014289459525885779,-0.03169120422652902,0.01500712142981037
MELBO,sweep2d_gemma_L2_melbo_006__melbo_010_fineweb_60deg_dirmelbo.pkl,1.9788179067102887,0.011729985354225644,0.006667344874780304,0.011598487358693094
MELBO,sweep2d_gemma_L2_melbo_006__melbo_011_fineweb_60deg_dirmelbo.pkl,3.246350020869779,0.01163538840279471,-0.20727062980332295,0.024924510727455197
MELBO,sweep2d_gemma_L2_melbo_006__melbo_012_fineweb_60deg_dirmelbo.pkl,1.586012046506359,0.01832818714839394,0.1854706376374222,0.014647661344011107
MELBO,sweep2d_gemma_L2_melbo_006__melbo_013_fineweb_60deg_dirmelbo.pkl,1.9799275985058042,0.012640906670870027,0.005856982204999499,0.012528044135755714
MELBO,sweep2d_gemma_L2_melbo_006__melbo_014_fineweb_60deg_dirmelbo.pkl,1.4995522621298956,0.018128082346225725,0.24345142928306937,0.01619352642855951
MELBO,sweep2d_gemma_L2_melbo_006__melbo_015_fineweb_60deg_dirmelbo.pkl,1.354589900053191,0.017153956189440402,0.3713834329887032,0.015008338815442336
MELBO,sweep2d_gemma_L2_melbo_006__melbo_016_fineweb_60deg_dirmelbo.pkl,1.8660102458801222,0.022532024930052786,0.038242114285522294,0.02271802621032432
MELBO,sweep2d_gemma_L2_melbo_006__melbo_017_fineweb_60deg_dirmelbo.pkl,1.4506459908016662,0.016967037792924695,0.2837200019032198,0.012844383815081078
MELBO,sweep2d_gemma_L2_melbo_006__melbo_018_fineweb_60deg_dirmelbo.pkl,1.8132490200359999,0.028953423860536,0.05816981535769863,0.028104971452177947
MELBO,sweep2d_gemma_L2_melbo_006__melbo_019_fineweb_60deg_dirmelbo.pkl,1.6120373156663195,0.014505990952544305,0.16993800046576948,0.013184037524173572
MELBO,sweep2d_gemma_L2_melbo_006__melbo_020_fineweb_60deg_dirmelbo.pkl,2.497242772174801,0.021472744676107967,-0.12191333042856109,0.02218634651845186
MELBO,sweep2d_gemma_L2_melbo_006__melbo_021_fineweb_60deg_dirmelbo.pkl,2.679561642017917,0.01522172060055662,-0.14751311027268862,0.018595325772672314
MELBO,sweep2d_gemma_L2_melbo_006__melbo_022_fineweb_60deg_dirmelbo.pkl,2.1657772162473377,0.006524612072508936,-0.047330691789039356,0.006930723612578483
MELBO,sweep2d_gemma_L2_melbo_006__melbo_023_fineweb_60deg_dirmelbo.pkl,1.8580900270365297,0.025029616273703648,0.04569515032876148,0.023988571302045788
MELBO,sweep2d_gemma_L2_melbo_006__melbo_024_fineweb_60deg_dirmelbo.pkl,1.8333696236686137,0.01147713792533966,0.0583256282227225,0.011105416313805625
MELBO,sweep2d_gemma_L2_melbo_006__melbo_025_fineweb_60deg_dirmelbo.pkl,1.8889014434800522,0.010702741840804211,0.03590170247017431,0.010908830694314711
MELBO,sweep2d_gemma_L2_melbo_006__melbo_026_fineweb_60deg_dirmelbo.pkl,1.5949905546022698,0.031151359892482373,0.16981702525377995,0.028957020602784312
MELBO,sweep2d_gemma_L2_melbo_006__melbo_027_fineweb_60deg_dirmelbo.pkl,2.160891745366403,0.02041703696963265,-0.0513545120787201,0.020091421513579222
MELBO,sweep2d_gemma_L2_melbo_006__melbo_028_fineweb_60deg_dirmelbo.pkl,1.2874203870240823,0.0054926465271433415,0.4515485823669118,0.00770430040111548
MELBO,sweep2d_gemma_L2_melbo_006__melbo_029_fineweb_60deg_dirmelbo.pkl,2.4900276334779585,0.00625785554248115,-0.11506224019647297,0.010800460446936248
MELBO,sweep2d_gemma_L2_melbo_006__melbo_030_fineweb_60deg_dirmelbo.pkl,2.4026786557759814,0.008585232622490996,-0.1000575221978341,0.010364002729288686
MELBO,sweep2d_gemma_L2_melbo_006__melbo_032_fineweb_60deg_dirmelbo.pkl,1.9186013551843342,0.012588406924178801,0.024574337967388345,0.01259905615583844
MELBO,sweep2d_gemma_L2_melbo_007__melbo_008_fineweb_60deg_dirmelbo.pkl,2.5193839347164784,0.013507016035484463,-0.12111806608187649,0.016513373172453615
MELBO,sweep2d_gemma_L2_melbo_007__melbo_009_fineweb_60deg_dirmelbo.pkl,2.6733830574241604,0.00992915984700185,-0.14150105601943314,0.01735162546622264
MELBO,sweep2d_gemma_L2_melbo_007__melbo_010_fineweb_60deg_dirmelbo.pkl,2.667357925577171,0.009456818276430606,-0.14281358097510727,0.01539424486857405
MELBO,sweep2d_gemma_L2_melbo_007__melbo_011_fineweb_60deg_dirmelbo.pkl,3.9471298053014743,0.01430355930157313,-0.25319734832626467,0.031130570630850358
MELBO,sweep2d_gemma_L2_melbo_007__melbo_012_fineweb_60deg_dirmelbo.pkl,2.670812542044815,0.01325079646491242,-0.1468959402850945,0.016098847257449384
MELBO,sweep2d_gemma_L2_melbo_007__melbo_013_fineweb_60deg_dirmelbo.pkl,2.3594604269788153,0.01483117160931696,-0.0919761691381227,0.017652188354557282
MELBO,sweep2d_gemma_L2_melbo_007__melbo_014_fineweb_60deg_dirmelbo.pkl,2.430773312544122,0.011556728057856264,-0.10736655460622649,0.013224203027812131
MELBO,sweep2d_gemma_L2_melbo_007__melbo_015_fineweb_60deg_dirmelbo.pkl,2.1039229983834375,0.0162245470202789,-0.03382542694035257,0.016779791268099847
MELBO,sweep2d_gemma_L2_melbo_007__melbo_016_fineweb_60deg_dirmelbo.pkl,2.7798799691753344,0.027372972010992126,-0.16973724001613827,0.030486264835585742
MELBO,sweep2d_gemma_L2_melbo_007__melbo_017_fineweb_60deg_dirmelbo.pkl,2.5456727872727765,0.017554594547665538,-0.1236830137299177,0.023667581242580095
MELBO,sweep2d_gemma_L2_melbo_007__melbo_018_fineweb_60deg_dirmelbo.pkl,2.3873737770286665,0.03826513812433083,-0.10781536760170844,0.043112070293839275
MELBO,sweep2d_gemma_L2_melbo_007__melbo_019_fineweb_60deg_dirmelbo.pkl,3.2599034320294225,0.02985334560136717,-0.21435349088728506,0.04170662245522265
MELBO,sweep2d_gemma_L2_melbo_007__melbo_020_fineweb_60deg_dirmelbo.pkl,2.4377886364376926,0.02265671783099892,-0.10736566447814996,0.02693754365091406
MELBO,sweep2d_gemma_L2_melbo_007__melbo_021_fineweb_60deg_dirmelbo.pkl,2.3857373521712226,0.01925616438292396,-0.09605397841885155,0.023376707418540588
MELBO,sweep2d_gemma_L2_melbo_007__melbo_022_fineweb_60deg_dirmelbo.pkl,2.2643827011182562,0.015317516828201021,-0.07210842788693629,0.01723978168426914
MELBO,sweep2d_gemma_L2_melbo_007__melbo_023_fineweb_60deg_dirmelbo.pkl,2.2928752532102807,0.014178326203985004,-0.07603564932203438,0.017454123951769474
MELBO,sweep2d_gemma_L2_melbo_007__melbo_024_fineweb_60deg_dirmelbo.pkl,2.7063860828102326,0.019948810465159787,-0.14858405570496544,0.02709919508118303
MELBO,sweep2d_gemma_L2_melbo_007__melbo_025_fineweb_60deg_dirmelbo.pkl,2.13232696319105,0.028388678598892617,-0.04121847675255396,0.02989581237969017
MELBO,sweep2d_gemma_L2_melbo_007__melbo_026_fineweb_60deg_dirmelbo.pkl,2.494989031840588,0.03479070787669489,-0.13885002593035103,0.03451494286214014
MELBO,sweep2d_gemma_L2_melbo_007__melbo_027_fineweb_60deg_dirmelbo.pkl,2.4056957679154465,0.016688228287849292,-0.10001081706751185,0.020824986155233705
MELBO,sweep2d_gemma_L2_melbo_007__melbo_028_fineweb_60deg_dirmelbo.pkl,2.028203919113296,0.022638593898016614,-0.013927009830383091,0.02285374663014593
MELBO,sweep2d_gemma_L2_melbo_007__melbo_029_fineweb_60deg_dirmelbo.pkl,2.628502438824915,0.03695495388141324,-0.16186845039771489,0.036023289456971454
MELBO,sweep2d_gemma_L2_melbo_007__melbo_030_fineweb_60deg_dirmelbo.pkl,2.3227204575653193,0.013075674069444309,-0.08253242229344555,0.01660545762748012
MELBO,sweep2d_gemma_L2_melbo_007__melbo_031_fineweb_60deg_dirmelbo.pkl,2.3251055892362325,0.01858914688498903,-0.08548048057285626,0.022095924450934903
MELBO,sweep2d_gemma_L2_melbo_007__melbo_032_fineweb_60deg_dirmelbo.pkl,2.3085060613032318,0.03015572373738135,-0.08640729008198252,0.033431637523377175
MELBO,sweep2d_gemma_L2_melbo_008__melbo_009_fineweb_60deg_dirmelbo.pkl,2.2522733324558577,0.0035352979516931867,-0.06838114436653787,0.004563374277625226
MELBO,sweep2d_gemma_L2_melbo_008__melbo_010_fineweb_60deg_dirmelbo.pkl,2.388721478694745,0.013673964775753628,-0.09711234370479865,0.01600682874198484
MELBO,sweep2d_gemma_L2_melbo_008__melbo_011_fineweb_60deg_dirmelbo.pkl,3.226779887041355,0.005930106386637133,-0.20460388830563972,0.019993401972660724
MELBO,sweep2d_gemma_L2_melbo_008__melbo_012_fineweb_60deg_dirmelbo.pkl,1.4347687918178007,0.009593091229840834,0.29963293216246845,0.005707016114692607
MELBO,sweep2d_gemma_L2_melbo_008__melbo_013_fineweb_60deg_dirmelbo.pkl,1.885213174883974,0.02456800511061639,0.0354585999196772,0.02394068587811929
MELBO,sweep2d_gemma_L2_melbo_008__melbo_014_fineweb_60deg_dirmelbo.pkl,1.5672926348206175,0.01781047954947195,0.19264180532448472,0.020432710551653976
MELBO,sweep2d_gemma_L2_melbo_008__melbo_015_fineweb_60deg_dirmelbo.pkl,1.2224301632638817,0.02144770598346219,0.5311782261858805,0.018420771576210172
MELBO,sweep2d_gemma_L2_melbo_008__melbo_016_fineweb_60deg_dirmelbo.pkl,1.9307477324207474,0.029854782969097587,0.016660474962944618,0.02908922383392003
MELBO,sweep2d_gemma_L2_melbo_008__melbo_017_fineweb_60deg_dirmelbo.pkl,1.4268493375588267,0.020646373741816083,0.30072708636594164,0.021040256607753733
MELBO,sweep2d_gemma_L2_melbo_008__melbo_018_fineweb_60deg_dirmelbo.pkl,1.58340450506442,0.014979282126077591,0.18815353529440293,0.012136667436914137
MELBO,sweep2d_gemma_L2_melbo_008__melbo_019_fineweb_60deg_dirmelbo.pkl,1.3816608061023277,0.020619840913032438,0.3437979461268405,0.016291650883812316
MELBO,sweep2d_gemma_L2_melbo_008__melbo_020_fineweb_60deg_dirmelbo.pkl,2.5864270085747285,0.010385140862384068,-0.13051390551496744,0.01606841361957612
MELBO,sweep2d_gemma_L2_melbo_008__melbo_021_fineweb_60deg_dirmelbo.pkl,2.2290038413068403,0.005674864729814136,-0.06152355876316355,0.008283805477051844
MELBO,sweep2d_gemma_L2_melbo_008__melbo_022_fineweb_60deg_dirmelbo.pkl,1.858522874341407,0.006031261033060839,0.050341981079682255,0.005791340056754146
MELBO,sweep2d_gemma_L2_melbo_008__melbo_023_fineweb_60deg_dirmelbo.pkl,1.7815993247294553,0.009899058372868705,0.08263136679409017,0.00952495010778885
MELBO,sweep2d_gemma_L2_melbo_008__melbo_024_fineweb_60deg_dirmelbo.pkl,1.6304855949974086,0.013104226722454537,0.15976623658310057,0.010863242363405958
MELBO,sweep2d_gemma_L2_melbo_008__melbo_025_fineweb_60deg_dirmelbo.pkl,1.4476421719923815,0.014923500497641124,0.28741703245165834,0.011040150039928151
MELBO,sweep2d_gemma_L2_melbo_008__melbo_026_fineweb_60deg_dirmelbo.pkl,1.7147410301340038,0.011489002967486306,0.1103830466037316,0.012723713735148872
MELBO,sweep2d_gemma_L2_melbo_008__melbo_027_fineweb_60deg_dirmelbo.pkl,2.1728433822908233,0.01516928278396723,-0.053683859193991004,0.014573749820687076
MELBO,sweep2d_gemma_L2_melbo_008__melbo_028_fineweb_60deg_dirmelbo.pkl,1.2990863714350298,0.009005747829056788,0.436833431335861,0.009017248784676685
MELBO,sweep2d_gemma_L2_melbo_008__melbo_029_fineweb_60deg_dirmelbo.pkl,2.591915258491367,0.012108571130060102,-0.12948365528561415,0.019601023584522998
MELBO,sweep2d_gemma_L2_melbo_008__melbo_030_fineweb_60deg_dirmelbo.pkl,2.3284345879226023,0.011249080639409997,-0.0852683748904419,0.013602621774053488
MELBO,sweep2d_gemma_L2_melbo_008__melbo_031_fineweb_60deg_dirmelbo.pkl,1.2133334070988486,0.02252832305586821,0.5412504236828585,0.024460570221769486
MELBO,sweep2d_gemma_L2_melbo_008__melbo_032_fineweb_60deg_dirmelbo.pkl,1.5111320248073081,0.024982932507240197,0.22751485030656152,0.023073648505554715
MELBO,sweep2d_gemma_L2_melbo_009__melbo_010_fineweb_60deg_dirmelbo.pkl,2.0778438789096008,0.009755524569537967,-0.02300087563884924,0.010206965781770008
MELBO,sweep2d_gemma_L2_melbo_009__melbo_011_fineweb_60deg_dirmelbo.pkl,2.5195808949970013,0.023134045332473603,-0.12286049308818103,0.02828786706482847
MELBO,sweep2d_gemma_L2_melbo_009__melbo_012_fineweb_60deg_dirmelbo.pkl,2.3745102113459717,0.012914033959477073,-0.09723422548734097,0.013035800819965807
MELBO,sweep2d_gemma_L2_melbo_009__melbo_013_fineweb_60deg_dirmelbo.pkl,2.234592313376105,0.023762180889202893,-0.07155017504653291,0.025291926984288504
MELBO,sweep2d_gemma_L2_melbo_009__melbo_014_fineweb_60deg_dirmelbo.pkl,2.6736434701518808,0.014972159038075545,-0.14755040971740657,0.017733558210780286
MELBO,sweep2d_gemma_L2_melbo_009__melbo_015_fineweb_60deg_dirmelbo.pkl,2.443823067173217,0.00967919805321706,-0.11051246498240001,0.01027175540074461
MELBO,sweep2d_gemma_L2_melbo_009__melbo_016_fineweb_60deg_dirmelbo.pkl,2.280090534699383,0.018061915124873474,-0.07642431599512199,0.020135702880097642
MELBO,sweep2d_gemma_L2_melbo_009__melbo_017_fineweb_60deg_dirmelbo.pkl,2.3006007926361547,0.01130244013564197,-0.08000556924269059,0.013046639159105722
MELBO,sweep2d_gemma_L2_melbo_009__melbo_018_fineweb_60deg_dirmelbo.pkl,2.6460449184510204,0.009628058532877067,-0.14250578441163184,0.01301441818918051
MELBO,sweep2d_gemma_L2_melbo_009__melbo_019_fineweb_60deg_dirmelbo.pkl,2.4671143986662254,0.011005583614723006,-0.11443777355599571,0.010543106257367402
MELBO,sweep2d_gemma_L2_melbo_009__melbo_020_fineweb_60deg_dirmelbo.pkl,2.413522312854429,0.015482662387253671,-0.10270050912687742,0.017643677710550743
MELBO,sweep2d_gemma_L2_melbo_009__melbo_021_fineweb_60deg_dirmelbo.pkl,2.204791658700498,0.02638428125251938,-0.06558972813645007,0.026442538374463913
MELBO,sweep2d_gemma_L2_melbo_009__melbo_022_fineweb_60deg_dirmelbo.pkl,2.127618876069462,0.008165044441742413,-0.03926262186542291,0.00845446303177871
MELBO,sweep2d_gemma_L2_melbo_009__melbo_023_fineweb_60deg_dirmelbo.pkl,1.9170464415259292,0.014440949572758528,0.027112526955327,0.014186241636428305
MELBO,sweep2d_gemma_L2_melbo_009__melbo_024_fineweb_60deg_dirmelbo.pkl,2.3933772221473144,0.016148806302204357,-0.0965935291872574,0.0205793287662318
MELBO,sweep2d_gemma_L2_melbo_009__melbo_025_fineweb_60deg_dirmelbo.pkl,2.0513689966936637,0.011865794616166686,-0.01591447235837729,0.012243084973724637
MELBO,sweep2d_gemma_L2_melbo_009__melbo_026_fineweb_60deg_dirmelbo.pkl,2.247023798703244,0.00844629581634342,-0.06709588046031323,0.009946890565433266
MELBO,sweep2d_gemma_L2_melbo_009__melbo_027_fineweb_60deg_dirmelbo.pkl,2.512509834880389,0.007981454305453526,-0.11896477111601947,0.010672425048161172
MELBO,sweep2d_gemma_L2_melbo_009__melbo_028_fineweb_60deg_dirmelbo.pkl,2.07252223631623,0.0172552798407281,-0.023139154598471153,0.017851477594171397
MELBO,sweep2d_gemma_L2_melbo_009__melbo_029_fineweb_60deg_dirmelbo.pkl,2.648094609656569,0.022436131045275982,-0.140784368494509,0.029526850517930754
MELBO,sweep2d_gemma_L2_melbo_009__melbo_030_fineweb_60deg_dirmelbo.pkl,2.178323726652608,0.009692019785616141,-0.051373268228546015,0.009814286667668995
MELBO,sweep2d_gemma_L2_melbo_009__melbo_031_fineweb_60deg_dirmelbo.pkl,2.4715556702286374,0.021976337126550633,-0.1289719209960874,0.021688144106410328
MELBO,sweep2d_gemma_L2_melbo_009__melbo_032_fineweb_60deg_dirmelbo.pkl,2.7583803550632013,0.017080822689071788,-0.15483011504359154,0.02468707330199913
MELBO,sweep2d_gemma_L2_melbo_010__melbo_011_fineweb_60deg_dirmelbo.pkl,2.5838299295674636,0.020507690313554847,-0.132690052061548,0.024991565191240916
MELBO,sweep2d_gemma_L2_melbo_010__melbo_012_fineweb_60deg_dirmelbo.pkl,2.2769315347815104,0.006102485591641511,-0.07381997273765846,0.007569508498902868
MELBO,sweep2d_gemma_L2_melbo_010__melbo_013_fineweb_60deg_dirmelbo.pkl,2.686147380342836,0.015576738029249604,-0.14815194044106672,0.018633058825544002
MELBO,sweep2d_gemma_L2_melbo_010__melbo_014_fineweb_60deg_dirmelbo.pkl,2.444473739353539,0.014209437422578125,-0.10567255389787893,0.019187644808311276
MELBO,sweep2d_gemma_L2_melbo_010__melbo_015_fineweb_60deg_dirmelbo.pkl,2.269984992356814,0.018520650728118326,-0.07126249823858494,0.021699996106620194
MELBO,sweep2d_gemma_L2_melbo_010__melbo_016_fineweb_60deg_dirmelbo.pkl,1.5543852542868555,0.020750395649669476,0.20385624393671092,0.01838142956725326
MELBO,sweep2d_gemma_L2_melbo_010__melbo_017_fineweb_60deg_dirmelbo.pkl,2.1118003111134804,0.005754588100134499,-0.032546302580395,0.006457324152493712
MELBO,sweep2d_gemma_L2_melbo_010__melbo_018_fineweb_60deg_dirmelbo.pkl,1.941848106061336,0.02737807611696401,0.011956123821431068,0.02664282542468297
MELBO,sweep2d_gemma_L2_melbo_010__melbo_019_fineweb_60deg_dirmelbo.pkl,2.2670737567733,0.008887087789862233,-0.0714632232862247,0.01125204210246664
MELBO,sweep2d_gemma_L2_melbo_010__melbo_020_fineweb_60deg_dirmelbo.pkl,2.4384691641759586,0.017258771664019238,-0.10553061034578667,0.022118003362770092
MELBO,sweep2d_gemma_L2_melbo_010__melbo_021_fineweb_60deg_dirmelbo.pkl,2.265843306870656,0.010489771372052923,-0.0711345438317847,0.011524528775905383
MELBO,sweep2d_gemma_L2_melbo_010__melbo_022_fineweb_60deg_dirmelbo.pkl,2.224282529886059,0.01551700037434187,-0.07080709272669333,0.01559442813273895
MELBO,sweep2d_gemma_L2_melbo_010__melbo_023_fineweb_60deg_dirmelbo.pkl,2.1221010733829035,0.013368323323245293,-0.03568298659393956,0.014684709133053645
MELBO,sweep2d_gemma_L2_melbo_010__melbo_024_fineweb_60deg_dirmelbo.pkl,2.0445333878529115,0.018781343479851668,-0.014340706917657972,0.019196238533855853
MELBO,sweep2d_gemma_L2_melbo_010__melbo_025_fineweb_60deg_dirmelbo.pkl,2.4029092426168983,0.01119550224958533,-0.10457558023523851,0.010003716435788373
MELBO,sweep2d_gemma_L2_melbo_010__melbo_026_fineweb_60deg_dirmelbo.pkl,2.1440900092675452,0.020509627266984836,-0.043854663109819794,0.02188664940048556
MELBO,sweep2d_gemma_L2_melbo_010__melbo_027_fineweb_60deg_dirmelbo.pkl,2.397451542262732,0.006002677093446653,-0.09782523147752122,0.008917270004633455
MELBO,sweep2d_gemma_L2_melbo_010__melbo_028_fineweb_60deg_dirmelbo.pkl,2.2985282879807762,0.011954967019216335,-0.07874109519986579,0.013782632440472854
MELBO,sweep2d_gemma_L2_melbo_010__melbo_029_fineweb_60deg_dirmelbo.pkl,2.6282095760504767,0.00831573814809517,-0.1385754643221938,0.010758119708791916
MELBO,sweep2d_gemma_L2_melbo_010__melbo_030_fineweb_60deg_dirmelbo.pkl,2.2595043999011875,0.0051822658880298685,-0.06887265637277097,0.007518201232322533
MELBO,sweep2d_gemma_L2_melbo_010__melbo_031_fineweb_60deg_dirmelbo.pkl,1.9311101939607214,0.021659302702437853,0.016660735826448985,0.0219970598286521
MELBO,sweep2d_gemma_L2_melbo_010__melbo_032_fineweb_60deg_dirmelbo.pkl,2.5274289534110737,0.020856707223576836,-0.12467593749990548,0.02515615521910009
MELBO,sweep2d_gemma_L2_melbo_011__melbo_012_fineweb_60deg_dirmelbo.pkl,2.9448933279984986,0.013741668006899299,-0.1767156228688816,0.022763564173728754
MELBO,sweep2d_gemma_L2_melbo_011__melbo_013_fineweb_60deg_dirmelbo.pkl,3.1366219536229822,0.01398888185259713,-0.20233791639847484,0.01831890089021456
MELBO,sweep2d_gemma_L2_melbo_011__melbo_014_fineweb_60deg_dirmelbo.pkl,2.494496073262422,0.010445533680157555,-0.11653932823409142,0.014406554049275455
MELBO,sweep2d_gemma_L2_melbo_011__melbo_015_fineweb_60deg_dirmelbo.pkl,2.9463211780500815,0.021686913325153954,-0.18189871849357334,0.030593881187245767
MELBO,sweep2d_gemma_L2_melbo_011__melbo_016_fineweb_60deg_dirmelbo.pkl,1.983672218553913,0.017659762325452556,0.0009830962663048073,0.017733144541409007
MELBO,sweep2d_gemma_L2_melbo_011__melbo_017_fineweb_60deg_dirmelbo.pkl,2.4455957990285437,0.01347832232777442,-0.10752468550741764,0.017132238779598387
MELBO,sweep2d_gemma_L2_melbo_011__melbo_018_fineweb_60deg_dirmelbo.pkl,3.6161871990117493,0.008851308128370835,-0.2332518313860784,0.02458748053298954
MELBO,sweep2d_gemma_L2_melbo_011__melbo_019_fineweb_60deg_dirmelbo.pkl,2.896987198795204,0.013148962912948647,-0.17095999976946333,0.02295335171285207
MELBO,sweep2d_gemma_L2_melbo_011__melbo_020_fineweb_60deg_dirmelbo.pkl,3.3322053847276245,0.01622091203312839,-0.2144263302223472,0.026717907883362785
MELBO,sweep2d_gemma_L2_melbo_011__melbo_021_fineweb_60deg_dirmelbo.pkl,3.0772189250932707,0.01691307461032849,-0.18918079779102848,0.028699281680570905
MELBO,sweep2d_gemma_L2_melbo_011__melbo_022_fineweb_60deg_dirmelbo.pkl,2.384795676908167,0.007848665261605901,-0.09519328263208339,0.012320244041801893
MELBO,sweep2d_gemma_L2_melbo_011__melbo_023_fineweb_60deg_dirmelbo.pkl,2.9187643552866556,0.007536012269692292,-0.17600017281996103,0.01361992860278938
MELBO,sweep2d_gemma_L2_melbo_011__melbo_024_fineweb_60deg_dirmelbo.pkl,2.8999481592156844,0.010833833817141517,-0.17350221243944752,0.02014663756486715
MELBO,sweep2d_gemma_L2_melbo_011__melbo_025_fineweb_60deg_dirmelbo.pkl,1.95729836203053,0.019261816188678477,0.012528145641605329,0.018942421153094892
MELBO,sweep2d_gemma_L2_melbo_011__melbo_026_fineweb_60deg_dirmelbo.pkl,4.701330393356007,0.008039934588865299,-0.28505751951120695,0.02926511692033015
MELBO,sweep2d_gemma_L2_melbo_011__melbo_027_fineweb_60deg_dirmelbo.pkl,2.8426214192341277,0.01133902641543508,-0.16910388565160994,0.016677808138618723
MELBO,sweep2d_gemma_L2_melbo_011__melbo_028_fineweb_60deg_dirmelbo.pkl,3.238910875246274,0.013733283108082441,-0.20637633732398628,0.02328568730962026
MELBO,sweep2d_gemma_L2_melbo_011__melbo_029_fineweb_60deg_dirmelbo.pkl,3.9105711894453963,0.012999904344969303,-0.24892840772071595,0.032427557585475095
MELBO,sweep2d_gemma_L2_melbo_011__melbo_030_fineweb_60deg_dirmelbo.pkl,2.886706145082344,0.006426446657677722,-0.17113238123503324,0.015793164972607642
MELBO,sweep2d_gemma_L2_melbo_011__melbo_031_fineweb_60deg_dirmelbo.pkl,2.608436689422793,0.014518967510481266,-0.13599457569853707,0.020279949437782878
MELBO,sweep2d_gemma_L2_melbo_011__melbo_032_fineweb_60deg_dirmelbo.pkl,2.0569694713220597,0.028670220470154568,-0.0323990300287768,0.0290104132700391
MELBO,sweep2d_gemma_L2_melbo_012__melbo_013_fineweb_60deg_dirmelbo.pkl,3.104317860706136,0.023606339096416427,-0.20222514064930594,0.02847887819253256
MELBO,sweep2d_gemma_L2_melbo_012__melbo_014_fineweb_60deg_dirmelbo.pkl,1.5166998824152407,0.027249883070648823,0.217886776041345,0.0287634316944551
MELBO,sweep2d_gemma_L2_melbo_012__melbo_015_fineweb_60deg_dirmelbo.pkl,1.6129736938808732,0.02244826559669742,0.16619380184672428,0.01925370879811023
MELBO,sweep2d_gemma_L2_melbo_012__melbo_016_fineweb_60deg_dirmelbo.pkl,2.257625282058284,0.02940899160855713,-0.07319570744903713,0.032252062241133105
MELBO,sweep2d_gemma_L2_melbo_012__melbo_017_fineweb_60deg_dirmelbo.pkl,1.5311697189750866,0.014044173076764279,0.22137546652404394,0.013835381906845785
MELBO,sweep2d_gemma_L2_melbo_012__melbo_018_fineweb_60deg_dirmelbo.pkl,1.9302037698838237,0.01590189040587621,0.023179478212993772,0.015184386240555212
MELBO,sweep2d_gemma_L2_melbo_012__melbo_019_fineweb_60deg_dirmelbo.pkl,1.650583261759281,0.029733553779842534,0.14096437251371569,0.026554974598156807
MELBO,sweep2d_gemma_L2_melbo_012__melbo_020_fineweb_60deg_dirmelbo.pkl,2.338989525795116,0.022501513271506936,-0.08798544378413255,0.02594761059088752
MELBO,sweep2d_gemma_L2_melbo_012__melbo_021_fineweb_60deg_dirmelbo.pkl,2.175585808626046,0.025650127793375683,-0.05550402552987002,0.02618214427612978
MELBO,sweep2d_gemma_L2_melbo_012__melbo_022_fineweb_60deg_dirmelbo.pkl,2.1249717425619625,0.011286705096651443,-0.03639155840546136,0.012325618192028117
MELBO,sweep2d_gemma_L2_melbo_012__melbo_023_fineweb_60deg_dirmelbo.pkl,2.2554372901550184,0.027939601036985128,-0.07608303362596519,0.029685790837976504
MELBO,sweep2d_gemma_L2_melbo_012__melbo_025_fineweb_60deg_dirmelbo.pkl,1.691603789477883,0.02046605678205974,0.12229288223197575,0.01948893120485895
MELBO,sweep2d_gemma_L2_melbo_012__melbo_026_fineweb_60deg_dirmelbo.pkl,1.7358897168434886,0.015650622071602845,0.10319287670767874,0.01392769761096379
MELBO,sweep2d_gemma_L2_melbo_012__melbo_027_fineweb_60deg_dirmelbo.pkl,2.210048893376919,0.027374007634625965,-0.06388035452543223,0.02997535441945144
MELBO,sweep2d_gemma_L2_melbo_012__melbo_028_fineweb_60deg_dirmelbo.pkl,1.5330637149954014,0.030274417644580956,0.20950114455048172,0.029507966933886933
MELBO,sweep2d_gemma_L2_melbo_012__melbo_029_fineweb_60deg_dirmelbo.pkl,1.8103298424288845,0.01913878096133953,0.06696970569194878,0.01821244841169374
MELBO,sweep2d_gemma_L2_melbo_012__melbo_030_fineweb_60deg_dirmelbo.pkl,2.6482848355603066,0.011673303163674605,-0.13956737249679352,0.018083188847361223
MELBO,sweep2d_gemma_L2_melbo_012__melbo_032_fineweb_60deg_dirmelbo.pkl,2.0125414126920513,0.02988434437446308,-0.011473645914263465,0.02978462175495525
MELBO,sweep2d_gemma_L2_melbo_013__melbo_014_fineweb_60deg_dirmelbo.pkl,1.5350784675631242,0.030750622007988268,0.20493046281201546,0.03127897703587283
MELBO,sweep2d_gemma_L2_melbo_013__melbo_015_fineweb_60deg_dirmelbo.pkl,2.6409538248876983,0.03703589981485426,-0.16372281193692736,0.037875278951784115
MELBO,sweep2d_gemma_L2_melbo_013__melbo_016_fineweb_60deg_dirmelbo.pkl,1.6874411548451131,0.016756004701833874,0.12617923784194027,0.015364120903421603
MELBO,sweep2d_gemma_L2_melbo_013__melbo_017_fineweb_60deg_dirmelbo.pkl,2.2708996592405946,0.020397085876856444,-0.07531225922474112,0.021815176678465786
MELBO,sweep2d_gemma_L2_melbo_013__melbo_018_fineweb_60deg_dirmelbo.pkl,2.068708829231267,0.02316510803721366,-0.025247963768033403,0.023663852317140674
MELBO,sweep2d_gemma_L2_melbo_013__melbo_019_fineweb_60deg_dirmelbo.pkl,2.990723609521911,0.03611004332401914,-0.2030741102840756,0.042367429119002355
MELBO,sweep2d_gemma_L2_melbo_013__melbo_020_fineweb_60deg_dirmelbo.pkl,3.338925672381668,0.04388935209472973,-0.255100935280597,0.03941557952931808
MELBO,sweep2d_gemma_L2_melbo_013__melbo_021_fineweb_60deg_dirmelbo.pkl,2.669941698761481,0.01305142609985926,-0.14423705502959955,0.017496121221337032
MELBO,sweep2d_gemma_L2_melbo_013__melbo_022_fineweb_60deg_dirmelbo.pkl,1.8997238173350413,0.024050698690028207,0.026829403997132906,0.02425502946262275
MELBO,sweep2d_gemma_L2_melbo_013__melbo_023_fineweb_60deg_dirmelbo.pkl,2.1099045692022673,0.027827672531526796,-0.04092207272754279,0.028622886709646606
MELBO,sweep2d_gemma_L2_melbo_013__melbo_024_fineweb_60deg_dirmelbo.pkl,1.930330326124327,0.026815468215140987,0.01636316338757495,0.026024988059206448
MELBO,sweep2d_gemma_L2_melbo_013__melbo_025_fineweb_60deg_dirmelbo.pkl,1.678990817534323,0.025452262624791167,0.12614602655222149,0.023761361582294346
MELBO,sweep2d_gemma_L2_melbo_013__melbo_026_fineweb_60deg_dirmelbo.pkl,1.9889386361018444,0.027300848905297725,-0.0013756914921708855,0.027222440331658875
MELBO,sweep2d_gemma_L2_melbo_013__melbo_027_fineweb_60deg_dirmelbo.pkl,2.791566856260401,0.01795452708877334,-0.16146309583653823,0.025416095500980146
MELBO,sweep2d_gemma_L2_melbo_013__melbo_028_fineweb_60deg_dirmelbo.pkl,1.821154521635192,0.015161406562179434,0.06432683788728062,0.01380180902368845
MELBO,sweep2d_gemma_L2_melbo_013__melbo_029_fineweb_60deg_dirmelbo.pkl,2.6603811810781592,0.012224746279180087,-0.1437903148613097,0.01517001019793121
MELBO,sweep2d_gemma_L2_melbo_013__melbo_030_fineweb_60deg_dirmelbo.pkl,3.0742700134536847,0.01068993784547163,-0.19004951386644542,0.022154379316618046
MELBO,sweep2d_gemma_L2_melbo_013__melbo_031_fineweb_60deg_dirmelbo.pkl,1.7258562702513416,0.03324414086749694,0.09193413400361342,0.03341657621749998
MELBO,sweep2d_gemma_L2_melbo_013__melbo_032_fineweb_60deg_dirmelbo.pkl,1.843622166628963,0.034605052217298586,0.0424689514991744,0.033142331691396035
MELBO,sweep2d_gemma_L2_melbo_014__melbo_015_fineweb_60deg_dirmelbo.pkl,1.5224786869406495,0.04575086174389551,0.1913047049015077,0.04434564873635189
MELBO,sweep2d_gemma_L2_melbo_014__melbo_016_fineweb_60deg_dirmelbo.pkl,1.569215630300163,0.03789803619035,0.18434521748877697,0.03312904898841651
MELBO,sweep2d_gemma_L2_melbo_014__melbo_017_fineweb_60deg_dirmelbo.pkl,1.4000040083115572,0.02146329061648304,0.32418508754112635,0.02026360068568121
MELBO,sweep2d_gemma_L2_melbo_014__melbo_018_fineweb_60deg_dirmelbo.pkl,2.1811224312568034,0.027128646226023765,-0.05776874893024597,0.02828575382979835
MELBO,sweep2d_gemma_L2_melbo_014__melbo_019_fineweb_60deg_dirmelbo.pkl,1.3727421489066012,0.048704222623039126,0.31933160492575424,0.044847237126104375
MELBO,sweep2d_gemma_L2_melbo_014__melbo_020_fineweb_60deg_dirmelbo.pkl,3.154080087831329,0.01593376734505491,-0.20060271837151103,0.024551529012849578
MELBO,sweep2d_gemma_L2_melbo_014__melbo_021_fineweb_60deg_dirmelbo.pkl,2.2313253405861104,0.02036335391285128,-0.06642285500399778,0.020991996347975897
MELBO,sweep2d_gemma_L2_melbo_014__melbo_022_fineweb_60deg_dirmelbo.pkl,1.6908037555100097,0.022032258954362297,0.12043388826131217,0.02146335368537766
MELBO,sweep2d_gemma_L2_melbo_014__melbo_023_fineweb_60deg_dirmelbo.pkl,1.876366924964607,0.005876471987618851,0.04432150599054127,0.004966735020541942
MELBO,sweep2d_gemma_L2_melbo_014__melbo_024_fineweb_60deg_dirmelbo.pkl,1.630591129502293,0.018685782192598314,0.15574697155193273,0.017434845593059335
MELBO,sweep2d_gemma_L2_melbo_014__melbo_025_fineweb_60deg_dirmelbo.pkl,1.77266445342678,0.04705626725113418,0.0672336794188838,0.04368260442665126
MELBO,sweep2d_gemma_L2_melbo_014__melbo_027_fineweb_60deg_dirmelbo.pkl,1.9244968507666071,0.033504876544895576,0.01579318005778664,0.03218816248729878
MELBO,sweep2d_gemma_L2_melbo_014__melbo_028_fineweb_60deg_dirmelbo.pkl,1.2738418973121164,0.025505241185872843,0.45499331775749313,0.025683393482179576
MELBO,sweep2d_gemma_L2_melbo_014__melbo_029_fineweb_60deg_dirmelbo.pkl,1.8122714281679289,0.01182639082950287,0.06515087028757054,0.013315761266330144
MELBO,sweep2d_gemma_L2_melbo_014__melbo_030_fineweb_60deg_dirmelbo.pkl,2.219876256041503,0.017264985040881725,-0.06202465092547938,0.019529806623210223
MELBO,sweep2d_gemma_L2_melbo_014__melbo_031_fineweb_60deg_dirmelbo.pkl,1.1978858019174514,0.038489751482253115,0.5452547430323601,0.03732839793292623
MELBO,sweep2d_gemma_L2_melbo_014__melbo_032_fineweb_60deg_dirmelbo.pkl,1.8599232983812377,0.020866148159775333,0.04162117072502817,0.020791074967834642
MELBO,sweep2d_gemma_L2_melbo_015__melbo_016_fineweb_60deg_dirmelbo.pkl,2.174075612526932,0.03302668778039383,-0.06730517529051744,0.0333083343912704
MELBO,sweep2d_gemma_L2_melbo_015__melbo_017_fineweb_60deg_dirmelbo.pkl,1.5752053252569052,0.04692413919227594,0.1606546829405641,0.04736697980223059
MELBO,sweep2d_gemma_L2_melbo_015__melbo_018_fineweb_60deg_dirmelbo.pkl,1.761603667558069,0.014634759315761692,0.0880682476281856,0.015518665216854818
MELBO,sweep2d_gemma_L2_melbo_015__melbo_019_fineweb_60deg_dirmelbo.pkl,1.7766047820263313,0.02006482724049176,0.0789749642437294,0.020166496156260337
MELBO,sweep2d_gemma_L2_melbo_015__melbo_020_fineweb_60deg_dirmelbo.pkl,3.0218521967023197,0.04334961912924877,-0.21948683882722653,0.05087131613974175
MELBO,sweep2d_gemma_L2_melbo_015__melbo_021_fineweb_60deg_dirmelbo.pkl,2.465408368163157,0.04269489211210024,-0.15272793548782596,0.04124231258765392
MELBO,sweep2d_gemma_L2_melbo_015__melbo_022_fineweb_60deg_dirmelbo.pkl,2.502265278383001,0.019067141264548212,-0.12059037010023835,0.021466253041041092
MELBO,sweep2d_gemma_L2_melbo_015__melbo_023_fineweb_60deg_dirmelbo.pkl,2.2011582782748915,0.015609675245364302,-0.055518064310029286,0.017441002946548836
MELBO,sweep2d_gemma_L2_melbo_015__melbo_024_fineweb_60deg_dirmelbo.pkl,1.8626324566322323,0.025687601781881106,0.034586734869745346,0.026798525637458725
MELBO,sweep2d_gemma_L2_melbo_015__melbo_025_fineweb_60deg_dirmelbo.pkl,1.2433065779816,0.04391576542515074,0.4809520106492361,0.04351692620964861
MELBO,sweep2d_gemma_L2_melbo_015__melbo_027_fineweb_60deg_dirmelbo.pkl,2.277481004163499,0.024914316544109128,-0.08477654614835191,0.02385330917223328
MELBO,sweep2d_gemma_L2_melbo_015__melbo_028_fineweb_60deg_dirmelbo.pkl,1.3665140290745217,0.014051525796999906,0.3583089042218482,0.018696745621752775
MELBO,sweep2d_gemma_L2_melbo_015__melbo_029_fineweb_60deg_dirmelbo.pkl,1.973844125727654,0.025997419417323905,0.0011029665897505168,0.026449138226873302
MELBO,sweep2d_gemma_L2_melbo_015__melbo_030_fineweb_60deg_dirmelbo.pkl,3.0777493889640035,0.04094265864338126,-0.24300125408509082,0.03505419727521506
MELBO,sweep2d_gemma_L2_melbo_015__melbo_032_fineweb_60deg_dirmelbo.pkl,1.6271621482449468,0.042542210359560524,0.13137033030749432,0.044254302845356086
MELBO,sweep2d_gemma_L2_melbo_016__melbo_017_fineweb_60deg_dirmelbo.pkl,1.9097864985815123,0.009446100438910738,0.031171900864440553,0.008836848265794435
MELBO,sweep2d_gemma_L2_melbo_016__melbo_019_fineweb_60deg_dirmelbo.pkl,2.0671030357891875,0.03756635004862105,-0.030071445104828957,0.03835180500954894
MELBO,sweep2d_gemma_L2_melbo_016__melbo_020_fineweb_60deg_dirmelbo.pkl,2.2071836930291435,0.028593937093688754,-0.06397164979365656,0.0305953723271979
MELBO,sweep2d_gemma_L2_melbo_016__melbo_021_fineweb_60deg_dirmelbo.pkl,1.996345123660065,0.024631417127160632,-0.0010947458193498007,0.024621435154740984
MELBO,sweep2d_gemma_L2_melbo_016__melbo_022_fineweb_60deg_dirmelbo.pkl,2.13844018738467,0.024542355409528514,-0.045262553505325785,0.024706584512748368
MELBO,sweep2d_gemma_L2_melbo_016__melbo_023_fineweb_60deg_dirmelbo.pkl,1.794963921378343,0.02999009613409976,0.06844514918268682,0.027464237553805927
MELBO,sweep2d_gemma_L2_melbo_016__melbo_024_fineweb_60deg_dirmelbo.pkl,2.155814387751022,0.021656010694848172,-0.04603123579527198,0.02312371234663339
MELBO,sweep2d_gemma_L2_melbo_016__melbo_025_fineweb_60deg_dirmelbo.pkl,1.8738212544243735,0.017724203224270183,0.03661210397696259,0.018052829303740345
MELBO,sweep2d_gemma_L2_melbo_016__melbo_026_fineweb_60deg_dirmelbo.pkl,1.9838823257698126,0.018811998138123696,0.0010953704933104812,0.019136001365275258
MELBO,sweep2d_gemma_L2_melbo_016__melbo_027_fineweb_60deg_dirmelbo.pkl,2.726533202129265,0.03511854006695717,-0.16757084733885827,0.038308823259801075
MELBO,sweep2d_gemma_L2_melbo_016__melbo_028_fineweb_60deg_dirmelbo.pkl,1.7415673072696307,0.01661709710860677,0.09244518151053065,0.017957306480681296
MELBO,sweep2d_gemma_L2_melbo_016__melbo_029_fineweb_60deg_dirmelbo.pkl,2.345768515787965,0.022992604408579333,-0.08957790790985842,0.02585821057829948
MELBO,sweep2d_gemma_L2_melbo_016__melbo_030_fineweb_60deg_dirmelbo.pkl,3.1607576438005105,0.010149082847059641,-0.20094704509021497,0.01568018133590167
MELBO,sweep2d_gemma_L2_melbo_016__melbo_031_fineweb_60deg_dirmelbo.pkl,1.737426757911312,0.026113927789455982,0.08987278266936344,0.026991775780023087
MELBO,sweep2d_gemma_L2_melbo_016__melbo_032_fineweb_60deg_dirmelbo.pkl,1.8645781145818527,0.04663253149595801,0.02870430846444064,0.04420275316938818
MELBO,sweep2d_gemma_L2_melbo_017__melbo_018_fineweb_60deg_dirmelbo.pkl,1.5714861530440838,0.0168542118271087,0.19443271833156062,0.014889763732186622
MELBO,sweep2d_gemma_L2_melbo_017__melbo_019_fineweb_60deg_dirmelbo.pkl,1.3350578618169235,0.011673978173700214,0.3948876424101202,0.010105685030144591
MELBO,sweep2d_gemma_L2_melbo_017__melbo_020_fineweb_60deg_dirmelbo.pkl,2.8523457172024176,0.015384730915376666,-0.16973045724899288,0.02007834061470567
MELBO,sweep2d_gemma_L2_melbo_017__melbo_021_fineweb_60deg_dirmelbo.pkl,2.0884641164413327,0.005902761394420615,-0.02550234596531447,0.006662904924933842
MELBO,sweep2d_gemma_L2_melbo_017__melbo_022_fineweb_60deg_dirmelbo.pkl,2.1855949031583073,0.007603245509375794,-0.05223217376357769,0.008742463432102172
MELBO,sweep2d_gemma_L2_melbo_017__melbo_023_fineweb_60deg_dirmelbo.pkl,1.8133755056886895,0.014582957299465635,0.06771116119999504,0.013979078236783272
MELBO,sweep2d_gemma_L2_melbo_017__melbo_024_fineweb_60deg_dirmelbo.pkl,1.7174343342728167,0.01818404571966667,0.11089552250426181,0.016787441080593973
MELBO,sweep2d_gemma_L2_melbo_017__melbo_025_fineweb_60deg_dirmelbo.pkl,1.9660367648934898,0.030817582493130956,-0.00014913765011769173,0.0308081100660854
MELBO,sweep2d_gemma_L2_melbo_017__melbo_026_fineweb_60deg_dirmelbo.pkl,1.6323168878811873,0.03278672544983482,0.15084424273926753,0.02889047114330029
MELBO,sweep2d_gemma_L2_melbo_017__melbo_027_fineweb_60deg_dirmelbo.pkl,2.0183737121524787,0.015839912335839146,-0.01100466120758009,0.01567756031991175
MELBO,sweep2d_gemma_L2_melbo_017__melbo_028_fineweb_60deg_dirmelbo.pkl,1.355485508142926,0.013737652566014901,0.37255915576177834,0.014576295869070426
MELBO,sweep2d_gemma_L2_melbo_017__melbo_029_fineweb_60deg_dirmelbo.pkl,2.3847856517715464,0.005888003777489922,-0.09550781865735868,0.00935633983061023
MELBO,sweep2d_gemma_L2_melbo_017__melbo_030_fineweb_60deg_dirmelbo.pkl,2.520415545324556,0.014134460522787148,-0.12463336352509774,0.015478793434843936
MELBO,sweep2d_gemma_L2_melbo_017__melbo_031_fineweb_60deg_dirmelbo.pkl,1.3803547548918718,0.032908383324886666,0.33505581558766523,0.03178567520829042
MELBO,sweep2d_gemma_L2_melbo_017__melbo_032_fineweb_60deg_dirmelbo.pkl,1.754962423796175,0.020024241242986473,0.08963422695831537,0.020071720143462847
MELBO,sweep2d_gemma_L2_melbo_018__melbo_021_fineweb_60deg_dirmelbo.pkl,2.083001239513614,0.014483699842538996,-0.025385930304665127,0.01495992588100142
MELBO,sweep2d_gemma_L2_melbo_018__melbo_022_fineweb_60deg_dirmelbo.pkl,2.8068385948379664,0.01938796057191719,-0.1596526843162216,0.028513273184765358
MELBO,sweep2d_gemma_L2_melbo_018__melbo_024_fineweb_60deg_dirmelbo.pkl,2.205322497753117,0.018861346545692766,-0.059094339011406795,0.020541032329508848
MELBO,sweep2d_gemma_L2_melbo_018__melbo_025_fineweb_60deg_dirmelbo.pkl,1.4556932298335392,0.019520826145616788,0.2732609977563415,0.023419595326641653
MELBO,sweep2d_gemma_L2_melbo_018__melbo_026_fineweb_60deg_dirmelbo.pkl,2.57445524844486,0.02288235879578458,-0.14066082206484004,0.025719936091908164
MELBO,sweep2d_gemma_L2_melbo_018__melbo_027_fineweb_60deg_dirmelbo.pkl,1.9579852199229748,0.02537172031753926,0.005880040749303726,0.025334856460398916
MELBO,sweep2d_gemma_L2_melbo_018__melbo_028_fineweb_60deg_dirmelbo.pkl,2.6879740834312194,0.019963614296743978,-0.14748789376005914,0.027286916701898874
MELBO,sweep2d_gemma_L2_melbo_018__melbo_029_fineweb_60deg_dirmelbo.pkl,2.8226315233465367,0.04412240585459318,-0.18134584036313325,0.05243298887516025
MELBO,sweep2d_gemma_L2_melbo_018__melbo_030_fineweb_60deg_dirmelbo.pkl,2.4215772416538086,0.013121236744726674,-0.10534618968657512,0.015689074218701103
MELBO,sweep2d_gemma_L2_melbo_019__melbo_020_fineweb_60deg_dirmelbo.pkl,2.7281484631976505,0.04598594403732349,-0.1787422371296469,0.04923759353504767
MELBO,sweep2d_gemma_L2_melbo_019__melbo_021_fineweb_60deg_dirmelbo.pkl,1.9268708772355843,0.018405442164595193,0.022985260771289342,0.017754155083302605
MELBO,sweep2d_gemma_L2_melbo_019__melbo_022_fineweb_60deg_dirmelbo.pkl,2.3783688629022652,0.009942130491248015,-0.09343305301333113,0.013839554297891903
MELBO,sweep2d_gemma_L2_melbo_019__melbo_023_fineweb_60deg_dirmelbo.pkl,1.8294585108305899,0.02023531793457264,0.061469331377422394,0.018318688075679764
MELBO,sweep2d_gemma_L2_melbo_019__melbo_024_fineweb_60deg_dirmelbo.pkl,1.7058744514162927,0.019835775722565535,0.1170093444473207,0.017632561658723178
MELBO,sweep2d_gemma_L2_melbo_019__melbo_025_fineweb_60deg_dirmelbo.pkl,1.5538887780120882,0.020819362637570293,0.20196685508083048,0.021427844029160977
MELBO,sweep2d_gemma_L2_melbo_019__melbo_026_fineweb_60deg_dirmelbo.pkl,2.2666211932715763,0.02293899320317601,-0.0762201823785851,0.025420069037526933
MELBO,sweep2d_gemma_L2_melbo_019__melbo_027_fineweb_60deg_dirmelbo.pkl,1.9555269796590664,0.029882711108625542,7.501192185246198e-05,0.03066909400757628
MELBO,sweep2d_gemma_L2_melbo_019__melbo_028_fineweb_60deg_dirmelbo.pkl,1.5231306250693417,0.026217684963564632,0.22463752258838876,0.022272759729272926
MELBO,sweep2d_gemma_L2_melbo_019__melbo_029_fineweb_60deg_dirmelbo.pkl,2.3392294920571457,0.05407152900146755,-0.12528046429625392,0.05300128291937418
MELBO,sweep2d_gemma_L2_melbo_019__melbo_030_fineweb_60deg_dirmelbo.pkl,2.735714983579191,0.015495952650408035,-0.15679072249377035,0.01830244262547852
MELBO,sweep2d_gemma_L2_melbo_019__melbo_032_fineweb_60deg_dirmelbo.pkl,2.7217934230600918,0.024757333681031304,-0.15435836302525915,0.03202333551209747
MELBO,sweep2d_gemma_L2_melbo_020__melbo_021_fineweb_60deg_dirmelbo.pkl,2.212490146578931,0.013828148024997263,-0.05742262176897828,0.015923015722136988
MELBO,sweep2d_gemma_L2_melbo_020__melbo_022_fineweb_60deg_dirmelbo.pkl,2.3521659186063206,0.024797914152767234,-0.09590485659481876,0.025738788614178273
MELBO,sweep2d_gemma_L2_melbo_020__melbo_023_fineweb_60deg_dirmelbo.pkl,2.215703132081456,0.027942923026165453,-0.06650586929755946,0.02948212655217909
MELBO,sweep2d_gemma_L2_melbo_020__melbo_024_fineweb_60deg_dirmelbo.pkl,2.948670583384505,0.014984325524969883,-0.1801856616189096,0.024159178049753424
MELBO,sweep2d_gemma_L2_melbo_020__melbo_025_fineweb_60deg_dirmelbo.pkl,2.366246339280217,0.020573388128191348,-0.0972768543238705,0.020392374409268815
MELBO,sweep2d_gemma_L2_melbo_020__melbo_026_fineweb_60deg_dirmelbo.pkl,2.621536194224982,0.008827486101930659,-0.13602146011156135,0.014649739111008432
MELBO,sweep2d_gemma_L2_melbo_020__melbo_027_fineweb_60deg_dirmelbo.pkl,2.5994240199122745,0.03547560259518392,-0.14212886965960994,0.04221155191731317
MELBO,sweep2d_gemma_L2_melbo_020__melbo_028_fineweb_60deg_dirmelbo.pkl,2.3004248529303823,0.021262268822733594,-0.08594830860871983,0.023448352231019164
MELBO,sweep2d_gemma_L2_melbo_020__melbo_029_fineweb_60deg_dirmelbo.pkl,3.3289218451218052,0.027704007436530873,-0.22239415484516148,0.03625504239188782
MELBO,sweep2d_gemma_L2_melbo_020__melbo_030_fineweb_60deg_dirmelbo.pkl,2.496704298979442,0.021785478670279183,-0.11891092776242095,0.02696051308622235
MELBO,sweep2d_gemma_L2_melbo_020__melbo_031_fineweb_60deg_dirmelbo.pkl,2.2816363061523335,0.01446217606358683,-0.07559107792603584,0.016997372251406552
MELBO,sweep2d_gemma_L2_melbo_020__melbo_032_fineweb_60deg_dirmelbo.pkl,2.8656357845927447,0.017028549231596496,-0.16902479218640107,0.025002565656854235
MELBO,sweep2d_gemma_L2_melbo_021__melbo_022_fineweb_60deg_dirmelbo.pkl,2.238776853886601,0.0066963068978591975,-0.06557436721423145,0.007587368166704997
MELBO,sweep2d_gemma_L2_melbo_021__melbo_023_fineweb_60deg_dirmelbo.pkl,1.6681194513918354,0.010607616748870627,0.13948104046643509,0.0076342594915801715
MELBO,sweep2d_gemma_L2_melbo_021__melbo_024_fineweb_60deg_dirmelbo.pkl,2.164844471840327,0.012036667220560935,-0.04598510110816007,0.013906520467732605
MELBO,sweep2d_gemma_L2_melbo_021__melbo_025_fineweb_60deg_dirmelbo.pkl,2.171917309155835,0.01161605668184238,-0.05067913943974244,0.01157804927993953
MELBO,sweep2d_gemma_L2_melbo_021__melbo_026_fineweb_60deg_dirmelbo.pkl,2.1346256766297973,0.011417930804040188,-0.03998518031007167,0.012333405330668361
MELBO,sweep2d_gemma_L2_melbo_021__melbo_027_fineweb_60deg_dirmelbo.pkl,2.8047419741513155,0.020849496937508916,-0.16538790505603781,0.024977890134111058
MELBO,sweep2d_gemma_L2_melbo_021__melbo_028_fineweb_60deg_dirmelbo.pkl,2.169436535706341,0.02092636622527685,-0.056723751334128214,0.02100784944743119
MELBO,sweep2d_gemma_L2_melbo_021__melbo_029_fineweb_60deg_dirmelbo.pkl,2.301360927251473,0.013854184077784144,-0.07919972231098255,0.016336465884008645
MELBO,sweep2d_gemma_L2_melbo_021__melbo_030_fineweb_60deg_dirmelbo.pkl,2.4775666686787234,0.008518606711989592,-0.11292768748947009,0.012597113672560412
MELBO,sweep2d_gemma_L2_melbo_021__melbo_031_fineweb_60deg_dirmelbo.pkl,2.085883988762174,0.015860613855224193,-0.02713868764919119,0.01637138011249176
MELBO,sweep2d_gemma_L2_melbo_021__melbo_032_fineweb_60deg_dirmelbo.pkl,2.2513535738788075,0.021390268367283263,-0.06767127221825184,0.024301553128968395
MELBO,sweep2d_gemma_L2_melbo_022__melbo_023_fineweb_60deg_dirmelbo.pkl,2.0220793343141836,0.009575953391846682,-0.005750491336463934,0.009696699769615123
MELBO,sweep2d_gemma_L2_melbo_022__melbo_024_fineweb_60deg_dirmelbo.pkl,2.1961547505903893,0.007842794901254085,-0.05402961188597205,0.009857232833450726
MELBO,sweep2d_gemma_L2_melbo_022__melbo_025_fineweb_60deg_dirmelbo.pkl,1.9948550678881927,0.025944796473601036,-0.002322163653599415,0.02571319566687117
MELBO,sweep2d_gemma_L2_melbo_022__melbo_026_fineweb_60deg_dirmelbo.pkl,2.074288684904492,0.006795037052230801,-0.02246363800615374,0.007053923295381177
MELBO,sweep2d_gemma_L2_melbo_022__melbo_027_fineweb_60deg_dirmelbo.pkl,1.9677898731327386,0.018822011357300522,0.0070663097607564,0.018219881251285937
MELBO,sweep2d_gemma_L2_melbo_022__melbo_028_fineweb_60deg_dirmelbo.pkl,1.8641624088618138,0.01148782238008043,0.047025224552913934,0.011166881934301523
MELBO,sweep2d_gemma_L2_melbo_022__melbo_029_fineweb_60deg_dirmelbo.pkl,2.2788445913147855,0.01707116320789693,-0.07489660892349305,0.01919424260167487
MELBO,sweep2d_gemma_L2_melbo_022__melbo_030_fineweb_60deg_dirmelbo.pkl,1.9499457679773013,0.003640354927453211,0.01600538902632389,0.003974445310608757
MELBO,sweep2d_gemma_L2_melbo_022__melbo_031_fineweb_60deg_dirmelbo.pkl,2.068812297927736,0.012494519368848264,-0.020860542231405637,0.013058237250057609
MELBO,sweep2d_gemma_L2_melbo_022__melbo_032_fineweb_60deg_dirmelbo.pkl,1.783010821932122,0.06211551907001409,0.04357907206725552,0.05870299504131297
MELBO,sweep2d_gemma_L2_melbo_023__melbo_024_fineweb_60deg_dirmelbo.pkl,1.8257045002920127,0.03867283766037165,0.048817531206511895,0.03698538856295585
MELBO,sweep2d_gemma_L2_melbo_023__melbo_025_fineweb_60deg_dirmelbo.pkl,2.0190701921343632,0.01674218270860369,-0.006357995296766547,0.01692428442493314
MELBO,sweep2d_gemma_L2_melbo_023__melbo_026_fineweb_60deg_dirmelbo.pkl,2.972415176312986,0.01602532999187239,-0.1864545696272924,0.01976407684982922
MELBO,sweep2d_gemma_L2_melbo_023__melbo_027_fineweb_60deg_dirmelbo.pkl,2.0960854922426595,0.043600866642149655,-0.04924112103994541,0.043100454601239756
MELBO,sweep2d_gemma_L2_melbo_023__melbo_028_fineweb_60deg_dirmelbo.pkl,1.6348264151002827,0.011323546914524724,0.15478985379494234,0.01288958780487617
MELBO,sweep2d_gemma_L2_melbo_023__melbo_029_fineweb_60deg_dirmelbo.pkl,2.095226769907026,0.02825018994466011,-0.03748268191512954,0.028439889877590385
MELBO,sweep2d_gemma_L2_melbo_023__melbo_030_fineweb_60deg_dirmelbo.pkl,2.6319009390399817,0.007891814917091955,-0.13919714161049776,0.009532859491786397
MELBO,sweep2d_gemma_L2_melbo_023__melbo_031_fineweb_60deg_dirmelbo.pkl,1.732883977960644,0.012634266458052384,0.10467890735908479,0.012270268482150874
MELBO,sweep2d_gemma_L2_melbo_023__melbo_032_fineweb_60deg_dirmelbo.pkl,2.1431600444832806,0.031916457393068524,-0.051497727033839626,0.03234116248550064
MELBO,sweep2d_gemma_L2_melbo_024__melbo_025_fineweb_60deg_dirmelbo.pkl,1.836025424380125,0.018341620594899355,0.0582008388050264,0.017188490672889627
MELBO,sweep2d_gemma_L2_melbo_024__melbo_026_fineweb_60deg_dirmelbo.pkl,1.8774926940737207,0.01674960704065486,0.040362014411941975,0.016332525823160672
MELBO,sweep2d_gemma_L2_melbo_024__melbo_027_fineweb_60deg_dirmelbo.pkl,2.0586462981007663,0.027609518631344167,-0.029492579157151293,0.028018134698394908
MELBO,sweep2d_gemma_L2_melbo_024__melbo_028_fineweb_60deg_dirmelbo.pkl,1.5216832987604514,0.018901872993670094,0.22808977484285828,0.015803139489901263
MELBO,sweep2d_gemma_L2_melbo_024__melbo_029_fineweb_60deg_dirmelbo.pkl,2.317331281626263,0.029153896129843263,-0.08878824973028217,0.032610031529702835
MELBO,sweep2d_gemma_L2_melbo_024__melbo_030_fineweb_60deg_dirmelbo.pkl,2.5875627369824015,0.008841651543628497,-0.13161862829874219,0.015054433317427486
MELBO,sweep2d_gemma_L2_melbo_024__melbo_031_fineweb_60deg_dirmelbo.pkl,1.4066345729297214,0.01708432708818348,0.3203660354850975,0.018132324095114734
MELBO,sweep2d_gemma_L2_melbo_024__melbo_032_fineweb_60deg_dirmelbo.pkl,1.7917510650383632,0.022445900774788762,0.07234732921107326,0.021871497519848924
MELBO,sweep2d_gemma_L2_melbo_025__melbo_026_fineweb_60deg_dirmelbo.pkl,1.9304737403055292,0.027825534852967886,0.014712407682302022,0.02621551496766771
MELBO,sweep2d_gemma_L2_melbo_025__melbo_027_fineweb_60deg_dirmelbo.pkl,1.7965968337281846,0.02378079179905973,0.06995165180544015,0.02345357202414883
MELBO,sweep2d_gemma_L2_melbo_025__melbo_028_fineweb_60deg_dirmelbo.pkl,1.397742617555501,0.01323687859509946,0.3302917940112357,0.014376283451768774
MELBO,sweep2d_gemma_L2_melbo_025__melbo_029_fineweb_60deg_dirmelbo.pkl,2.2832302242165494,0.012260074756058432,-0.07350575112003187,0.015118651359561409
MELBO,sweep2d_gemma_L2_melbo_025__melbo_030_fineweb_60deg_dirmelbo.pkl,2.0905134233865925,0.008015573524309517,-0.026573554398009132,0.008643173773732278
MELBO,sweep2d_gemma_L2_melbo_025__melbo_031_fineweb_60deg_dirmelbo.pkl,1.1981793596737924,0.025611931000847576,0.5645102534456187,0.028602728000929393
MELBO,sweep2d_gemma_L2_melbo_025__melbo_032_fineweb_60deg_dirmelbo.pkl,1.4024513895982444,0.01960812167291502,0.32081293574307773,0.023411621876880558
MELBO,sweep2d_gemma_L2_melbo_026__melbo_027_fineweb_60deg_dirmelbo.pkl,2.5116269279845147,0.029228574879363887,-0.1483472404138624,0.028169956179473356
MELBO,sweep2d_gemma_L2_melbo_026__melbo_028_fineweb_60deg_dirmelbo.pkl,1.6232890198090268,0.015011372661980856,0.1628126113147178,0.013314641361191499
MELBO,sweep2d_gemma_L2_melbo_026__melbo_029_fineweb_60deg_dirmelbo.pkl,2.5736207153363244,0.013301480377897823,-0.1322131769595267,0.014511431416053553
MELBO,sweep2d_gemma_L2_melbo_026__melbo_030_fineweb_60deg_dirmelbo.pkl,2.695935918955209,0.0075284509597786905,-0.14597345041641535,0.01528832773432543
MELBO,sweep2d_gemma_L2_melbo_026__melbo_032_fineweb_60deg_dirmelbo.pkl,2.2152830921301003,0.017239302718914117,-0.0588279645199127,0.019617598128980538
MELBO,sweep2d_gemma_L2_melbo_027__melbo_028_fineweb_60deg_dirmelbo.pkl,1.9006874230207844,0.028893299692411344,0.02568633156481344,0.027975937033087827
MELBO,sweep2d_gemma_L2_melbo_027__melbo_029_fineweb_60deg_dirmelbo.pkl,2.6156207654629107,0.025118264465681932,-0.14415771580316109,0.02658456299931086
MELBO,sweep2d_gemma_L2_melbo_027__melbo_030_fineweb_60deg_dirmelbo.pkl,2.0893237325822787,0.016146811174873193,-0.03021267984238635,0.016874741827851106
MELBO,sweep2d_gemma_L2_melbo_027__melbo_031_fineweb_60deg_dirmelbo.pkl,2.5991393639941074,0.024700437285129058,-0.1395560740684668,0.030430602191941464
MELBO,sweep2d_gemma_L2_melbo_027__melbo_032_fineweb_60deg_dirmelbo.pkl,1.962582731369768,0.03368947170315752,-0.007951326476844841,0.03315968116932905
MELBO,sweep2d_gemma_L2_melbo_028__melbo_029_fineweb_60deg_dirmelbo.pkl,1.8560547318014367,0.023042461727588028,0.04720129961876047,0.022246085899195786
MELBO,sweep2d_gemma_L2_melbo_028__melbo_030_fineweb_60deg_dirmelbo.pkl,2.423598163179847,0.023111124630577226,-0.11242045060207952,0.023057067776647712
MELBO,sweep2d_gemma_L2_melbo_028__melbo_031_fineweb_60deg_dirmelbo.pkl,1.1632005338188636,0.09225209084947875,0.48067924020662145,0.09140067526155417
MELBO,sweep2d_gemma_L2_melbo_028__melbo_032_fineweb_60deg_dirmelbo.pkl,1.7922441291413962,0.017092669649329206,0.07555004518791154,0.016129370846287475
MELBO,sweep2d_gemma_L2_melbo_029__melbo_030_fineweb_60deg_dirmelbo.pkl,2.782875292753331,0.014140936599922832,-0.15657545527375122,0.02319000482585556
MELBO,sweep2d_gemma_L2_melbo_029__melbo_031_fineweb_60deg_dirmelbo.pkl,2.0446512057685173,0.0461297932642738,-0.05083481596681401,0.04636905345551927
MELBO,sweep2d_gemma_L2_melbo_029__melbo_032_fineweb_60deg_dirmelbo.pkl,2.1892313590316497,0.03107866506504428,-0.061975150661233464,0.03292030589889641
MELBO,sweep2d_gemma_L2_melbo_030__melbo_031_fineweb_60deg_dirmelbo.pkl,2.113438980993041,0.014701297153563058,-0.03826444161581936,0.013954493213380872
MELBO,sweep2d_gemma_L2_melbo_030__melbo_032_fineweb_60deg_dirmelbo.pkl,2.2977849655076854,0.024343698158245226,-0.08423553583924766,0.026256089670486905
MELBO,sweep2d_gemma_L2_melbo_031__melbo_032_fineweb_60deg_dirmelbo.pkl,1.7892939245117123,0.0481224323433871,0.045271522605102546,0.046378650440286495
SAE,sweep2d_gemma_L2_sae_000088__sae_000896_fineweb_60deg_dirsae_fineweb.pkl,2.1350964587217405,0.013042870108246996,-0.0399139043598034,0.013868202965767611
SAE,sweep2d_gemma_L2_sae_000088__sae_001820_fineweb_60deg_dirsae_fineweb.pkl,2.037535039759477,0.007873904246399551,-0.013306902439034094,0.007888434241025758
SAE,sweep2d_gemma_L2_sae_000088__sae_002065_fineweb_60deg_dirsae_fineweb.pkl,2.8214161884131332,0.010681324627099503,-0.16879478452594532,0.008615206298199592
SAE,sweep2d_gemma_L2_sae_000088__sae_004091_fineweb_60deg_dirsae_fineweb.pkl,2.520523197770659,0.017631701924168953,-0.1269248600804321,0.01985021025070262
SAE,sweep2d_gemma_L2_sae_000088__sae_004141_fineweb_60deg_dirsae_fineweb.pkl,2.101344093913009,0.012138085550712087,-0.033857675667743656,0.012044726400110915
SAE,sweep2d_gemma_L2_sae_000088__sae_004857_fineweb_60deg_dirsae_fineweb.pkl,3.554370186179152,0.015483416763245139,-0.2368972448695891,0.018399812886346314
SAE,sweep2d_gemma_L2_sae_000088__sae_005307_fineweb_60deg_dirsae_fineweb.pkl,2.542358146056201,0.01448085378793328,-0.13103334137347225,0.013506393271436802
SAE,sweep2d_gemma_L2_sae_000088__sae_006534_fineweb_60deg_dirsae_fineweb.pkl,3.5000689022795446,0.013363170952713492,-0.2315157112404915,0.015609142853208632
SAE,sweep2d_gemma_L2_sae_000088__sae_007398_fineweb_60deg_dirsae_fineweb.pkl,2.771128792795725,0.005095605286581271,-0.15952977030831145,0.009104801201108991
SAE,sweep2d_gemma_L2_sae_000088__sae_011760_fineweb_60deg_dirsae_fineweb.pkl,2.0223691560502424,0.014441773300365154,-0.009075686041294896,0.014399837117004577
SAE,sweep2d_gemma_L2_sae_000088__sae_012151_fineweb_60deg_dirsae_fineweb.pkl,2.5983401052488047,0.026207082246730767,-0.15134683254008996,0.024124031116778476
SAE,sweep2d_gemma_L2_sae_000088__sae_012857_fineweb_60deg_dirsae_fineweb.pkl,2.345270227262569,0.01176010645134885,-0.08852392759880555,0.01408670530870887
SAE,sweep2d_gemma_L2_sae_000088__sae_014256_fineweb_60deg_dirsae_fineweb.pkl,1.9929308284109115,0.01047651333679338,-0.00044302559929563427,0.010307468305794532
SAE,sweep2d_gemma_L2_sae_000088__sae_015088_fineweb_60deg_dirsae_fineweb.pkl,1.844125837272159,0.01593993455109737,0.055221237159554806,0.014955739282531015
SAE,sweep2d_gemma_L2_sae_000088__sae_016316_fineweb_60deg_dirsae_fineweb.pkl,2.0686483958272754,0.020238675859233283,-0.02484532273122891,0.020760012672450555
SAE,sweep2d_gemma_L2_sae_000896__sae_001249_fineweb_60deg_dirsae_fineweb.pkl,2.1584844688945295,0.013524166947090233,-0.04416326213519745,0.015050480579253138
SAE,sweep2d_gemma_L2_sae_000896__sae_001820_fineweb_60deg_dirsae_fineweb.pkl,2.1107969998975498,0.006952007088409931,-0.03330314856084054,0.007095221847559361
SAE,sweep2d_gemma_L2_sae_000896__sae_002065_fineweb_60deg_dirsae_fineweb.pkl,2.1149803869333823,0.005021377819410236,-0.03561488313649144,0.004403145444139474
SAE,sweep2d_gemma_L2_sae_000896__sae_002765_fineweb_60deg_dirsae_fineweb.pkl,2.610180197391584,0.00575288369783995,-0.1339508832562308,0.012225940547222362
SAE,sweep2d_gemma_L2_sae_000896__sae_003900_fineweb_60deg_dirsae_fineweb.pkl,2.4070512871304923,0.011167537355135614,-0.10289868215688626,0.011474652454563854
SAE,sweep2d_gemma_L2_sae_000896__sae_004091_fineweb_60deg_dirsae_fineweb.pkl,1.814682288488275,0.008822659100773535,0.06591370251153685,0.010046859754738669
SAE,sweep2d_gemma_L2_sae_000896__sae_004141_fineweb_60deg_dirsae_fineweb.pkl,2.0077861348894697,0.010116762020865118,-0.007196857160893028,0.010090066029309334
SAE,sweep2d_gemma_L2_sae_000896__sae_005307_fineweb_60deg_dirsae_fineweb.pkl,2.3285598841929107,0.00691450705212964,-0.08550034464605655,0.008442055509907882
SAE,sweep2d_gemma_L2_sae_000896__sae_006534_fineweb_60deg_dirsae_fineweb.pkl,1.8559661702825967,0.006872082608755265,0.05177182822786932,0.006433718281388686
SAE,sweep2d_gemma_L2_sae_000896__sae_007398_fineweb_60deg_dirsae_fineweb.pkl,2.0356573430607297,0.0045996513178405505,-0.012071233828279867,0.0047242223453583115
SAE,sweep2d_gemma_L2_sae_000896__sae_007583_fineweb_60deg_dirsae_fineweb.pkl,2.2042998510556924,0.008863558892293047,-0.05823017101729631,0.009883502839849578
SAE,sweep2d_gemma_L2_sae_000896__sae_009257_fineweb_60deg_dirsae_fineweb.pkl,1.8849405574323308,0.007611082340634606,0.03953894571252089,0.007214948437738163
SAE,sweep2d_gemma_L2_sae_000896__sae_010171_fineweb_60deg_dirsae_fineweb.pkl,2.1816822155093765,0.004287463811890387,-0.05205333776969491,0.004693857069959487
SAE,sweep2d_gemma_L2_sae_000896__sae_010913_fineweb_60deg_dirsae_fineweb.pkl,2.6084001306056552,0.009819114606048686,-0.13340941381181387,0.016672931379284495
SAE,sweep2d_gemma_L2_sae_000896__sae_011760_fineweb_60deg_dirsae_fineweb.pkl,1.804994096460372,0.0071959129420614614,0.07185846804778939,0.007555647187927806
SAE,sweep2d_gemma_L2_sae_000896__sae_012151_fineweb_60deg_dirsae_fineweb.pkl,2.0544423517779173,0.00889454842411495,-0.020003901303279416,0.00869715785960606
SAE,sweep2d_gemma_L2_sae_000896__sae_012743_fineweb_60deg_dirsae_fineweb.pkl,1.9015167932043613,0.011280065150838348,0.032661403378627975,0.011349709155763821
SAE,sweep2d_gemma_L2_sae_000896__sae_012857_fineweb_60deg_dirsae_fineweb.pkl,2.3663672909340203,0.012731887791708944,-0.09349744752422372,0.013817285967914907
SAE,sweep2d_gemma_L2_sae_000896__sae_013010_fineweb_60deg_dirsae_fineweb.pkl,1.9178290060549468,0.0031915622404858224,0.027750678232768347,0.0033956418524641475
SAE,sweep2d_gemma_L2_sae_000896__sae_013091_fineweb_60deg_dirsae_fineweb.pkl,2.316735978444604,0.005298261162723268,-0.08206235188895723,0.007774093306827153
SAE,sweep2d_gemma_L2_sae_000896__sae_013161_fineweb_60deg_dirsae_fineweb.pkl,2.2010913722462075,0.007781191578392638,-0.05576752568228263,0.009063595977968467
SAE,sweep2d_gemma_L2_sae_000896__sae_014613_fineweb_60deg_dirsae_fineweb.pkl,2.8723129915336862,0.009961542172047777,-0.16921835261186724,0.0190303215208521
SAE,sweep2d_gemma_L2_sae_000896__sae_014886_fineweb_60deg_dirsae_fineweb.pkl,2.2632686356775205,0.009575205205143631,-0.06950827335647163,0.012303975570583037
SAE,sweep2d_gemma_L2_sae_000896__sae_015088_fineweb_60deg_dirsae_fineweb.pkl,1.9679319675495253,0.008519620266418455,0.006979767349150009,0.008568406032400345
SAE,sweep2d_gemma_L2_sae_000896__sae_015246_fineweb_60deg_dirsae_fineweb.pkl,2.211848805545144,0.008638667738180717,-0.06123344066530335,0.00794901988239121
SAE,sweep2d_gemma_L2_sae_000896__sae_015334_fineweb_60deg_dirsae_fineweb.pkl,2.06618287466072,0.004099037114969833,-0.020773554482263194,0.004273310297410384
SAE,sweep2d_gemma_L2_sae_000896__sae_015738_fineweb_60deg_dirsae_fineweb.pkl,1.9923098061758442,0.006835588979399109,0.0004599267998392049,0.007001222209494801
SAE,sweep2d_gemma_L2_sae_000896__sae_016316_fineweb_60deg_dirsae_fineweb.pkl,2.2695578679909625,0.015404653429285592,-0.0814548098321498,0.01394000006181946
SAE,sweep2d_gemma_L2_sae_001249__sae_001820_fineweb_60deg_dirsae_fineweb.pkl,1.8392570472169727,0.004985638410759738,0.057558853711647415,0.00552769132232708
SAE,sweep2d_gemma_L2_sae_001249__sae_003900_fineweb_60deg_dirsae_fineweb.pkl,2.0693495658745356,0.012388203752169768,-0.026144245856190546,0.012698024772060258
SAE,sweep2d_gemma_L2_sae_001249__sae_004091_fineweb_60deg_dirsae_fineweb.pkl,2.5110052747543787,0.019370471104056805,-0.13011240448542824,0.020124163635717597
SAE,sweep2d_gemma_L2_sae_001249__sae_004141_fineweb_60deg_dirsae_fineweb.pkl,2.0561663722639625,0.022767247728317647,-0.02537581524339263,0.0225177685002229
SAE,sweep2d_gemma_L2_sae_001249__sae_004857_fineweb_60deg_dirsae_fineweb.pkl,4.338315297934836,0.036577232170734074,-0.3299213143743356,0.01641840779206845
SAE,sweep2d_gemma_L2_sae_001249__sae_005307_fineweb_60deg_dirsae_fineweb.pkl,2.0176418390594693,0.017143341740983645,-0.012028642473345532,0.017445802274520607
SAE,sweep2d_gemma_L2_sae_001249__sae_005452_fineweb_60deg_dirsae_fineweb.pkl,2.3344160558616616,0.007371694019395918,-0.08671351839819541,0.008710545806193707
SAE,sweep2d_gemma_L2_sae_001249__sae_007398_fineweb_60deg_dirsae_fineweb.pkl,2.2766146070020485,0.009316134047548526,-0.07343691420994897,0.01194515696986069
SAE,sweep2d_gemma_L2_sae_001249__sae_011760_fineweb_60deg_dirsae_fineweb.pkl,1.813845549956013,0.013541084981217333,0.06915361669544416,0.011692056830958811
SAE,sweep2d_gemma_L2_sae_001249__sae_012151_fineweb_60deg_dirsae_fineweb.pkl,2.3425217775813096,0.01960871260645205,-0.09961279961738571,0.01933719956899107
SAE,sweep2d_gemma_L2_sae_001249__sae_012857_fineweb_60deg_dirsae_fineweb.pkl,2.7430587110081825,0.006150997968900843,-0.1547657555314026,0.009024043995232005
SAE,sweep2d_gemma_L2_sae_001249__sae_013010_fineweb_60deg_dirsae_fineweb.pkl,2.139511827301751,0.006422506028281714,-0.04102168732329875,0.0064857718136310215
SAE,sweep2d_gemma_L2_sae_001249__sae_014256_fineweb_60deg_dirsae_fineweb.pkl,2.047186623827351,0.013602002790827085,-0.02412863603262947,0.014009207059005602
SAE,sweep2d_gemma_L2_sae_001249__sae_016316_fineweb_60deg_dirsae_fineweb.pkl,2.9911867186229184,0.02651165198289737,-0.21292507670501157,0.020986968583757364
SAE,sweep2d_gemma_L2_sae_001820__sae_002065_fineweb_60deg_dirsae_fineweb.pkl,2.1177212639622987,0.008873083326219949,-0.03694133472132963,0.008622257211243397
SAE,sweep2d_gemma_L2_sae_001820__sae_002765_fineweb_60deg_dirsae_fineweb.pkl,2.3126392934116295,0.004677980697926239,-0.08235893485486631,0.006072592987950248
SAE,sweep2d_gemma_L2_sae_001820__sae_003900_fineweb_60deg_dirsae_fineweb.pkl,1.993566809893946,0.008040813221528673,-0.0007413687697126378,0.008222473679440715
SAE,sweep2d_gemma_L2_sae_001820__sae_004091_fineweb_60deg_dirsae_fineweb.pkl,2.0418498141471737,0.012053732909083887,-0.013635318820068666,0.012267845680733261
SAE,sweep2d_gemma_L2_sae_001820__sae_004141_fineweb_60deg_dirsae_fineweb.pkl,2.1210380103159454,0.005886374704003574,-0.03756851955741724,0.0047856271362569066
SAE,sweep2d_gemma_L2_sae_001820__sae_004857_fineweb_60deg_dirsae_fineweb.pkl,2.4484468894772538,0.011872130212181416,-0.10985449360314717,0.014319786654771217
SAE,sweep2d_gemma_L2_sae_001820__sae_005307_fineweb_60deg_dirsae_fineweb.pkl,2.079606658297708,0.012505083692132267,-0.02512101740332107,0.012491582776098027
SAE,sweep2d_gemma_L2_sae_001820__sae_005452_fineweb_60deg_dirsae_fineweb.pkl,3.119882174198748,0.030096786311000448,-0.2240243253214422,0.025655228829876475
SAE,sweep2d_gemma_L2_sae_001820__sae_006534_fineweb_60deg_dirsae_fineweb.pkl,1.8866992155734714,0.004162329090667646,0.038870910303627555,0.004595154233296039
SAE,sweep2d_gemma_L2_sae_001820__sae_007398_fineweb_60deg_dirsae_fineweb.pkl,2.0222069144358548,0.01315782051952741,-0.008283581096947944,0.013127615204681324
SAE,sweep2d_gemma_L2_sae_001820__sae_007583_fineweb_60deg_dirsae_fineweb.pkl,2.5432331137541824,0.01211358636307392,-0.12820704611365097,0.011236290865847173
SAE,sweep2d_gemma_L2_sae_001820__sae_009257_fineweb_60deg_dirsae_fineweb.pkl,1.9760223624992164,0.008951934844299616,0.00871189564048772,0.008736304978654057
SAE,sweep2d_gemma_L2_sae_001820__sae_010171_fineweb_60deg_dirsae_fineweb.pkl,2.3844520613633815,0.010024333060493981,-0.09602010553275131,0.013232761271391873
SAE,sweep2d_gemma_L2_sae_001820__sae_010913_fineweb_60deg_dirsae_fineweb.pkl,2.0551434634431778,0.008787967392119221,-0.015732405937349776,0.009409590326479518
SAE,sweep2d_gemma_L2_sae_001820__sae_011760_fineweb_60deg_dirsae_fineweb.pkl,1.7888841733790377,0.015061569193865334,0.07761559246981516,0.014541215125783673
SAE,sweep2d_gemma_L2_sae_001820__sae_012151_fineweb_60deg_dirsae_fineweb.pkl,2.004564132495672,0.013690765842336739,-0.00639174519887769,0.01350813953335934
SAE,sweep2d_gemma_L2_sae_001820__sae_012743_fineweb_60deg_dirsae_fineweb.pkl,1.906907227953774,0.007633122402478589,0.0315578766831847,0.007536493325467643
SAE,sweep2d_gemma_L2_sae_001820__sae_012857_fineweb_60deg_dirsae_fineweb.pkl,2.493131958737149,0.009096538426978915,-0.11758343112271752,0.009848863946635294
SAE,sweep2d_gemma_L2_sae_001820__sae_013010_fineweb_60deg_dirsae_fineweb.pkl,2.006120275467495,0.006235493279622515,-0.0010707064330984697,0.006244589141888925
SAE,sweep2d_gemma_L2_sae_001820__sae_013091_fineweb_60deg_dirsae_fineweb.pkl,2.238898775569466,0.012104055690540388,-0.06426996444681948,0.014194560857556616
SAE,sweep2d_gemma_L2_sae_001820__sae_013161_fineweb_60deg_dirsae_fineweb.pkl,2.104186919374839,0.01030261671910925,-0.030177596497079004,0.011054654887971221
SAE,sweep2d_gemma_L2_sae_001820__sae_014256_fineweb_60deg_dirsae_fineweb.pkl,2.0318045062662162,0.011059691086247766,-0.011458090506620144,0.01091854078668884
SAE,sweep2d_gemma_L2_sae_001820__sae_014613_fineweb_60deg_dirsae_fineweb.pkl,2.3395602964433975,0.007408485736520826,-0.08796521561556465,0.007945686216293098
SAE,sweep2d_gemma_L2_sae_001820__sae_014886_fineweb_60deg_dirsae_fineweb.pkl,2.0757111246521918,0.0076982729897940695,-0.021819350228960605,0.00861317007332749
SAE,sweep2d_gemma_L2_sae_001820__sae_015088_fineweb_60deg_dirsae_fineweb.pkl,1.9576211046428165,0.006710504753005983,0.012748777127159843,0.006718357969022084
SAE,sweep2d_gemma_L2_sae_001820__sae_015246_fineweb_60deg_dirsae_fineweb.pkl,2.0020043672374377,0.014142677401586463,-0.003460480981423232,0.01409317296846206
SAE,sweep2d_gemma_L2_sae_001820__sae_015334_fineweb_60deg_dirsae_fineweb.pkl,1.8926568485574855,0.01071073873498512,0.0381348870648562,0.009652638044217055
SAE,sweep2d_gemma_L2_sae_001820__sae_015738_fineweb_60deg_dirsae_fineweb.pkl,1.9711871894302824,0.007922255278378696,0.008156811195351646,0.00803722972809544
SAE,sweep2d_gemma_L2_sae_001820__sae_016316_fineweb_60deg_dirsae_fineweb.pkl,2.1959206804003566,0.005846076342391003,-0.05447868877116305,0.006808464026109675
SAE,sweep2d_gemma_L2_sae_002065__sae_002765_fineweb_60deg_dirsae_fineweb.pkl,1.822592656544864,0.019706087090648892,0.05644716799934329,0.021062450428345987
SAE,sweep2d_gemma_L2_sae_002065__sae_004091_fineweb_60deg_dirsae_fineweb.pkl,1.6568637215045847,0.014950333400534633,0.14009943946967615,0.016647695920422825
SAE,sweep2d_gemma_L2_sae_002065__sae_004141_fineweb_60deg_dirsae_fineweb.pkl,1.7070342980019433,0.009336352335009363,0.11628369273740287,0.01140134041167975
SAE,sweep2d_gemma_L2_sae_002065__sae_004857_fineweb_60deg_dirsae_fineweb.pkl,3.1732223846611114,0.02964948798485193,-0.2297242817636553,0.020502690088834714
SAE,sweep2d_gemma_L2_sae_002065__sae_005452_fineweb_60deg_dirsae_fineweb.pkl,2.8503640160198085,0.0400282439059991,-0.22165535263811692,0.037540676510476996
SAE,sweep2d_gemma_L2_sae_002065__sae_007398_fineweb_60deg_dirsae_fineweb.pkl,2.4168604953842334,0.014359754176211168,-0.11199488406431932,0.009588381599832108
SAE,sweep2d_gemma_L2_sae_002065__sae_007583_fineweb_60deg_dirsae_fineweb.pkl,2.165956142098762,0.017042816934026726,-0.0518414637818395,0.017355932726445374
SAE,sweep2d_gemma_L2_sae_002065__sae_009257_fineweb_60deg_dirsae_fineweb.pkl,1.8831683773057302,0.03326933705674285,0.012756550711406993,0.03575155526727417
SAE,sweep2d_gemma_L2_sae_002065__sae_010171_fineweb_60deg_dirsae_fineweb.pkl,1.7708370671633098,0.025092893117417307,0.07257047382370255,0.027706778316739865
SAE,sweep2d_gemma_L2_sae_002065__sae_010913_fineweb_60deg_dirsae_fineweb.pkl,1.9930891531850392,0.006024247632509353,0.0007441297042420184,0.0060567931707555854
SAE,sweep2d_gemma_L2_sae_002065__sae_011760_fineweb_60deg_dirsae_fineweb.pkl,1.722393923026495,0.007911477662702542,0.11142036556760472,0.006291984488805512
SAE,sweep2d_gemma_L2_sae_002065__sae_012743_fineweb_60deg_dirsae_fineweb.pkl,1.6871034405452088,0.01590367816776248,0.1214245473915396,0.01900525497332701
SAE,sweep2d_gemma_L2_sae_002065__sae_012857_fineweb_60deg_dirsae_fineweb.pkl,1.9178855879571302,0.01327760778649232,0.022826676805846838,0.013575550385361417
SAE,sweep2d_gemma_L2_sae_002065__sae_013091_fineweb_60deg_dirsae_fineweb.pkl,2.0459347408231876,0.010420912059760966,-0.015878564797125398,0.010424933357695213
SAE,sweep2d_gemma_L2_sae_002065__sae_013161_fineweb_60deg_dirsae_fineweb.pkl,2.564250243610284,0.004837426303672113,-0.1274384323729606,0.009524668632977528
SAE,sweep2d_gemma_L2_sae_002065__sae_014256_fineweb_60deg_dirsae_fineweb.pkl,2.313657581723843,0.00875821235372374,-0.08446132942004574,0.008530535597809764
SAE,sweep2d_gemma_L2_sae_002065__sae_014613_fineweb_60deg_dirsae_fineweb.pkl,1.947614314091605,0.013667435792015846,0.012793383900107414,0.013842231330756334
SAE,sweep2d_gemma_L2_sae_002065__sae_014886_fineweb_60deg_dirsae_fineweb.pkl,2.2406300752679527,0.005520430376161965,-0.0657727927555713,0.006682004283137959
SAE,sweep2d_gemma_L2_sae_002065__sae_015088_fineweb_60deg_dirsae_fineweb.pkl,1.972926511448195,0.00890108921476124,0.005175993839785205,0.00924515232689206
SAE,sweep2d_gemma_L2_sae_002065__sae_015246_fineweb_60deg_dirsae_fineweb.pkl,2.214153695544818,0.007851962164483375,-0.059590795981233534,0.008695481586934641
SAE,sweep2d_gemma_L2_sae_002065__sae_015334_fineweb_60deg_dirsae_fineweb.pkl,1.7877487252868152,0.005387354233059385,0.07878734712062196,0.006045710362893244
SAE,sweep2d_gemma_L2_sae_002065__sae_015738_fineweb_60deg_dirsae_fineweb.pkl,2.064126835429839,0.005157912226727941,-0.021121545950572328,0.004777968201312768
SAE,sweep2d_gemma_L2_sae_002065__sae_016316_fineweb_60deg_dirsae_fineweb.pkl,2.443278069778336,0.00466461499519398,-0.10896851765480565,0.003840085876966982
SAE,sweep2d_gemma_L2_sae_002765__sae_003900_fineweb_60deg_dirsae_fineweb.pkl,2.261404077895179,0.013737162256468795,-0.07048350183127637,0.015330176624340955
SAE,sweep2d_gemma_L2_sae_002765__sae_004091_fineweb_60deg_dirsae_fineweb.pkl,2.336342237376445,0.015254209168189965,-0.09288317640887195,0.01593655796908443
SAE,sweep2d_gemma_L2_sae_002765__sae_004857_fineweb_60deg_dirsae_fineweb.pkl,3.677541454849649,0.030893226253697448,-0.27209678055305914,0.028620554605783697
SAE,sweep2d_gemma_L2_sae_002765__sae_005307_fineweb_60deg_dirsae_fineweb.pkl,2.307265678694997,0.01002087359934616,-0.080501592244912,0.012153268015277916
SAE,sweep2d_gemma_L2_sae_002765__sae_005452_fineweb_60deg_dirsae_fineweb.pkl,2.149037193246245,0.05056040004137581,-0.10113302627105804,0.05401486007281012
SAE,sweep2d_gemma_L2_sae_002765__sae_006534_fineweb_60deg_dirsae_fineweb.pkl,2.689830910210211,0.006656297507422467,-0.14725552769036973,0.011561061912545363
SAE,sweep2d_gemma_L2_sae_002765__sae_007398_fineweb_60deg_dirsae_fineweb.pkl,2.6935727938515064,0.01089357288447082,-0.14644562227751953,0.017464329034730296
SAE,sweep2d_gemma_L2_sae_002765__sae_011760_fineweb_60deg_dirsae_fineweb.pkl,1.9924091072530044,0.012943894099762552,0.0007179905710483839,0.012808914440643903
SAE,sweep2d_gemma_L2_sae_002765__sae_012151_fineweb_60deg_dirsae_fineweb.pkl,2.0999012978495553,0.026100374024952414,-0.04706502073150717,0.023547685172426672
SAE,sweep2d_gemma_L2_sae_002765__sae_012857_fineweb_60deg_dirsae_fineweb.pkl,2.897341089616061,0.008177777905285972,-0.17058286955037724,0.0178892503089451
SAE,sweep2d_gemma_L2_sae_002765__sae_013010_fineweb_60deg_dirsae_fineweb.pkl,2.100096306063026,0.007863057787094693,-0.029418396159700926,0.008557065405356473
SAE,sweep2d_gemma_L2_sae_002765__sae_014256_fineweb_60deg_dirsae_fineweb.pkl,1.9867198338891567,0.009005391368747688,0.0015902616761539912,0.009023094480127766
SAE,sweep2d_gemma_L2_sae_002765__sae_015088_fineweb_60deg_dirsae_fineweb.pkl,4.218020637858897,0.0209417122237939,-0.28668149912607815,0.01980223318348359
SAE,sweep2d_gemma_L2_sae_002765__sae_015334_fineweb_60deg_dirsae_fineweb.pkl,2.280891493090157,0.007551169115472353,-0.07530775601705983,0.008457285874104624
SAE,sweep2d_gemma_L2_sae_002765__sae_016316_fineweb_60deg_dirsae_fineweb.pkl,2.244868695469033,0.02193590850716284,-0.07471054517962798,0.02283568973720354
SAE,sweep2d_gemma_L2_sae_003900__sae_004091_fineweb_60deg_dirsae_fineweb.pkl,1.9816489164543396,0.007437216900540442,0.0032991591130320645,0.007543304992636896
SAE,sweep2d_gemma_L2_sae_003900__sae_004141_fineweb_60deg_dirsae_fineweb.pkl,1.9649645954749533,0.005526346785488316,0.01048813015931028,0.005644304900518901
SAE,sweep2d_gemma_L2_sae_003900__sae_004857_fineweb_60deg_dirsae_fineweb.pkl,3.226431711608718,0.011949054737782664,-0.2153319618248624,0.011752626939888502
SAE,sweep2d_gemma_L2_sae_003900__sae_005452_fineweb_60deg_dirsae_fineweb.pkl,2.486276687363445,0.040477775176187995,-0.156205129878263,0.0385104000582203
SAE,sweep2d_gemma_L2_sae_003900__sae_007583_fineweb_60deg_dirsae_fineweb.pkl,2.5656612154634906,0.006686058871294619,-0.13082780304005975,0.005203882112845958
SAE,sweep2d_gemma_L2_sae_003900__sae_009257_fineweb_60deg_dirsae_fineweb.pkl,2.0570034444898,0.009561956908779201,-0.018112153555611313,0.009950544627080605
SAE,sweep2d_gemma_L2_sae_003900__sae_010171_fineweb_60deg_dirsae_fineweb.pkl,2.22492401710357,0.008753566123179271,-0.06181151139746338,0.009614701200726222
SAE,sweep2d_gemma_L2_sae_003900__sae_011760_fineweb_60deg_dirsae_fineweb.pkl,1.7929960431522995,0.022250695235312753,0.07194278868461793,0.022158030840561702
SAE,sweep2d_gemma_L2_sae_003900__sae_012743_fineweb_60deg_dirsae_fineweb.pkl,2.1875053044936914,0.008302607349472097,-0.05344048817072754,0.008579858151672986
SAE,sweep2d_gemma_L2_sae_003900__sae_012857_fineweb_60deg_dirsae_fineweb.pkl,2.2108882413153563,0.005555841972831535,-0.057864127898094905,0.007055218427309746
SAE,sweep2d_gemma_L2_sae_003900__sae_013091_fineweb_60deg_dirsae_fineweb.pkl,2.430283895928408,0.006659135907853348,-0.10643912104409602,0.00626691778131595
SAE,sweep2d_gemma_L2_sae_003900__sae_013161_fineweb_60deg_dirsae_fineweb.pkl,2.080157040575466,0.004722636157240977,-0.023873611548546763,0.0052613423620533365
SAE,sweep2d_gemma_L2_sae_003900__sae_014613_fineweb_60deg_dirsae_fineweb.pkl,2.3267548390477777,0.006156544745795193,-0.08637084665610463,0.006521245498239875
SAE,sweep2d_gemma_L2_sae_003900__sae_014886_fineweb_60deg_dirsae_fineweb.pkl,2.085928699324876,0.0038422115893707066,-0.026318680246578702,0.0037279432817828202
SAE,sweep2d_gemma_L2_sae_003900__sae_015088_fineweb_60deg_dirsae_fineweb.pkl,1.9176818555619732,0.004799107653657222,0.02673776644966917,0.005357991910591508
SAE,sweep2d_gemma_L2_sae_003900__sae_015246_fineweb_60deg_dirsae_fineweb.pkl,2.23039099161477,0.0055657546902826965,-0.06501139283735462,0.004230887831029058
SAE,sweep2d_gemma_L2_sae_003900__sae_015738_fineweb_60deg_dirsae_fineweb.pkl,1.7864566445287444,0.004723281304201236,0.08137389440061905,0.0030971933318740493
SAE,sweep2d_gemma_L2_sae_003900__sae_016316_fineweb_60deg_dirsae_fineweb.pkl,1.9910236519497628,0.01117090068967065,0.001591601845088608,0.011109089246654285
SAE,sweep2d_gemma_L2_sae_004091__sae_004141_fineweb_60deg_dirsae_fineweb.pkl,1.9770809947973749,0.005559925877169832,0.006609302491876459,0.005523900685355957
SAE,sweep2d_gemma_L2_sae_004091__sae_004857_fineweb_60deg_dirsae_fineweb.pkl,2.1025317625096926,0.03169690704441651,-0.044339966190071446,0.03156341867540627
SAE,sweep2d_gemma_L2_sae_004091__sae_005307_fineweb_60deg_dirsae_fineweb.pkl,1.7947975723111653,0.014903789550989588,0.07225410897499022,0.01565282418368808
SAE,sweep2d_gemma_L2_sae_004091__sae_005452_fineweb_60deg_dirsae_fineweb.pkl,2.3621773136594597,0.01579194699337969,-0.09649585866649654,0.01678769797764876
SAE,sweep2d_gemma_L2_sae_004091__sae_006534_fineweb_60deg_dirsae_fineweb.pkl,1.8818141721829984,0.017741062611493406,0.037342619634370154,0.01779497222994566
SAE,sweep2d_gemma_L2_sae_004091__sae_007398_fineweb_60deg_dirsae_fineweb.pkl,2.1308019587185933,0.01125259345403123,-0.03942377646383672,0.011564998480342214
SAE,sweep2d_gemma_L2_sae_004091__sae_007583_fineweb_60deg_dirsae_fineweb.pkl,2.416751940569222,0.015299486525313185,-0.11040880581522218,0.012197501359081719
SAE,sweep2d_gemma_L2_sae_004091__sae_009257_fineweb_60deg_dirsae_fineweb.pkl,2.0996825297923962,0.012507634290264542,-0.03520698697485856,0.012252634550703542
SAE,sweep2d_gemma_L2_sae_004091__sae_010171_fineweb_60deg_dirsae_fineweb.pkl,2.6842745568698207,0.009527549979483652,-0.14640891245701235,0.015716792061773382
SAE,sweep2d_gemma_L2_sae_004091__sae_010913_fineweb_60deg_dirsae_fineweb.pkl,2.5386533865287357,0.020945627447502533,-0.1329097854288807,0.023168149173175584
SAE,sweep2d_gemma_L2_sae_004091__sae_011760_fineweb_60deg_dirsae_fineweb.pkl,1.7339844379881832,0.00727188592835369,0.10321483559678371,0.008679631579083955
SAE,sweep2d_gemma_L2_sae_004091__sae_012151_fineweb_60deg_dirsae_fineweb.pkl,1.8604091463051529,0.014494683748230193,0.04644344729262756,0.014412221729206738
SAE,sweep2d_gemma_L2_sae_004091__sae_012743_fineweb_60deg_dirsae_fineweb.pkl,2.568231617748325,0.007819553527164621,-0.13029441207785275,0.00950535042550768
SAE,sweep2d_gemma_L2_sae_004091__sae_012857_fineweb_60deg_dirsae_fineweb.pkl,2.564748699095615,0.007541502874756021,-0.12789799498027166,0.011744016244401814
SAE,sweep2d_gemma_L2_sae_004091__sae_013010_fineweb_60deg_dirsae_fineweb.pkl,2.0309262740769687,0.015150603426775605,-0.009736882529477972,0.015393573204767183
SAE,sweep2d_gemma_L2_sae_004091__sae_013091_fineweb_60deg_dirsae_fineweb.pkl,2.4787417946862873,0.01184083220615756,-0.11575257959658215,0.015322152999455947
SAE,sweep2d_gemma_L2_sae_004091__sae_013161_fineweb_60deg_dirsae_fineweb.pkl,2.0164403351765734,0.010441115527859056,-0.0071177514788189145,0.01037037119963087
SAE,sweep2d_gemma_L2_sae_004091__sae_014256_fineweb_60deg_dirsae_fineweb.pkl,2.2315248079218604,0.022534726363766702,-0.07218049060903031,0.023200833097098816
SAE,sweep2d_gemma_L2_sae_004091__sae_014613_fineweb_60deg_dirsae_fineweb.pkl,2.627819615742739,0.019002970222901844,-0.14497231083286813,0.02142050153481363
SAE,sweep2d_gemma_L2_sae_004091__sae_014886_fineweb_60deg_dirsae_fineweb.pkl,2.5012815320888144,0.015283942485194857,-0.12010011208932904,0.017262830020475264
SAE,sweep2d_gemma_L2_sae_004091__sae_015088_fineweb_60deg_dirsae_fineweb.pkl,2.1705198824376954,0.02028697337286448,-0.05765899084805613,0.019430301667308744
SAE,sweep2d_gemma_L2_sae_004091__sae_015246_fineweb_60deg_dirsae_fineweb.pkl,2.254125949381391,0.018892458926000076,-0.07560169794856798,0.019136955719833974
SAE,sweep2d_gemma_L2_sae_004091__sae_015334_fineweb_60deg_dirsae_fineweb.pkl,1.8554590561969984,0.008529834771893941,0.05123122036223928,0.007740215199842012
SAE,sweep2d_gemma_L2_sae_004091__sae_015738_fineweb_60deg_dirsae_fineweb.pkl,1.8287907911496113,0.008870253783706497,0.06160347855144544,0.008815111930324979
SAE,sweep2d_gemma_L2_sae_004091__sae_016316_fineweb_60deg_dirsae_fineweb.pkl,2.0147186032779474,0.0169029743670696,-0.009523779992730755,0.01681842838211909
SAE,sweep2d_gemma_L2_sae_004141__sae_004857_fineweb_60deg_dirsae_fineweb.pkl,2.357961043588058,0.003965998658066827,-0.09094033528279709,0.005453448627937452
SAE,sweep2d_gemma_L2_sae_004141__sae_005307_fineweb_60deg_dirsae_fineweb.pkl,1.6714103134492557,0.010484359559004916,0.1329078076912992,0.012508226156169354
SAE,sweep2d_gemma_L2_sae_004141__sae_005452_fineweb_60deg_dirsae_fineweb.pkl,2.6738752963696633,0.03551240822351156,-0.19005878552768202,0.03324330830295787
SAE,sweep2d_gemma_L2_sae_004141__sae_006534_fineweb_60deg_dirsae_fineweb.pkl,1.8483070731453357,0.010444857652011613,0.05122167091299888,0.011551074277595727
SAE,sweep2d_gemma_L2_sae_004141__sae_007398_fineweb_60deg_dirsae_fineweb.pkl,1.938202709016632,0.0069577056610543395,0.02141882344836355,0.006319148005141186
SAE,sweep2d_gemma_L2_sae_004141__sae_007583_fineweb_60deg_dirsae_fineweb.pkl,1.924239901050766,0.006418687349966477,0.026334953079887456,0.0056680491695157665
SAE,sweep2d_gemma_L2_sae_004141__sae_009257_fineweb_60deg_dirsae_fineweb.pkl,1.937784556155244,0.005896132133790671,0.021585048285248862,0.005391564731741972
SAE,sweep2d_gemma_L2_sae_004141__sae_010171_fineweb_60deg_dirsae_fineweb.pkl,2.206981298101071,0.00863513175228517,-0.05677509932889024,0.010308794417721789
SAE,sweep2d_gemma_L2_sae_004141__sae_010913_fineweb_60deg_dirsae_fineweb.pkl,2.101861042924466,0.005165006154911533,-0.029873961725424485,0.005729658964834187
SAE,sweep2d_gemma_L2_sae_004141__sae_011760_fineweb_60deg_dirsae_fineweb.pkl,1.9205379981616548,0.007494080895594714,0.026389494415550777,0.007396302402235086
SAE,sweep2d_gemma_L2_sae_004141__sae_012151_fineweb_60deg_dirsae_fineweb.pkl,2.0287940894284033,0.005928580892355062,-0.011333346170213941,0.006009157203622595
SAE,sweep2d_gemma_L2_sae_004141__sae_012743_fineweb_60deg_dirsae_fineweb.pkl,1.6773751972194357,0.0068534671955084205,0.13441566471753255,0.004701476477516731
SAE,sweep2d_gemma_L2_sae_004141__sae_012857_fineweb_60deg_dirsae_fineweb.pkl,2.2411113371032094,0.005444379048055196,-0.06549923208243619,0.006593314039150009
SAE,sweep2d_gemma_L2_sae_004141__sae_013010_fineweb_60deg_dirsae_fineweb.pkl,1.9522134997475684,0.005253692462614787,0.015199265124346733,0.005303756980068183
SAE,sweep2d_gemma_L2_sae_004141__sae_013091_fineweb_60deg_dirsae_fineweb.pkl,2.1772160446450854,0.007020744106149708,-0.05074179786867515,0.0075955387560755995
SAE,sweep2d_gemma_L2_sae_004141__sae_013161_fineweb_60deg_dirsae_fineweb.pkl,1.9823495321342377,0.0135340424583638,0.0028455615526104725,0.013793428469188103
SAE,sweep2d_gemma_L2_sae_004141__sae_014256_fineweb_60deg_dirsae_fineweb.pkl,2.2907335939378695,0.009118549920972791,-0.07780193253575107,0.009821000464719445
SAE,sweep2d_gemma_L2_sae_004141__sae_014613_fineweb_60deg_dirsae_fineweb.pkl,2.3463441586329843,0.011189774834718854,-0.09206384134716863,0.010893693438427625
SAE,sweep2d_gemma_L2_sae_004141__sae_014886_fineweb_60deg_dirsae_fineweb.pkl,1.8493467493272207,0.007498969577387258,0.055068561276481826,0.005930423300423999
SAE,sweep2d_gemma_L2_sae_004141__sae_015246_fineweb_60deg_dirsae_fineweb.pkl,1.9201276812754513,0.0053828186845755865,0.027803960011581058,0.004860953009749256
SAE,sweep2d_gemma_L2_sae_004141__sae_015334_fineweb_60deg_dirsae_fineweb.pkl,1.8879712409250926,0.0037668707145623033,0.03907727533586084,0.0038151293365356964
SAE,sweep2d_gemma_L2_sae_004141__sae_015738_fineweb_60deg_dirsae_fineweb.pkl,2.0337782624305847,0.0028479957505075314,-0.010719106641022703,0.0028939916112841494
SAE,sweep2d_gemma_L2_sae_004141__sae_016316_fineweb_60deg_dirsae_fineweb.pkl,2.0742492942972324,0.0222588085170811,-0.03248855422560081,0.021812751994093316
SAE,sweep2d_gemma_L2_sae_004857__sae_005307_fineweb_60deg_dirsae_fineweb.pkl,3.5312818129242305,0.033238141489101716,-0.2799101174303497,0.026016017701488377
SAE,sweep2d_gemma_L2_sae_004857__sae_005452_fineweb_60deg_dirsae_fineweb.pkl,3.8926979199109137,0.023818498224911597,-0.27300269220475454,0.015014262670363347
SAE,sweep2d_gemma_L2_sae_004857__sae_006534_fineweb_60deg_dirsae_fineweb.pkl,3.5719854664519604,0.024888230187729888,-0.2561213459512442,0.017312361281078305
SAE,sweep2d_gemma_L2_sae_004857__sae_007398_fineweb_60deg_dirsae_fineweb.pkl,4.022868733113073,0.013589135364190022,-0.2698518899075527,0.011480848098519023
SAE,sweep2d_gemma_L2_sae_004857__sae_007583_fineweb_60deg_dirsae_fineweb.pkl,2.981672755591292,0.008384269746829934,-0.18544016244228018,0.009874185403035477
SAE,sweep2d_gemma_L2_sae_004857__sae_009257_fineweb_60deg_dirsae_fineweb.pkl,3.1017837047348604,0.02278042030763153,-0.20533839210139168,0.02357931083213404
SAE,sweep2d_gemma_L2_sae_004857__sae_010171_fineweb_60deg_dirsae_fineweb.pkl,3.913179644483301,0.024923755874049207,-0.2879197683226299,0.020724595709783813
SAE,sweep2d_gemma_L2_sae_004857__sae_010913_fineweb_60deg_dirsae_fineweb.pkl,3.3628260202785842,0.02463097148882151,-0.23078891906247417,0.02790560471825511
SAE,sweep2d_gemma_L2_sae_004857__sae_011760_fineweb_60deg_dirsae_fineweb.pkl,1.9142081247020888,0.02323149254078378,0.019845028201917577,0.023146126545160822
SAE,sweep2d_gemma_L2_sae_004857__sae_012151_fineweb_60deg_dirsae_fineweb.pkl,2.750233234873388,0.019453501502200394,-0.16483861622573115,0.017575126482351926
SAE,sweep2d_gemma_L2_sae_004857__sae_012743_fineweb_60deg_dirsae_fineweb.pkl,3.221168533490837,0.015791027778459955,-0.21621448619264003,0.015277233586567398
SAE,sweep2d_gemma_L2_sae_004857__sae_012857_fineweb_60deg_dirsae_fineweb.pkl,2.4907282215850577,0.021641199116156157,-0.1192293501881153,0.025877366951742656
SAE,sweep2d_gemma_L2_sae_004857__sae_013010_fineweb_60deg_dirsae_fineweb.pkl,4.072988147458674,0.02092811673657916,-0.2823518280677846,0.01865115202601935
SAE,sweep2d_gemma_L2_sae_004857__sae_013091_fineweb_60deg_dirsae_fineweb.pkl,3.308859289329002,0.05823864507091594,-0.3304275239851574,0.03824065796952327
SAE,sweep2d_gemma_L2_sae_004857__sae_013161_fineweb_60deg_dirsae_fineweb.pkl,2.2749634942288988,0.01414100793871274,-0.07785485553793547,0.01370105906385913
SAE,sweep2d_gemma_L2_sae_004857__sae_014256_fineweb_60deg_dirsae_fineweb.pkl,2.393782388835824,0.010393473736444083,-0.10165507492354545,0.009294931560632418
SAE,sweep2d_gemma_L2_sae_004857__sae_014886_fineweb_60deg_dirsae_fineweb.pkl,3.022417222208608,0.01833395557692322,-0.19214335880684058,0.021016054905434366
SAE,sweep2d_gemma_L2_sae_004857__sae_015246_fineweb_60deg_dirsae_fineweb.pkl,3.1116146849330084,0.019514354994742036,-0.2088071836022531,0.01892438548038158
SAE,sweep2d_gemma_L2_sae_004857__sae_015334_fineweb_60deg_dirsae_fineweb.pkl,2.722910313616394,0.012775744951986495,-0.15339438519859608,0.013913526336589788
SAE,sweep2d_gemma_L2_sae_004857__sae_015738_fineweb_60deg_dirsae_fineweb.pkl,2.3374039041321377,0.006315597936703547,-0.08714988244364956,0.007415433925088003
SAE,sweep2d_gemma_L2_sae_004857__sae_016316_fineweb_60deg_dirsae_fineweb.pkl,2.365447466304736,0.013740741419015018,-0.09609284096632614,0.014047184169459593
SAE,sweep2d_gemma_L2_sae_005307__sae_007398_fineweb_60deg_dirsae_fineweb.pkl,2.1784023823886915,0.004543815430610091,-0.050607066082800994,0.004936421876334168
SAE,sweep2d_gemma_L2_sae_005307__sae_007583_fineweb_60deg_dirsae_fineweb.pkl,2.330774908749546,0.013367020781394753,-0.0885118368601255,0.012619424649199355
SAE,sweep2d_gemma_L2_sae_005307__sae_009257_fineweb_60deg_dirsae_fineweb.pkl,1.991265030048623,0.011899573467385651,-0.00046422845759568743,0.012276610395583889
SAE,sweep2d_gemma_L2_sae_005307__sae_010171_fineweb_60deg_dirsae_fineweb.pkl,2.0621230703145215,0.010281390565993476,-0.01964637261675439,0.010457398733174113
SAE,sweep2d_gemma_L2_sae_005307__sae_010913_fineweb_60deg_dirsae_fineweb.pkl,2.6234497505781977,0.00930420227577794,-0.1372686774775993,0.013775081686088693
SAE,sweep2d_gemma_L2_sae_005307__sae_011760_fineweb_60deg_dirsae_fineweb.pkl,1.812875587475905,0.018260960494461673,0.06638970460004982,0.017723711510692224
SAE,sweep2d_gemma_L2_sae_005307__sae_012743_fineweb_60deg_dirsae_fineweb.pkl,1.9997689239588627,0.024226732594357057,-0.012720419261428023,0.024444519515649563
SAE,sweep2d_gemma_L2_sae_005307__sae_012857_fineweb_60deg_dirsae_fineweb.pkl,2.4269988285772865,0.011732792576089267,-0.10284224428881775,0.016438450867515095
SAE,sweep2d_gemma_L2_sae_005307__sae_013091_fineweb_60deg_dirsae_fineweb.pkl,2.3548541964234126,0.012911989477888092,-0.09171917515153231,0.01539798277426004
SAE,sweep2d_gemma_L2_sae_005307__sae_013161_fineweb_60deg_dirsae_fineweb.pkl,2.5347372552545764,0.01142004900170399,-0.12652848015609994,0.013521690159992574
SAE,sweep2d_gemma_L2_sae_005307__sae_014256_fineweb_60deg_dirsae_fineweb.pkl,2.2785015873925865,0.013535678621639402,-0.08211266023117823,0.013164123763412078
SAE,sweep2d_gemma_L2_sae_005307__sae_014613_fineweb_60deg_dirsae_fineweb.pkl,2.3953930667976655,0.011100391440411642,-0.10167148039834034,0.009860117347364361
SAE,sweep2d_gemma_L2_sae_005307__sae_014886_fineweb_60deg_dirsae_fineweb.pkl,2.4631797010983623,0.014027737759994753,-0.10948051241141277,0.019287928936730186
SAE,sweep2d_gemma_L2_sae_005307__sae_015088_fineweb_60deg_dirsae_fineweb.pkl,2.3422147359155576,0.010306030788482468,-0.0904077320564601,0.010917607595751052
SAE,sweep2d_gemma_L2_sae_005307__sae_015246_fineweb_60deg_dirsae_fineweb.pkl,2.443702936036762,0.00617033579314371,-0.11045850558172511,0.0038019220274093657
SAE,sweep2d_gemma_L2_sae_005307__sae_015334_fineweb_60deg_dirsae_fineweb.pkl,1.875720334490348,0.011762882520422666,0.04158204668123735,0.012203849667101533
SAE,sweep2d_gemma_L2_sae_005307__sae_015738_fineweb_60deg_dirsae_fineweb.pkl,2.2274011884459264,0.015929886732098168,-0.06575705868929617,0.015970797112669757
SAE,sweep2d_gemma_L2_sae_005307__sae_016316_fineweb_60deg_dirsae_fineweb.pkl,2.382720302095958,0.007981232271457177,-0.10012189740229119,0.007321728825789964
SAE,sweep2d_gemma_L2_sae_005452__sae_006534_fineweb_60deg_dirsae_fineweb.pkl,2.3904119152563155,0.025034863946724793,-0.11084521051919795,0.024098360957866095
SAE,sweep2d_gemma_L2_sae_005452__sae_007583_fineweb_60deg_dirsae_fineweb.pkl,2.3421571621420707,0.025228550760011733,-0.10329891082703742,0.024000576435139434
SAE,sweep2d_gemma_L2_sae_005452__sae_009257_fineweb_60deg_dirsae_fineweb.pkl,2.562409898088846,0.027413810940404137,-0.1428106340937064,0.024342790126480628
SAE,sweep2d_gemma_L2_sae_005452__sae_010171_fineweb_60deg_dirsae_fineweb.pkl,2.035743300274213,0.011570318232329142,-0.014289128688338407,0.01172682297683036
SAE,sweep2d_gemma_L2_sae_005452__sae_011760_fineweb_60deg_dirsae_fineweb.pkl,2.5135256733567104,0.04861147793220655,-0.17164445841848414,0.04526463883672252
SAE,sweep2d_gemma_L2_sae_005452__sae_012743_fineweb_60deg_dirsae_fineweb.pkl,2.343733029115954,0.015429721115473076,-0.09889490416416102,0.014418137036781653
SAE,sweep2d_gemma_L2_sae_005452__sae_012857_fineweb_60deg_dirsae_fineweb.pkl,2.5097551262051,0.014159376167892923,-0.11768241421908318,0.019743891568459508
SAE,sweep2d_gemma_L2_sae_005452__sae_013010_fineweb_60deg_dirsae_fineweb.pkl,2.756069958954452,0.024422599864056233,-0.17324669423259362,0.021911127317748406
SAE,sweep2d_gemma_L2_sae_005452__sae_013091_fineweb_60deg_dirsae_fineweb.pkl,2.5244436952951457,0.02406050124097188,-0.14445922724787855,0.02246905806308527
SAE,sweep2d_gemma_L2_sae_005452__sae_013161_fineweb_60deg_dirsae_fineweb.pkl,3.652453429459915,0.01833102473005645,-0.25440127279236185,0.011623342840522154
SAE,sweep2d_gemma_L2_sae_005452__sae_014613_fineweb_60deg_dirsae_fineweb.pkl,2.883823062457781,0.024833328615726777,-0.19476797597685097,0.017296273614271218
SAE,sweep2d_gemma_L2_sae_005452__sae_015088_fineweb_60deg_dirsae_fineweb.pkl,2.5648362319216376,0.050535629457701556,-0.2212498872383648,0.04273157298422134
SAE,sweep2d_gemma_L2_sae_005452__sae_015246_fineweb_60deg_dirsae_fineweb.pkl,3.154896538948566,0.0438009839275459,-0.245960667405097,0.0352817539041009
SAE,sweep2d_gemma_L2_sae_005452__sae_015334_fineweb_60deg_dirsae_fineweb.pkl,2.4935732127179984,0.015776509685195245,-0.12221145443995436,0.014559025741958224
SAE,sweep2d_gemma_L2_sae_005452__sae_015738_fineweb_60deg_dirsae_fineweb.pkl,2.561703041580742,0.020681495735846833,-0.14329408533615165,0.019660859986494233
SAE,sweep2d_gemma_L2_sae_005452__sae_016316_fineweb_60deg_dirsae_fineweb.pkl,2.6661625478598645,0.01898516859447385,-0.1529733030989874,0.017755494002410655
SAE,sweep2d_gemma_L2_sae_006534__sae_007398_fineweb_60deg_dirsae_fineweb.pkl,1.8488208065175318,0.0073521953726541425,0.05490815670098569,0.006299360894545684
SAE,sweep2d_gemma_L2_sae_006534__sae_007583_fineweb_60deg_dirsae_fineweb.pkl,2.1074775010192286,0.009348650205772384,-0.03123155545005353,0.010424296607177884
SAE,sweep2d_gemma_L2_sae_006534__sae_009257_fineweb_60deg_dirsae_fineweb.pkl,1.8846001942832515,0.004942636855744128,0.039966031239096596,0.005042518977561487
SAE,sweep2d_gemma_L2_sae_006534__sae_010171_fineweb_60deg_dirsae_fineweb.pkl,2.045271828484724,0.00939532233309223,-0.015420999449764263,0.009452927098040001
SAE,sweep2d_gemma_L2_sae_006534__sae_010913_fineweb_60deg_dirsae_fineweb.pkl,2.300293393067829,0.01216154356642863,-0.07881266249899267,0.01475563837114853
SAE,sweep2d_gemma_L2_sae_006534__sae_011760_fineweb_60deg_dirsae_fineweb.pkl,1.7472675934398998,0.005240727622210084,0.09809398685126548,0.0052184874032309
SAE,sweep2d_gemma_L2_sae_006534__sae_012743_fineweb_60deg_dirsae_fineweb.pkl,1.858025545231041,0.021466807080188912,0.04210639224983923,0.022463939846880394
SAE,sweep2d_gemma_L2_sae_006534__sae_012857_fineweb_60deg_dirsae_fineweb.pkl,2.0311565604317687,0.007738486597752466,-0.010355217654057959,0.007713681544973863
SAE,sweep2d_gemma_L2_sae_006534__sae_013010_fineweb_60deg_dirsae_fineweb.pkl,2.011154249664599,0.0022992403978382967,-0.003086876578501626,0.002360369928269097
SAE,sweep2d_gemma_L2_sae_006534__sae_013091_fineweb_60deg_dirsae_fineweb.pkl,2.290804838772106,0.009636050822023805,-0.07532889906926117,0.012806836281700703
SAE,sweep2d_gemma_L2_sae_006534__sae_014256_fineweb_60deg_dirsae_fineweb.pkl,2.214666245293527,0.006261368056537972,-0.060874801349391466,0.0059658569359758926
SAE,sweep2d_gemma_L2_sae_006534__sae_014613_fineweb_60deg_dirsae_fineweb.pkl,2.3377981327296333,0.005792137271447107,-0.0871820938628231,0.00803284131045632
SAE,sweep2d_gemma_L2_sae_006534__sae_014886_fineweb_60deg_dirsae_fineweb.pkl,2.2152300966867142,0.012512744314916988,-0.059279516061723034,0.014641334194971206
SAE,sweep2d_gemma_L2_sae_006534__sae_015088_fineweb_60deg_dirsae_fineweb.pkl,1.9244758827521762,0.015351737830799133,0.018432018739474636,0.016482346262673895
SAE,sweep2d_gemma_L2_sae_006534__sae_015246_fineweb_60deg_dirsae_fineweb.pkl,2.074402895167892,0.008458215804065304,-0.02247471021687242,0.00889126168441952
SAE,sweep2d_gemma_L2_sae_006534__sae_015334_fineweb_60deg_dirsae_fineweb.pkl,1.8183300424385123,0.006968185439450422,0.0675759072010995,0.005473192938809361
SAE,sweep2d_gemma_L2_sae_006534__sae_015738_fineweb_60deg_dirsae_fineweb.pkl,2.1565547590673186,0.007808875926196589,-0.04858770023961855,0.006035297217922072
SAE,sweep2d_gemma_L2_sae_006534__sae_016316_fineweb_60deg_dirsae_fineweb.pkl,2.1914725262251604,0.005231150768910365,-0.05339985393929013,0.006443007987440364
SAE,sweep2d_gemma_L2_sae_007398__sae_007583_fineweb_60deg_dirsae_fineweb.pkl,2.561810366645889,0.00946351546308204,-0.1266871101878611,0.015254654682375728
SAE,sweep2d_gemma_L2_sae_007398__sae_009257_fineweb_60deg_dirsae_fineweb.pkl,2.6493488501425566,0.006023059596928056,-0.14147571559686453,0.009130365438381487
SAE,sweep2d_gemma_L2_sae_007398__sae_010171_fineweb_60deg_dirsae_fineweb.pkl,2.8416958012698523,0.006394921560449508,-0.16943906227660727,0.00648293683609423
SAE,sweep2d_gemma_L2_sae_007398__sae_010913_fineweb_60deg_dirsae_fineweb.pkl,2.450489132599359,0.005488277115009918,-0.10852187565698854,0.008522980995979965
SAE,sweep2d_gemma_L2_sae_007398__sae_011760_fineweb_60deg_dirsae_fineweb.pkl,1.7550925259806403,0.005734795953425567,0.09457975813227547,0.006273048805054764
SAE,sweep2d_gemma_L2_sae_007398__sae_012743_fineweb_60deg_dirsae_fineweb.pkl,2.151345202701122,0.008185364458325736,-0.043404044228207816,0.009505583946065632
SAE,sweep2d_gemma_L2_sae_007398__sae_012857_fineweb_60deg_dirsae_fineweb.pkl,2.1258153991554263,0.004262857591878015,-0.03682579789290906,0.004869237192260357
SAE,sweep2d_gemma_L2_sae_007398__sae_013091_fineweb_60deg_dirsae_fineweb.pkl,3.0917713664285884,0.006625700996610091,-0.19498521954906375,0.014714012516148112
SAE,sweep2d_gemma_L2_sae_007398__sae_013161_fineweb_60deg_dirsae_fineweb.pkl,2.2603166692525263,0.009975601900345512,-0.07141748405082378,0.01029631425851034
SAE,sweep2d_gemma_L2_sae_007398__sae_014256_fineweb_60deg_dirsae_fineweb.pkl,2.1999912675009314,0.010876683032711582,-0.061112460179037,0.009840370336379217
SAE,sweep2d_gemma_L2_sae_007398__sae_014613_fineweb_60deg_dirsae_fineweb.pkl,3.030861007417978,0.0053845012459796775,-0.1901854226867108,0.008843388057596099
SAE,sweep2d_gemma_L2_sae_007398__sae_014886_fineweb_60deg_dirsae_fineweb.pkl,2.6911758129661214,0.006905046922224688,-0.1463628651823893,0.01242159664937214
SAE,sweep2d_gemma_L2_sae_007398__sae_015088_fineweb_60deg_dirsae_fineweb.pkl,1.977213145802305,0.020235951864545593,-0.0006512114452408693,0.020658876266881065
SAE,sweep2d_gemma_L2_sae_007398__sae_015246_fineweb_60deg_dirsae_fineweb.pkl,2.528089712362463,0.003942296211852178,-0.12333874028102784,0.004653922113596825
SAE,sweep2d_gemma_L2_sae_007398__sae_016316_fineweb_60deg_dirsae_fineweb.pkl,2.1213297555603026,0.004460153906091488,-0.036739319576329935,0.004166195814771331
SAE,sweep2d_gemma_L2_sae_007583__sae_011760_fineweb_60deg_dirsae_fineweb.pkl,2.0161287651392414,0.006314067467927959,-0.00581558769864397,0.0064519966703725385
SAE,sweep2d_gemma_L2_sae_007583__sae_012151_fineweb_60deg_dirsae_fineweb.pkl,2.1821765752194215,0.017261487376552285,-0.06158599286682318,0.01573288006497442
SAE,sweep2d_gemma_L2_sae_007583__sae_012857_fineweb_60deg_dirsae_fineweb.pkl,2.724365850984324,0.004506054727228415,-0.1498228288308132,0.011497888377742661
SAE,sweep2d_gemma_L2_sae_007583__sae_013010_fineweb_60deg_dirsae_fineweb.pkl,2.491124563267083,0.004870122529827466,-0.11589000651773292,0.007941251992615576
SAE,sweep2d_gemma_L2_sae_007583__sae_014256_fineweb_60deg_dirsae_fineweb.pkl,1.6740111610410724,0.010794641996961368,0.13186817396802428,0.013099832305267253
SAE,sweep2d_gemma_L2_sae_007583__sae_015088_fineweb_60deg_dirsae_fineweb.pkl,2.5152728550362373,0.009105090321731717,-0.12025225602442904,0.013223806908416265
SAE,sweep2d_gemma_L2_sae_007583__sae_015334_fineweb_60deg_dirsae_fineweb.pkl,2.86519175293386,0.006366925359043488,-0.17050018546491047,0.01028023871400522
SAE,sweep2d_gemma_L2_sae_007583__sae_015738_fineweb_60deg_dirsae_fineweb.pkl,2.616426223682424,0.021381638533644585,-0.15495861508219397,0.019234297577612303
SAE,sweep2d_gemma_L2_sae_007583__sae_016316_fineweb_60deg_dirsae_fineweb.pkl,1.9810953246279535,0.009981942972947262,0.005881612518014602,0.00984627510875765
SAE,sweep2d_gemma_L2_sae_009257__sae_011760_fineweb_60deg_dirsae_fineweb.pkl,2.0955434933690693,0.007905567311393653,-0.02880994820054697,0.008434896546675622
SAE,sweep2d_gemma_L2_sae_009257__sae_012151_fineweb_60deg_dirsae_fineweb.pkl,2.0514880793674206,0.02079281870914019,-0.027828821388864573,0.021810700877280726
SAE,sweep2d_gemma_L2_sae_009257__sae_012857_fineweb_60deg_dirsae_fineweb.pkl,2.689033630423435,0.007504638255044037,-0.1452417164345358,0.014363950181799149
SAE,sweep2d_gemma_L2_sae_009257__sae_013010_fineweb_60deg_dirsae_fineweb.pkl,2.5307199143849832,0.01942979274340475,-0.1292723569384072,0.01854238578127664
SAE,sweep2d_gemma_L2_sae_009257__sae_014256_fineweb_60deg_dirsae_fineweb.pkl,1.8350064975781966,0.016504179059214186,0.0587700561445955,0.0155054302650805
SAE,sweep2d_gemma_L2_sae_009257__sae_015088_fineweb_60deg_dirsae_fineweb.pkl,2.33796519511841,0.013602096284281048,-0.08615368107172088,0.017008835022779663
SAE,sweep2d_gemma_L2_sae_009257__sae_015334_fineweb_60deg_dirsae_fineweb.pkl,2.3980371224291597,0.007131333097205895,-0.09762795490607042,0.01085947885582875
SAE,sweep2d_gemma_L2_sae_009257__sae_015738_fineweb_60deg_dirsae_fineweb.pkl,2.02555362135118,0.01592973812822435,-0.008022045772155314,0.016162627519664175
SAE,sweep2d_gemma_L2_sae_009257__sae_016316_fineweb_60deg_dirsae_fineweb.pkl,2.108943271912904,0.012896102365124873,-0.03781633104527985,0.011873563742261914
SAE,sweep2d_gemma_L2_sae_010171__sae_011760_fineweb_60deg_dirsae_fineweb.pkl,2.0251021769026276,0.009491694593224869,-0.007695253634383641,0.009652174041432707
SAE,sweep2d_gemma_L2_sae_010171__sae_012151_fineweb_60deg_dirsae_fineweb.pkl,1.8979856940078395,0.024786238209653453,0.019954491385799345,0.02546436983321776
SAE,sweep2d_gemma_L2_sae_010171__sae_012857_fineweb_60deg_dirsae_fineweb.pkl,2.951313348742416,0.010122607812949292,-0.18035048165373954,0.015623384450252997
SAE,sweep2d_gemma_L2_sae_010171__sae_013010_fineweb_60deg_dirsae_fineweb.pkl,2.4065723396592102,0.006463863704100997,-0.1014657281405428,0.007487911642765491
SAE,sweep2d_gemma_L2_sae_010171__sae_014256_fineweb_60deg_dirsae_fineweb.pkl,1.9200985390963052,0.014470758970084227,0.022912267350245014,0.014128588194429977
SAE,sweep2d_gemma_L2_sae_010171__sae_015088_fineweb_60deg_dirsae_fineweb.pkl,3.1464564755537903,0.005847609076431367,-0.19942734008771132,0.013959954164895212
SAE,sweep2d_gemma_L2_sae_010171__sae_015334_fineweb_60deg_dirsae_fineweb.pkl,2.619359760975853,0.006980219540176182,-0.13883332305759866,0.008004194252278182
SAE,sweep2d_gemma_L2_sae_010171__sae_016316_fineweb_60deg_dirsae_fineweb.pkl,2.041454225733555,0.008299859241483519,-0.01581156805177735,0.008030233962904997
SAE,sweep2d_gemma_L2_sae_010913__sae_011760_fineweb_60deg_dirsae_fineweb.pkl,2.0896715433657964,0.006055545756408157,-0.027430665527437347,0.00625523044429232
SAE,sweep2d_gemma_L2_sae_010913__sae_012151_fineweb_60deg_dirsae_fineweb.pkl,2.2879291294626722,0.008804520652313144,-0.07998971694442675,0.007905818799535485
SAE,sweep2d_gemma_L2_sae_010913__sae_012857_fineweb_60deg_dirsae_fineweb.pkl,2.9196705328524994,0.0070014989405172146,-0.17523651492065853,0.016323184381781555
SAE,sweep2d_gemma_L2_sae_010913__sae_013010_fineweb_60deg_dirsae_fineweb.pkl,1.7785870264572434,0.010588449827629277,0.08523343180703705,0.00821472572521208
SAE,sweep2d_gemma_L2_sae_010913__sae_014256_fineweb_60deg_dirsae_fineweb.pkl,2.1392674815168964,0.013953575666758719,-0.042867145425953455,0.014165043451593484
SAE,sweep2d_gemma_L2_sae_010913__sae_015088_fineweb_60deg_dirsae_fineweb.pkl,2.29358954976671,0.012295011734522842,-0.07817363027799129,0.013131888784398017
SAE,sweep2d_gemma_L2_sae_010913__sae_015334_fineweb_60deg_dirsae_fineweb.pkl,2.9272802551592383,0.003874774689561245,-0.17759211070944836,0.010928059127568843
SAE,sweep2d_gemma_L2_sae_010913__sae_016316_fineweb_60deg_dirsae_fineweb.pkl,2.2945430176473405,0.009438833457790037,-0.07734927938013218,0.011966294534884219
SAE,sweep2d_gemma_L2_sae_011760__sae_012151_fineweb_60deg_dirsae_fineweb.pkl,1.9768942261271647,0.011529697730276301,0.005261122388092514,0.011549177613891185
SAE,sweep2d_gemma_L2_sae_011760__sae_012743_fineweb_60deg_dirsae_fineweb.pkl,1.781405134834488,0.015789961356328108,0.0819830274628335,0.014363196273511744
SAE,sweep2d_gemma_L2_sae_011760__sae_012857_fineweb_60deg_dirsae_fineweb.pkl,1.9650812668017,0.00933678164854512,0.011776438445729608,0.009245561933458327
SAE,sweep2d_gemma_L2_sae_011760__sae_013010_fineweb_60deg_dirsae_fineweb.pkl,1.6855682426844452,0.007703526839802889,0.13050218312287226,0.004559697110206646
SAE,sweep2d_gemma_L2_sae_011760__sae_013091_fineweb_60deg_dirsae_fineweb.pkl,1.9524979685800594,0.014453699922166214,0.014527852756116491,0.014162094269653556
SAE,sweep2d_gemma_L2_sae_011760__sae_013161_fineweb_60deg_dirsae_fineweb.pkl,1.8974386374760246,0.026081827960539157,0.028167503364237394,0.026043872443698962
SAE,sweep2d_gemma_L2_sae_011760__sae_014256_fineweb_60deg_dirsae_fineweb.pkl,1.9214240279985033,0.012217067152924624,0.024249498228774053,0.012399393138113935
SAE,sweep2d_gemma_L2_sae_011760__sae_014613_fineweb_60deg_dirsae_fineweb.pkl,2.0605451330730435,0.01795617994930704,-0.021364895686597014,0.018103150816348994
SAE,sweep2d_gemma_L2_sae_011760__sae_014886_fineweb_60deg_dirsae_fineweb.pkl,1.7738860790816287,0.010216158916112331,0.08624935090430612,0.009243824583743124
SAE,sweep2d_gemma_L2_sae_011760__sae_015088_fineweb_60deg_dirsae_fineweb.pkl,1.8196949208086861,0.0157128725539405,0.06275008204707307,0.015726515928881434
SAE,sweep2d_gemma_L2_sae_011760__sae_015246_fineweb_60deg_dirsae_fineweb.pkl,1.7306676373738703,0.006887666918160074,0.10558814157158258,0.007959532249378587
SAE,sweep2d_gemma_L2_sae_011760__sae_015334_fineweb_60deg_dirsae_fineweb.pkl,1.6185290988868457,0.011418766673631144,0.16585260858812478,0.011405012655279923
SAE,sweep2d_gemma_L2_sae_011760__sae_015738_fineweb_60deg_dirsae_fineweb.pkl,1.9089457869784818,0.007932326191736956,0.030371521824911627,0.007744439612348292
SAE,sweep2d_gemma_L2_sae_011760__sae_016316_fineweb_60deg_dirsae_fineweb.pkl,1.8556134333407068,0.013077139280798717,0.04992692213242714,0.01321450328892352
SAE,sweep2d_gemma_L2_sae_012151__sae_012743_fineweb_60deg_dirsae_fineweb.pkl,1.7639267625070456,0.015402744399136607,0.08638258870062182,0.015955875735009433
SAE,sweep2d_gemma_L2_sae_012151__sae_012857_fineweb_60deg_dirsae_fineweb.pkl,2.5571094219248582,0.020185183669738385,-0.13833281546264226,0.01504736367655263
SAE,sweep2d_gemma_L2_sae_012151__sae_013091_fineweb_60deg_dirsae_fineweb.pkl,2.2860504002841404,0.011911367629329612,-0.07734525935087368,0.012492099903803407
SAE,sweep2d_gemma_L2_sae_012151__sae_013161_fineweb_60deg_dirsae_fineweb.pkl,2.366864763598742,0.005673606752475012,-0.09262499507316531,0.007478101256204368
SAE,sweep2d_gemma_L2_sae_012151__sae_014256_fineweb_60deg_dirsae_fineweb.pkl,2.21951295991044,0.009719379485783738,-0.06432427875055909,0.009124363287118145
SAE,sweep2d_gemma_L2_sae_012151__sae_014613_fineweb_60deg_dirsae_fineweb.pkl,2.058659074950915,0.011862922770586919,-0.022902304216615425,0.011320635396905039
SAE,sweep2d_gemma_L2_sae_012151__sae_014886_fineweb_60deg_dirsae_fineweb.pkl,1.8728155199469845,0.01409299165201127,0.0387044485647722,0.014877903854325188
SAE,sweep2d_gemma_L2_sae_012151__sae_015088_fineweb_60deg_dirsae_fineweb.pkl,2.0750218948911043,0.01693352127972269,-0.03132006307524022,0.017275951628006495
SAE,sweep2d_gemma_L2_sae_012151__sae_015246_fineweb_60deg_dirsae_fineweb.pkl,2.202542575889239,0.021727725721321797,-0.07021404200019084,0.02168059723105527
SAE,sweep2d_gemma_L2_sae_012151__sae_015334_fineweb_60deg_dirsae_fineweb.pkl,1.8342049208277322,0.01470847951097175,0.05677639491377461,0.014819760632703627
SAE,sweep2d_gemma_L2_sae_012151__sae_015738_fineweb_60deg_dirsae_fineweb.pkl,2.064915905059787,0.008931503517054832,-0.020131673883343422,0.009104542980459327
SAE,sweep2d_gemma_L2_sae_012151__sae_016316_fineweb_60deg_dirsae_fineweb.pkl,2.1782341566665164,0.010440024984126132,-0.056662174714963126,0.01030235926282548
SAE,sweep2d_gemma_L2_sae_012743__sae_012857_fineweb_60deg_dirsae_fineweb.pkl,2.548051768939124,0.0053761826514046145,-0.12474506287340001,0.010186884132130734
SAE,sweep2d_gemma_L2_sae_012743__sae_013010_fineweb_60deg_dirsae_fineweb.pkl,2.4123134511833806,0.009501022183655188,-0.10400674383591718,0.008964527035161311
SAE,sweep2d_gemma_L2_sae_012743__sae_013161_fineweb_60deg_dirsae_fineweb.pkl,2.4444347484554894,0.011420098102411638,-0.10790961809693858,0.013809524026129096
SAE,sweep2d_gemma_L2_sae_012743__sae_014256_fineweb_60deg_dirsae_fineweb.pkl,1.3913574512800966,0.023512599766872106,0.3293569650234382,0.027410907046511696
SAE,sweep2d_gemma_L2_sae_012743__sae_015334_fineweb_60deg_dirsae_fineweb.pkl,2.28362093429489,0.00685464619043701,-0.07401733858588462,0.009868255323990192
SAE,sweep2d_gemma_L2_sae_012743__sae_016316_fineweb_60deg_dirsae_fineweb.pkl,2.2682703263675363,0.010308681221746914,-0.0772789335824311,0.009262645974744976
SAE,sweep2d_gemma_L2_sae_012857__sae_013010_fineweb_60deg_dirsae_fineweb.pkl,2.12851522228464,0.01398259028534166,-0.03803043609848021,0.015098677354587321
SAE,sweep2d_gemma_L2_sae_012857__sae_013091_fineweb_60deg_dirsae_fineweb.pkl,2.9503706160261185,0.004574165361278558,-0.18076821414047062,0.010007145479571957
SAE,sweep2d_gemma_L2_sae_012857__sae_013161_fineweb_60deg_dirsae_fineweb.pkl,2.4810697544762172,0.009997417833257036,-0.11375803414432616,0.014122262123045567
SAE,sweep2d_gemma_L2_sae_012857__sae_014256_fineweb_60deg_dirsae_fineweb.pkl,2.1331717236470813,0.014038039312329241,-0.04887622694270319,0.01492833119554325
SAE,sweep2d_gemma_L2_sae_012857__sae_014613_fineweb_60deg_dirsae_fineweb.pkl,2.7499986964039467,0.005911461488638795,-0.1546393129511008,0.012309187869350398
SAE,sweep2d_gemma_L2_sae_012857__sae_014886_fineweb_60deg_dirsae_fineweb.pkl,2.3113622964954414,0.016341588633627405,-0.08255677506980187,0.018698106617157578
SAE,sweep2d_gemma_L2_sae_012857__sae_015088_fineweb_60deg_dirsae_fineweb.pkl,1.8191049965950576,0.016909166369552007,0.0627184974358808,0.01634122263755961
SAE,sweep2d_gemma_L2_sae_012857__sae_015246_fineweb_60deg_dirsae_fineweb.pkl,2.211795418163587,0.00720252935257041,-0.0576695309670607,0.008652775016028413
SAE,sweep2d_gemma_L2_sae_012857__sae_015334_fineweb_60deg_dirsae_fineweb.pkl,2.0052319610741307,0.009069728685971773,-0.00044085873782514714,0.009224593117583684
SAE,sweep2d_gemma_L2_sae_012857__sae_015738_fineweb_60deg_dirsae_fineweb.pkl,2.151097545782204,0.008383219045490338,-0.04409832049273322,0.008667589885354885
SAE,sweep2d_gemma_L2_sae_012857__sae_016316_fineweb_60deg_dirsae_fineweb.pkl,2.7412527401542564,0.013648152544497182,-0.16119755861326737,0.013060339075831907
SAE,sweep2d_gemma_L2_sae_013010__sae_013091_fineweb_60deg_dirsae_fineweb.pkl,2.225423103532704,0.008204693816429942,-0.0609949060756667,0.01034529081716286
SAE,sweep2d_gemma_L2_sae_013010__sae_013161_fineweb_60deg_dirsae_fineweb.pkl,2.2449013616315026,0.004378925179106222,-0.0656390122719599,0.007030604121798112
SAE,sweep2d_gemma_L2_sae_013010__sae_014613_fineweb_60deg_dirsae_fineweb.pkl,2.8883843105145006,0.00792351723379309,-0.17103442085756274,0.01766480557966914
SAE,sweep2d_gemma_L2_sae_013010__sae_014886_fineweb_60deg_dirsae_fineweb.pkl,1.9055447916102763,0.00868933013577253,0.033318338573408435,0.007747901850677267
SAE,sweep2d_gemma_L2_sae_013010__sae_015088_fineweb_60deg_dirsae_fineweb.pkl,1.9076898831802689,0.00814813375348034,0.03217636042446954,0.0076087386089103886
SAE,sweep2d_gemma_L2_sae_013010__sae_015246_fineweb_60deg_dirsae_fineweb.pkl,2.2061320646977327,0.007707362975111552,-0.05786434087225571,0.008605789429274705
SAE,sweep2d_gemma_L2_sae_013010__sae_016316_fineweb_60deg_dirsae_fineweb.pkl,2.168613099722771,0.008607879481711846,-0.048511344029840614,0.008703344807094745
SAE,sweep2d_gemma_L2_sae_013091__sae_014256_fineweb_60deg_dirsae_fineweb.pkl,2.013459603919505,0.01339704633035995,-0.007172932278353129,0.01322310476470258
SAE,sweep2d_gemma_L2_sae_013091__sae_015088_fineweb_60deg_dirsae_fineweb.pkl,3.0546528313944625,0.01145871444858623,-0.19457855074480565,0.01383696704436608
SAE,sweep2d_gemma_L2_sae_013091__sae_015334_fineweb_60deg_dirsae_fineweb.pkl,2.485601595691004,0.01295067840488623,-0.11731123176569992,0.014459957224221043
SAE,sweep2d_gemma_L2_sae_013091__sae_015738_fineweb_60deg_dirsae_fineweb.pkl,2.391539019825914,0.01731551656214262,-0.10184938750767157,0.017162970751219513
SAE,sweep2d_gemma_L2_sae_013091__sae_016316_fineweb_60deg_dirsae_fineweb.pkl,2.185973037302742,0.008337145942887213,-0.05184792293360618,0.009766155608621218
SAE,sweep2d_gemma_L2_sae_013161__sae_014256_fineweb_60deg_dirsae_fineweb.pkl,2.428361334614871,0.0051982718472369125,-0.10438346815519046,0.008589288794890362
SAE,sweep2d_gemma_L2_sae_013161__sae_015088_fineweb_60deg_dirsae_fineweb.pkl,2.1525280590308267,0.00848081248972688,-0.046100935337652305,0.008047333711761506
SAE,sweep2d_gemma_L2_sae_013161__sae_015246_fineweb_60deg_dirsae_fineweb.pkl,2.071633811170413,0.011766481571580122,-0.022761161085462105,0.012070441446281265
SAE,sweep2d_gemma_L2_sae_013161__sae_015334_fineweb_60deg_dirsae_fineweb.pkl,2.4480877295185812,0.013026321435667234,-0.10776338652384879,0.01669357337780295
SAE,sweep2d_gemma_L2_sae_013161__sae_016316_fineweb_60deg_dirsae_fineweb.pkl,2.3131168591106217,0.014825558202130641,-0.09018010095008154,0.01306737070010902
SAE,sweep2d_gemma_L2_sae_014256__sae_014613_fineweb_60deg_dirsae_fineweb.pkl,2.0870579055584892,0.019305364899313823,-0.03244596193636265,0.019143952257454196
SAE,sweep2d_gemma_L2_sae_014256__sae_014886_fineweb_60deg_dirsae_fineweb.pkl,2.0901017975905005,0.010409938975126732,-0.026420929131785006,0.011402186995193646
SAE,sweep2d_gemma_L2_sae_014256__sae_015088_fineweb_60deg_dirsae_fineweb.pkl,2.129322139237212,0.012718115237358633,-0.040182514662610816,0.012578977763040592
SAE,sweep2d_gemma_L2_sae_014256__sae_015246_fineweb_60deg_dirsae_fineweb.pkl,2.0351594660272476,0.0159824085278429,-0.018573227823908738,0.015628411090420992
SAE,sweep2d_gemma_L2_sae_014256__sae_015334_fineweb_60deg_dirsae_fineweb.pkl,2.288415167339401,0.017717338725755538,-0.07966264510187374,0.017901173672044215
SAE,sweep2d_gemma_L2_sae_014256__sae_015738_fineweb_60deg_dirsae_fineweb.pkl,2.1861169670744944,0.004697994586089984,-0.05283099129454524,0.0052038107936045715
SAE,sweep2d_gemma_L2_sae_014256__sae_016316_fineweb_60deg_dirsae_fineweb.pkl,2.2188055770593187,0.013898026680214781,-0.06557506612603085,0.012491776092334695
SAE,sweep2d_gemma_L2_sae_014613__sae_015088_fineweb_60deg_dirsae_fineweb.pkl,2.810867261308394,0.007514612543438178,-0.16381628942273868,0.013706053073688829
SAE,sweep2d_gemma_L2_sae_014613__sae_015334_fineweb_60deg_dirsae_fineweb.pkl,2.69638621430109,0.011309764053872927,-0.15344875570257455,0.007045061669052997
SAE,sweep2d_gemma_L2_sae_014613__sae_016316_fineweb_60deg_dirsae_fineweb.pkl,1.964198667370674,0.004977162395542536,0.011725614098041286,0.004867125864631905
SAE,sweep2d_gemma_L2_sae_014886__sae_015088_fineweb_60deg_dirsae_fineweb.pkl,1.8507519199646614,0.01059366137607503,0.05397455955769469,0.009407590787074642
SAE,sweep2d_gemma_L2_sae_014886__sae_015334_fineweb_60deg_dirsae_fineweb.pkl,2.9640375030379302,0.00366752940019665,-0.18135223225702524,0.010657467263008627
SAE,sweep2d_gemma_L2_sae_014886__sae_016316_fineweb_60deg_dirsae_fineweb.pkl,2.4939088219034513,0.0057897106576064354,-0.11785488936637703,0.00612031538484672
SAE,sweep2d_gemma_L2_sae_015088__sae_015246_fineweb_60deg_dirsae_fineweb.pkl,2.2460790794922953,0.008379960090173793,-0.07057581558757463,0.006984381236426013
SAE,sweep2d_gemma_L2_sae_015088__sae_015334_fineweb_60deg_dirsae_fineweb.pkl,1.8681122438298656,0.007515989313822247,0.04415254083103953,0.008310449496254648
SAE,sweep2d_gemma_L2_sae_015088__sae_015738_fineweb_60deg_dirsae_fineweb.pkl,2.0611137285902443,0.005999023184490149,-0.020459339109500863,0.005437361448594397
SAE,sweep2d_gemma_L2_sae_015088__sae_016316_fineweb_60deg_dirsae_fineweb.pkl,1.6055635878094012,0.013488699720590693,0.17022455734059308,0.016947212839005243
SAE,sweep2d_gemma_L2_sae_015246__sae_015334_fineweb_60deg_dirsae_fineweb.pkl,2.485891239952393,0.006296605275996223,-0.11576283973542738,0.008875492969162823
SAE,sweep2d_gemma_L2_sae_015246__sae_015738_fineweb_60deg_dirsae_fineweb.pkl,2.175253704277313,0.0069396287034748545,-0.05041108485245655,0.007803121117916056
SAE,sweep2d_gemma_L2_sae_015246__sae_016316_fineweb_60deg_dirsae_fineweb.pkl,2.4376871489157326,0.016202363447715903,-0.11361373816210826,0.014066421392685238
SAE,sweep2d_gemma_L2_sae_015334__sae_015738_fineweb_60deg_dirsae_fineweb.pkl,2.3054036103029594,0.006657057414829237,-0.08040125070807021,0.007919106289775933
SAE,sweep2d_gemma_L2_sae_015334__sae_016316_fineweb_60deg_dirsae_fineweb.pkl,2.019820875012079,0.007793492691219032,-0.006964995123838734,0.007790734394387359
SAE,sweep2d_gemma_L2_sae_015738__sae_016316_fineweb_60deg_dirsae_fineweb.pkl,2.440231665948688,0.015788750583566897,-0.11473447046257867,0.011825861791261504
PCA,sweep2d_gemma_L2_pca_000__pca_001_fineweb_60deg_dirpca_fineweb.pkl,1.3830906127843647,0.0190888618994579,0.34211504708764917,0.01788613056676916
PCA,sweep2d_gemma_L2_pca_000__pca_002_fineweb_60deg_dirpca_fineweb.pkl,1.7219575407043684,0.02779539232423726,0.10028171206552071,0.026642657808626985
PCA,sweep2d_gemma_L2_pca_000__pca_003_fineweb_60deg_dirpca_fineweb.pkl,1.8680241910887971,0.018742564782676968,0.039065424514460545,0.019095061476014537
PCA,sweep2d_gemma_L2_pca_000__pca_004_fineweb_60deg_dirpca_fineweb.pkl,2.6317157396029094,0.009007846360069046,-0.14393179808243456,0.007153531003091292
PCA,sweep2d_gemma_L2_pca_000__pca_005_fineweb_60deg_dirpca_fineweb.pkl,1.9833504754702382,0.004985630079198848,0.005405428880930477,0.004977506350229031
PCA,sweep2d_gemma_L2_pca_000__pca_006_fineweb_60deg_dirpca_fineweb.pkl,2.7923091347145474,0.019543010385758244,-0.17682577452781703,0.009236322480181695
PCA,sweep2d_gemma_L2_pca_000__pca_007_fineweb_60deg_dirpca_fineweb.pkl,1.602575667891162,0.0107540175720812,0.17497190379606117,0.011565746850077538
PCA,sweep2d_gemma_L2_pca_000__pca_008_fineweb_60deg_dirpca_fineweb.pkl,2.098559888588148,0.013154004982533286,-0.030599425822040012,0.013337618967371123
PCA,sweep2d_gemma_L2_pca_000__pca_009_fineweb_60deg_dirpca_fineweb.pkl,1.9544710115524144,0.01065189256898263,0.014180853810854037,0.010582084023331632
PCA,sweep2d_gemma_L2_pca_000__pca_010_fineweb_60deg_dirpca_fineweb.pkl,1.3105560436089967,0.028312739270275188,0.4093340780974888,0.03255686861663294
PCA,sweep2d_gemma_L2_pca_000__pca_011_fineweb_60deg_dirpca_fineweb.pkl,1.7439631050736968,0.01574715765337856,0.09269814081455927,0.01817111020327475
PCA,sweep2d_gemma_L2_pca_000__pca_012_fineweb_60deg_dirpca_fineweb.pkl,1.798638713326532,0.024742295700394344,0.0664086541457871,0.024968903916561685
PCA,sweep2d_gemma_L2_pca_000__pca_013_fineweb_60deg_dirpca_fineweb.pkl,1.5410991144064923,0.010483812556767499,0.21533429208556537,0.012251402237550037
PCA,sweep2d_gemma_L2_pca_000__pca_014_fineweb_60deg_dirpca_fineweb.pkl,1.5679374111929802,0.009968153926129585,0.19826804127764644,0.009214827485320248
PCA,sweep2d_gemma_L2_pca_000__pca_015_fineweb_60deg_dirpca_fineweb.pkl,1.5534012538000865,0.015715802855662965,0.20166264631805073,0.0193054794849893
PCA,sweep2d_gemma_L2_pca_000__pca_016_fineweb_60deg_dirpca_fineweb.pkl,2.047207336375395,0.01992843145418273,-0.02027531934016286,0.019995707891020585
PCA,sweep2d_gemma_L2_pca_000__pca_017_fineweb_60deg_dirpca_fineweb.pkl,2.1181922679242255,0.006307432931151503,-0.03686649928639407,0.0055537692100809015
PCA,sweep2d_gemma_L2_pca_000__pca_018_fineweb_60deg_dirpca_fineweb.pkl,1.4648075548481447,0.01878019119222529,0.26525083435871516,0.02371176010774554
PCA,sweep2d_gemma_L2_pca_000__pca_019_fineweb_60deg_dirpca_fineweb.pkl,1.8096682038845,0.0062773105360606025,0.07098536584659756,0.0051921760534359585
PCA,sweep2d_gemma_L2_pca_000__pca_020_fineweb_60deg_dirpca_fineweb.pkl,1.7059127245227979,0.010550205659444506,0.11547802764878176,0.011533641929977672
PCA,sweep2d_gemma_L2_pca_000__pca_021_fineweb_60deg_dirpca_fineweb.pkl,1.7873624595792403,0.010864525953133197,0.07657485817235801,0.012321845029053535
PCA,sweep2d_gemma_L2_pca_000__pca_022_fineweb_60deg_dirpca_fineweb.pkl,2.276342977165371,0.008282375052737764,-0.07688540731493851,0.008594178580800403
PCA,sweep2d_gemma_L2_pca_000__pca_023_fineweb_60deg_dirpca_fineweb.pkl,1.4714615989006283,0.01563455907881352,0.2649639557511172,0.016466232712415263
PCA,sweep2d_gemma_L2_pca_000__pca_024_fineweb_60deg_dirpca_fineweb.pkl,1.2072853130843562,0.01114615729611143,0.559229403457146,0.013778431460071605
PCA,sweep2d_gemma_L2_pca_000__pca_025_fineweb_60deg_dirpca_fineweb.pkl,2.039652679575603,0.011288354657417279,-0.01217654481866729,0.011546362035456946
PCA,sweep2d_gemma_L2_pca_000__pca_026_fineweb_60deg_dirpca_fineweb.pkl,1.911879146103291,0.010717408333921865,0.030292140837020178,0.010238664550321214
PCA,sweep2d_gemma_L2_pca_000__pca_027_fineweb_60deg_dirpca_fineweb.pkl,1.7518365257515371,0.01798532194289844,0.08852507783756369,0.020169093652557375
PCA,sweep2d_gemma_L2_pca_000__pca_028_fineweb_60deg_dirpca_fineweb.pkl,1.7875379980421502,0.005169739532752869,0.08060700675375258,0.0044013332754880025
PCA,sweep2d_gemma_L2_pca_000__pca_029_fineweb_60deg_dirpca_fineweb.pkl,1.752447318065243,0.011570976711257642,0.09538068205947983,0.010524391689974558
PCA,sweep2d_gemma_L2_pca_000__pca_030_fineweb_60deg_dirpca_fineweb.pkl,2.4933440753639915,0.012189410185350377,-0.12173880439845185,0.011894733123142601
PCA,sweep2d_gemma_L2_pca_000__pca_031_fineweb_60deg_dirpca_fineweb.pkl,2.0485785958039497,0.007461416983794171,-0.0159675437523857,0.007430670157871534
PCA,sweep2d_gemma_L2_pca_000__pca_032_fineweb_60deg_dirpca_fineweb.pkl,1.9738054340778506,0.013093192462152906,0.003713812680393316,0.013206789686981706
PCA,sweep2d_gemma_L2_pca_001__pca_002_fineweb_60deg_dirpca_fineweb.pkl,1.4703737814170947,0.00758923567772144,0.2694234161055776,0.0066551481956978005
PCA,sweep2d_gemma_L2_pca_001__pca_003_fineweb_60deg_dirpca_fineweb.pkl,1.4702079630969953,0.006795782573215611,0.26957230849285785,0.007691409329188104
PCA,sweep2d_gemma_L2_pca_001__pca_004_fineweb_60deg_dirpca_fineweb.pkl,1.6701428750870015,0.008013525990237599,0.13736447074412073,0.007543273293161873
PCA,sweep2d_gemma_L2_pca_001__pca_005_fineweb_60deg_dirpca_fineweb.pkl,2.4011632745307416,0.030005602718554264,-0.12943526119955687,0.02857696554637483
PCA,sweep2d_gemma_L2_pca_001__pca_006_fineweb_60deg_dirpca_fineweb.pkl,1.7726662670666622,0.010829601120000056,0.08373939923744086,0.011664828115492035
PCA,sweep2d_gemma_L2_pca_001__pca_007_fineweb_60deg_dirpca_fineweb.pkl,1.4611373756888681,0.0120686226698858,0.2770504781265017,0.008542430854445086
PCA,sweep2d_gemma_L2_pca_001__pca_008_fineweb_60deg_dirpca_fineweb.pkl,1.8461106495039816,0.008062970048776494,0.05543338140400888,0.007657682422819489
PCA,sweep2d_gemma_L2_pca_001__pca_009_fineweb_60deg_dirpca_fineweb.pkl,1.8133075100451876,0.015466910082767524,0.06161006878623838,0.016048460365028615
PCA,sweep2d_gemma_L2_pca_001__pca_010_fineweb_60deg_dirpca_fineweb.pkl,1.781089192905806,0.018219680859362944,0.0793140304572869,0.01687431734854401
PCA,sweep2d_gemma_L2_pca_001__pca_011_fineweb_60deg_dirpca_fineweb.pkl,1.8286537785118346,0.020570218578346216,0.05266880041573331,0.02067475546761228
PCA,sweep2d_gemma_L2_pca_001__pca_012_fineweb_60deg_dirpca_fineweb.pkl,1.5100067585877868,0.011224009508003483,0.2365448865778209,0.015065833833284109
PCA,sweep2d_gemma_L2_pca_001__pca_013_fineweb_60deg_dirpca_fineweb.pkl,1.811827483872466,0.016398889235458243,0.0647449786196705,0.0171410317193564
PCA,sweep2d_gemma_L2_pca_001__pca_014_fineweb_60deg_dirpca_fineweb.pkl,1.552034861711905,0.012998106818922238,0.20752854391769462,0.012268611030152091
PCA,sweep2d_gemma_L2_pca_001__pca_015_fineweb_60deg_dirpca_fineweb.pkl,1.7326967573313576,0.008256458255234257,0.10389618731677223,0.009413030686835317
PCA,sweep2d_gemma_L2_pca_001__pca_016_fineweb_60deg_dirpca_fineweb.pkl,1.8961116728633958,0.009270758687020791,0.03135702173886054,0.010069486592164166
PCA,sweep2d_gemma_L2_pca_001__pca_017_fineweb_60deg_dirpca_fineweb.pkl,2.087181210701511,0.023321876535007294,-0.03409137006654808,0.02308937968635138
PCA,sweep2d_gemma_L2_pca_001__pca_018_fineweb_60deg_dirpca_fineweb.pkl,1.4601247660175682,0.005726048800507973,0.2775418787160287,0.008765996076791913
PCA,sweep2d_gemma_L2_pca_001__pca_019_fineweb_60deg_dirpca_fineweb.pkl,1.838721262604952,0.011314360402240686,0.05701550353703207,0.011721219434831556
PCA,sweep2d_gemma_L2_pca_001__pca_020_fineweb_60deg_dirpca_fineweb.pkl,1.566960393763475,0.010832321320168372,0.19684161285448376,0.013778227667470104
PCA,sweep2d_gemma_L2_pca_001__pca_021_fineweb_60deg_dirpca_fineweb.pkl,2.001113168122247,0.016526114967373787,-0.007465009099310939,0.01642994006223818
PCA,sweep2d_gemma_L2_pca_001__pca_022_fineweb_60deg_dirpca_fineweb.pkl,1.8995131232582785,0.01200394933227751,0.031918431243833575,0.012166842768866943
PCA,sweep2d_gemma_L2_pca_001__pca_023_fineweb_60deg_dirpca_fineweb.pkl,1.38614401648154,0.0048799217383828225,0.34356430555847706,0.008490218258661622
PCA,sweep2d_gemma_L2_pca_001__pca_024_fineweb_60deg_dirpca_fineweb.pkl,1.3610057558484419,0.009985561700305585,0.36784877312650843,0.01111296741605676
PCA,sweep2d_gemma_L2_pca_001__pca_025_fineweb_60deg_dirpca_fineweb.pkl,1.8822348800786866,0.012559456973456971,0.04052682752203061,0.01182221251154288
PCA,sweep2d_gemma_L2_pca_001__pca_026_fineweb_60deg_dirpca_fineweb.pkl,1.9955313926132638,0.010727625365072208,-0.0007382168331629534,0.011006937819776512
PCA,sweep2d_gemma_L2_pca_001__pca_027_fineweb_60deg_dirpca_fineweb.pkl,1.5755032374934397,0.014715347286036184,0.1902140561517619,0.014532343771165362
PCA,sweep2d_gemma_L2_pca_001__pca_028_fineweb_60deg_dirpca_fineweb.pkl,1.4899739479743392,0.00661987995680529,0.25368862537426873,0.00853215295018145
PCA,sweep2d_gemma_L2_pca_001__pca_029_fineweb_60deg_dirpca_fineweb.pkl,1.6922494900289615,0.01012930893955124,0.12185982781989,0.013336073596285167
PCA,sweep2d_gemma_L2_pca_001__pca_030_fineweb_60deg_dirpca_fineweb.pkl,1.8018373861453345,0.012042329990921993,0.07056224173356344,0.012995345667604396
PCA,sweep2d_gemma_L2_pca_001__pca_031_fineweb_60deg_dirpca_fineweb.pkl,1.9031687292332977,0.012431999812898687,0.028269920156054038,0.012998598582257395
PCA,sweep2d_gemma_L2_pca_001__pca_032_fineweb_60deg_dirpca_fineweb.pkl,2.0323146335368016,0.01438960641261821,-0.016391745273019072,0.014159990379155107
PCA,sweep2d_gemma_L2_pca_002__pca_003_fineweb_60deg_dirpca_fineweb.pkl,1.6098533768912706,0.022085695158987645,0.16737464969332996,0.02068583853546316
PCA,sweep2d_gemma_L2_pca_002__pca_004_fineweb_60deg_dirpca_fineweb.pkl,1.591307501387921,0.012727370387962442,0.18169887304223942,0.011977286695259819
PCA,sweep2d_gemma_L2_pca_002__pca_005_fineweb_60deg_dirpca_fineweb.pkl,2.839974311232127,0.013057217841369179,-0.17530678131031183,0.004261535479372361
PCA,sweep2d_gemma_L2_pca_002__pca_006_fineweb_60deg_dirpca_fineweb.pkl,2.1846744977784622,0.02045977578357007,-0.06304742373385891,0.020736144947754005
PCA,sweep2d_gemma_L2_pca_002__pca_007_fineweb_60deg_dirpca_fineweb.pkl,3.9481424958623457,0.01866393086340692,-0.275995128018751,0.010140751948372672
PCA,sweep2d_gemma_L2_pca_002__pca_008_fineweb_60deg_dirpca_fineweb.pkl,1.5220164128400704,0.026769945718548467,0.2176392640964153,0.028103426163711594
PCA,sweep2d_gemma_L2_pca_002__pca_009_fineweb_60deg_dirpca_fineweb.pkl,3.6649197550006596,0.02058458025215684,-0.2608437161236792,0.006924830059960531
PCA,sweep2d_gemma_L2_pca_002__pca_010_fineweb_60deg_dirpca_fineweb.pkl,3.32920233681473,0.0667074615757583,-0.3537980594349759,0.04044368244861665
PCA,sweep2d_gemma_L2_pca_002__pca_011_fineweb_60deg_dirpca_fineweb.pkl,2.1933556580568587,0.012680277664030376,-0.05610570767840361,0.013705219319307254
PCA,sweep2d_gemma_L2_pca_002__pca_012_fineweb_60deg_dirpca_fineweb.pkl,1.5500524510573186,0.014685404998004265,0.20858373756792561,0.014253723055455388
PCA,sweep2d_gemma_L2_pca_002__pca_013_fineweb_60deg_dirpca_fineweb.pkl,2.2791472790487965,0.02951122386910476,-0.08362628983834995,0.02924890472943494
PCA,sweep2d_gemma_L2_pca_002__pca_014_fineweb_60deg_dirpca_fineweb.pkl,1.789957922717264,0.043127531725925206,0.0524996497605884,0.04202078687223065
PCA,sweep2d_gemma_L2_pca_002__pca_015_fineweb_60deg_dirpca_fineweb.pkl,2.527061497957249,0.009045492193061964,-0.12236778921009708,0.012644434431761354
PCA,sweep2d_gemma_L2_pca_002__pca_016_fineweb_60deg_dirpca_fineweb.pkl,2.0601466661874612,0.011572414845839053,-0.023701955539999004,0.011419736580850616
PCA,sweep2d_gemma_L2_pca_002__pca_017_fineweb_60deg_dirpca_fineweb.pkl,2.3522948690784995,0.03127204114710996,-0.11553707378624926,0.03158280483078123
PCA,sweep2d_gemma_L2_pca_002__pca_018_fineweb_60deg_dirpca_fineweb.pkl,1.954404845187993,0.040987028084173545,-0.008287851268560239,0.039678108293032664
PCA,sweep2d_gemma_L2_pca_002__pca_019_fineweb_60deg_dirpca_fineweb.pkl,1.8208197016867405,0.023264519078441768,0.05359494830053529,0.023261897143100896
PCA,sweep2d_gemma_L2_pca_002__pca_020_fineweb_60deg_dirpca_fineweb.pkl,1.5111857761738219,0.018327094766243206,0.23340607494936844,0.01834975791735289
PCA,sweep2d_gemma_L2_pca_002__pca_021_fineweb_60deg_dirpca_fineweb.pkl,2.537148644423117,0.01563788330342645,-0.12992827279919378,0.015373548480027466
PCA,sweep2d_gemma_L2_pca_002__pca_022_fineweb_60deg_dirpca_fineweb.pkl,1.9340648006962633,0.01877471157488333,0.011538914049822746,0.01925069854114685
PCA,sweep2d_gemma_L2_pca_002__pca_023_fineweb_60deg_dirpca_fineweb.pkl,1.772129960872001,0.008522024967947099,0.0848464146745201,0.010163877810193681
PCA,sweep2d_gemma_L2_pca_002__pca_024_fineweb_60deg_dirpca_fineweb.pkl,2.8773139403270833,0.028073148938889625,-0.1845135469227077,0.02945761450618637
PCA,sweep2d_gemma_L2_pca_002__pca_025_fineweb_60deg_dirpca_fineweb.pkl,2.0000090811071307,0.012163007050873559,-0.004197266747549229,0.012129681272131416
PCA,sweep2d_gemma_L2_pca_002__pca_026_fineweb_60deg_dirpca_fineweb.pkl,1.710963932098228,0.013630144358587658,0.11458838360047341,0.013167117566024863
PCA,sweep2d_gemma_L2_pca_002__pca_027_fineweb_60deg_dirpca_fineweb.pkl,1.8227225507602038,0.019368712694680292,0.05768032500110083,0.02030140990285597
PCA,sweep2d_gemma_L2_pca_002__pca_028_fineweb_60deg_dirpca_fineweb.pkl,1.587410609572807,0.01497441240941487,0.1801948521309917,0.017245616223060665
PCA,sweep2d_gemma_L2_pca_002__pca_029_fineweb_60deg_dirpca_fineweb.pkl,1.7623597408457643,0.012402917788036228,0.08654780692082818,0.01365507941211486
PCA,sweep2d_gemma_L2_pca_002__pca_030_fineweb_60deg_dirpca_fineweb.pkl,1.8519715909312005,0.01732047048594925,0.04454450434214764,0.01871912922627645
PCA,sweep2d_gemma_L2_pca_002__pca_031_fineweb_60deg_dirpca_fineweb.pkl,2.152385440252556,0.019759634153737805,-0.05775815543736676,0.017213410727006932
PCA,sweep2d_gemma_L2_pca_002__pca_032_fineweb_60deg_dirpca_fineweb.pkl,2.535248349984192,0.027539313315267256,-0.14260739306467463,0.024883940002621664
PCA,sweep2d_gemma_L2_pca_003__pca_004_fineweb_60deg_dirpca_fineweb.pkl,1.4227344863037015,0.006494267587743535,0.3093009076757305,0.008648000563877848
PCA,sweep2d_gemma_L2_pca_003__pca_005_fineweb_60deg_dirpca_fineweb.pkl,1.9599726919127927,0.028021094935681622,-0.009847835139957432,0.03022200237890031
PCA,sweep2d_gemma_L2_pca_003__pca_006_fineweb_60deg_dirpca_fineweb.pkl,1.9111492285767706,0.010923043145184524,0.027035657839221204,0.011387765284553418
PCA,sweep2d_gemma_L2_pca_003__pca_007_fineweb_60deg_dirpca_fineweb.pkl,1.6568783119103585,0.010270572913464142,0.14447275974135818,0.01004837075227737
PCA,sweep2d_gemma_L2_pca_003__pca_008_fineweb_60deg_dirpca_fineweb.pkl,2.2514437016232063,0.011191902845864994,-0.06875801863855181,0.011917033312646397
PCA,sweep2d_gemma_L2_pca_003__pca_009_fineweb_60deg_dirpca_fineweb.pkl,2.7553058555668133,0.030436376970774476,-0.1923535427210797,0.026988292037120918
PCA,sweep2d_gemma_L2_pca_003__pca_010_fineweb_60deg_dirpca_fineweb.pkl,1.524597780465086,0.009964742830194284,0.22890163706093059,0.006902722127021858
PCA,sweep2d_gemma_L2_pca_003__pca_011_fineweb_60deg_dirpca_fineweb.pkl,1.5881248946897968,0.022999353595554283,0.17981506021215363,0.02190005876654412
PCA,sweep2d_gemma_L2_pca_003__pca_012_fineweb_60deg_dirpca_fineweb.pkl,1.8146131690244238,0.006346072432295087,0.0688891955993606,0.005568731572443654
PCA,sweep2d_gemma_L2_pca_003__pca_013_fineweb_60deg_dirpca_fineweb.pkl,2.051675632561585,0.00401189830441133,-0.016554104084927822,0.003892840426863923
PCA,sweep2d_gemma_L2_pca_003__pca_014_fineweb_60deg_dirpca_fineweb.pkl,1.7297585489234433,0.01669207699017013,0.10132435350899546,0.01659325609522443
PCA,sweep2d_gemma_L2_pca_003__pca_015_fineweb_60deg_dirpca_fineweb.pkl,2.2332497448115824,0.03278563327112446,-0.08870226359720722,0.031948301400847874
PCA,sweep2d_gemma_L2_pca_003__pca_016_fineweb_60deg_dirpca_fineweb.pkl,2.5834112144669423,0.0057681304816922935,-0.13243334519553882,0.006501096859214469
PCA,sweep2d_gemma_L2_pca_003__pca_017_fineweb_60deg_dirpca_fineweb.pkl,2.188348457112955,0.01241743828482694,-0.054320714991581795,0.012472479953015385
PCA,sweep2d_gemma_L2_pca_003__pca_018_fineweb_60deg_dirpca_fineweb.pkl,1.791206341857412,0.008013934623232249,0.07778171743617626,0.00761402957899205
PCA,sweep2d_gemma_L2_pca_003__pca_019_fineweb_60deg_dirpca_fineweb.pkl,1.7616532033802597,0.00711991076890268,0.09126081992623253,0.0075676594990594925
PCA,sweep2d_gemma_L2_pca_003__pca_020_fineweb_60deg_dirpca_fineweb.pkl,2.0513200369442006,0.03654607018969657,-0.0421814006763974,0.03641288396540506
PCA,sweep2d_gemma_L2_pca_003__pca_021_fineweb_60deg_dirpca_fineweb.pkl,2.149868468016578,0.00480268926157636,-0.04317572690432848,0.005832048297195913
PCA,sweep2d_gemma_L2_pca_003__pca_022_fineweb_60deg_dirpca_fineweb.pkl,1.5619071020867548,0.007598215971002821,0.20313793831930993,0.0059544532783412
PCA,sweep2d_gemma_L2_pca_003__pca_023_fineweb_60deg_dirpca_fineweb.pkl,1.8763158866494354,0.011887136526755156,0.03857702780017805,0.012977246003761402
PCA,sweep2d_gemma_L2_pca_003__pca_024_fineweb_60deg_dirpca_fineweb.pkl,1.5356344218944213,0.013066014047708064,0.21657417224332776,0.014468777065782167
PCA,sweep2d_gemma_L2_pca_003__pca_025_fineweb_60deg_dirpca_fineweb.pkl,1.644340877163993,0.008006522610107446,0.1508739635946667,0.008049319788484959
PCA,sweep2d_gemma_L2_pca_003__pca_026_fineweb_60deg_dirpca_fineweb.pkl,2.181153802559446,0.0052244880394591705,-0.05253283819523526,0.004831964892587436
PCA,sweep2d_gemma_L2_pca_003__pca_027_fineweb_60deg_dirpca_fineweb.pkl,1.927132650248242,0.014301276185570552,0.021290401667122507,0.014536660947484674
PCA,sweep2d_gemma_L2_pca_003__pca_028_fineweb_60deg_dirpca_fineweb.pkl,1.579211552485931,0.00746189928423451,0.18978050045855582,0.01136722811318578
PCA,sweep2d_gemma_L2_pca_003__pca_029_fineweb_60deg_dirpca_fineweb.pkl,2.4854260940547497,0.012154477895634718,-0.11948239421737256,0.010820213816084433
PCA,sweep2d_gemma_L2_pca_003__pca_030_fineweb_60deg_dirpca_fineweb.pkl,1.6543395430640602,0.008732116876163694,0.1461661299142669,0.008255760416163377
PCA,sweep2d_gemma_L2_pca_003__pca_031_fineweb_60deg_dirpca_fineweb.pkl,1.801390907016579,0.013027070162267458,0.06990819269406356,0.013818164892883825
PCA,sweep2d_gemma_L2_pca_003__pca_032_fineweb_60deg_dirpca_fineweb.pkl,2.329958805985975,0.013654265021969366,-0.08858549118368485,0.013348757371058624
PCA,sweep2d_gemma_L2_pca_004__pca_005_fineweb_60deg_dirpca_fineweb.pkl,2.7139345377331674,0.02421829945971928,-0.17102063189915992,0.022454290636516796
PCA,sweep2d_gemma_L2_pca_004__pca_006_fineweb_60deg_dirpca_fineweb.pkl,1.8432854332655702,0.02041127783146888,0.04664045626321202,0.021427110336944347
PCA,sweep2d_gemma_L2_pca_004__pca_007_fineweb_60deg_dirpca_fineweb.pkl,2.2147831513855514,0.02200192705305956,-0.0656322455996615,0.022773867468663316
PCA,sweep2d_gemma_L2_pca_004__pca_008_fineweb_60deg_dirpca_fineweb.pkl,2.5269695628604283,0.00803647010554441,-0.12146310997812176,0.011417923874649712
PCA,sweep2d_gemma_L2_pca_004__pca_009_fineweb_60deg_dirpca_fineweb.pkl,2.962288750137719,0.03264709056610064,-0.20979687097801625,0.027568192444822736
PCA,sweep2d_gemma_L2_pca_004__pca_010_fineweb_60deg_dirpca_fineweb.pkl,1.5809161240299814,0.029654812061183446,0.1798744730215225,0.02969329888553196
PCA,sweep2d_gemma_L2_pca_004__pca_011_fineweb_60deg_dirpca_fineweb.pkl,1.343213366428478,0.02116122430728205,0.3790040912265987,0.022954652766571774
PCA,sweep2d_gemma_L2_pca_004__pca_012_fineweb_60deg_dirpca_fineweb.pkl,1.8283590539996264,0.009141315969078058,0.06317209394755219,0.007574714413864518
PCA,sweep2d_gemma_L2_pca_004__pca_013_fineweb_60deg_dirpca_fineweb.pkl,2.0690820867803748,0.010512005890221584,-0.022785180954425433,0.010445268019287099
PCA,sweep2d_gemma_L2_pca_004__pca_014_fineweb_60deg_dirpca_fineweb.pkl,1.7296819876048337,0.02519322621469288,0.0898962585449993,0.026218613781274772
PCA,sweep2d_gemma_L2_pca_004__pca_015_fineweb_60deg_dirpca_fineweb.pkl,1.766352712340393,0.02298604044057991,0.08213488071392752,0.022752702315326674
PCA,sweep2d_gemma_L2_pca_004__pca_016_fineweb_60deg_dirpca_fineweb.pkl,2.5339770789483036,0.00878007652986058,-0.12210456316901426,0.013435415735750396
PCA,sweep2d_gemma_L2_pca_004__pca_017_fineweb_60deg_dirpca_fineweb.pkl,2.1786126207895165,0.011481923656122918,-0.05102307817960806,0.0118309116375173
PCA,sweep2d_gemma_L2_pca_004__pca_018_fineweb_60deg_dirpca_fineweb.pkl,1.8204681080034915,0.03553860950843693,0.04035925080769439,0.03645650424542377
PCA,sweep2d_gemma_L2_pca_004__pca_019_fineweb_60deg_dirpca_fineweb.pkl,1.809657167324609,0.016092922524679604,0.06806921127192753,0.01574914958745909
PCA,sweep2d_gemma_L2_pca_004__pca_020_fineweb_60deg_dirpca_fineweb.pkl,1.9653218602380267,0.01551580894222994,0.008987238033776183,0.015391663515838493
PCA,sweep2d_gemma_L2_pca_004__pca_021_fineweb_60deg_dirpca_fineweb.pkl,1.835865384003007,0.005072453774788584,0.05981917648230441,0.004399718694389759
PCA,sweep2d_gemma_L2_pca_004__pca_022_fineweb_60deg_dirpca_fineweb.pkl,1.6086673576067798,0.007055091335450278,0.17351038725205034,0.004929426193478403
PCA,sweep2d_gemma_L2_pca_004__pca_023_fineweb_60deg_dirpca_fineweb.pkl,2.1253495321611937,0.011316088855143427,-0.037478004214359865,0.011710609161355402
PCA,sweep2d_gemma_L2_pca_004__pca_024_fineweb_60deg_dirpca_fineweb.pkl,1.524269797930922,0.022444679472801033,0.21960322052867343,0.022905336325139896
PCA,sweep2d_gemma_L2_pca_004__pca_025_fineweb_60deg_dirpca_fineweb.pkl,1.6704998651977492,0.007116316529042337,0.13590315731229316,0.009278010877992912
PCA,sweep2d_gemma_L2_pca_004__pca_026_fineweb_60deg_dirpca_fineweb.pkl,1.9901370436783843,0.01588726098170888,0.0039318382695635815,0.01577481116437641
PCA,sweep2d_gemma_L2_pca_004__pca_027_fineweb_60deg_dirpca_fineweb.pkl,1.5961531729120066,0.014753286576468223,0.17910904572331435,0.013803861126640827
PCA,sweep2d_gemma_L2_pca_004__pca_028_fineweb_60deg_dirpca_fineweb.pkl,1.6568426134953582,0.00630150126951573,0.14530106108337326,0.005126519680523543
PCA,sweep2d_gemma_L2_pca_004__pca_029_fineweb_60deg_dirpca_fineweb.pkl,2.2044266408999875,0.013062030524428416,-0.05866785610321382,0.013213917853433545
PCA,sweep2d_gemma_L2_pca_004__pca_030_fineweb_60deg_dirpca_fineweb.pkl,1.6460558936885648,0.003002648661971059,0.15091145897174552,0.005121535034699392
PCA,sweep2d_gemma_L2_pca_004__pca_031_fineweb_60deg_dirpca_fineweb.pkl,1.6162258187055958,0.007720400441215562,0.16680015505198395,0.008611947152249333
PCA,sweep2d_gemma_L2_pca_004__pca_032_fineweb_60deg_dirpca_fineweb.pkl,1.6469706498080412,0.020844335897478312,0.14531934515281902,0.019289360012409402
PCA,sweep2d_gemma_L2_pca_005__pca_006_fineweb_60deg_dirpca_fineweb.pkl,2.635488936819653,0.018190462622545228,-0.15337437362997475,0.014267826493626812
PCA,sweep2d_gemma_L2_pca_005__pca_007_fineweb_60deg_dirpca_fineweb.pkl,2.655791902479933,0.0376185358180308,-0.19080908832263035,0.036580391732052055
PCA,sweep2d_gemma_L2_pca_005__pca_008_fineweb_60deg_dirpca_fineweb.pkl,2.6391107187532197,0.008880034524224515,-0.1437894686616943,0.0069088609176188465
PCA,sweep2d_gemma_L2_pca_005__pca_009_fineweb_60deg_dirpca_fineweb.pkl,1.910948256091787,0.0060610239710085344,0.028080080808796946,0.006946215648937015
PCA,sweep2d_gemma_L2_pca_005__pca_010_fineweb_60deg_dirpca_fineweb.pkl,2.9519649758712068,0.03552650330718263,-0.22059395942127996,0.032765985949136156
PCA,sweep2d_gemma_L2_pca_005__pca_011_fineweb_60deg_dirpca_fineweb.pkl,2.2949102153012344,0.008388187218908673,-0.08002010587940289,0.007527448358411748
PCA,sweep2d_gemma_L2_pca_005__pca_012_fineweb_60deg_dirpca_fineweb.pkl,1.8773156459475742,0.011086503361344167,0.04233459372148664,0.010862883705743497
PCA,sweep2d_gemma_L2_pca_005__pca_013_fineweb_60deg_dirpca_fineweb.pkl,2.1009358546572163,0.01187268584100023,-0.02918225881737519,0.012844044529633128
PCA,sweep2d_gemma_L2_pca_005__pca_014_fineweb_60deg_dirpca_fineweb.pkl,2.29475467242675,0.02137941837161088,-0.08592517310257225,0.021592898642124374
PCA,sweep2d_gemma_L2_pca_005__pca_015_fineweb_60deg_dirpca_fineweb.pkl,1.8334868962874287,0.005371595918518689,0.05890401201606943,0.006258478301073596
PCA,sweep2d_gemma_L2_pca_005__pca_016_fineweb_60deg_dirpca_fineweb.pkl,1.731601865988266,0.006600821972662476,0.1059941835969534,0.006586822556554546
PCA,sweep2d_gemma_L2_pca_005__pca_017_fineweb_60deg_dirpca_fineweb.pkl,1.8900424781209955,0.012271505150856924,0.03721062223669367,0.012136864922046128
PCA,sweep2d_gemma_L2_pca_005__pca_018_fineweb_60deg_dirpca_fineweb.pkl,2.6705207437751137,0.053745261464803185,-0.24967685946595836,0.04260367443640902
PCA,sweep2d_gemma_L2_pca_005__pca_019_fineweb_60deg_dirpca_fineweb.pkl,1.682164881276215,0.007378718729259858,0.131752102436332,0.0062282493998513724
PCA,sweep2d_gemma_L2_pca_005__pca_020_fineweb_60deg_dirpca_fineweb.pkl,2.152436465976798,0.01209379271154107,-0.04501755315579857,0.012195040089613944
PCA,sweep2d_gemma_L2_pca_005__pca_021_fineweb_60deg_dirpca_fineweb.pkl,2.018462579586141,0.012366887270131377,-0.007428583832563741,0.012246709320840377
PCA,sweep2d_gemma_L2_pca_005__pca_022_fineweb_60deg_dirpca_fineweb.pkl,2.3972986033282524,0.026717631775187767,-0.11393010535267528,0.026145468933495574
PCA,sweep2d_gemma_L2_pca_005__pca_023_fineweb_60deg_dirpca_fineweb.pkl,2.022696402101785,0.005639084057764518,-0.008004331528756627,0.005665947342873487
PCA,sweep2d_gemma_L2_pca_005__pca_024_fineweb_60deg_dirpca_fineweb.pkl,2.770820000361914,0.016103415682981518,-0.16956152994042104,0.01495958999448895
PCA,sweep2d_gemma_L2_pca_005__pca_025_fineweb_60deg_dirpca_fineweb.pkl,1.9206821268710603,0.010444716191273257,0.02322475398651576,0.011127956055560228
PCA,sweep2d_gemma_L2_pca_005__pca_026_fineweb_60deg_dirpca_fineweb.pkl,1.9579537765603907,0.0066056023914406676,0.013237393376506644,0.006591104871220468
PCA,sweep2d_gemma_L2_pca_005__pca_027_fineweb_60deg_dirpca_fineweb.pkl,2.392801830356828,0.0207061604394946,-0.11495485426286814,0.019526492820849766
PCA,sweep2d_gemma_L2_pca_005__pca_028_fineweb_60deg_dirpca_fineweb.pkl,2.193370077369863,0.014461370618799254,-0.05900223275725899,0.01408011936616422
PCA,sweep2d_gemma_L2_pca_005__pca_029_fineweb_60deg_dirpca_fineweb.pkl,2.1205472744444003,0.0138239493828267,-0.03806103563843776,0.013835473624856777
PCA,sweep2d_gemma_L2_pca_005__pca_030_fineweb_60deg_dirpca_fineweb.pkl,2.6051882832191384,0.02745423239501924,-0.158892778214884,0.026305707340987732
PCA,sweep2d_gemma_L2_pca_005__pca_031_fineweb_60deg_dirpca_fineweb.pkl,2.052896165666725,0.01948524677700881,-0.022769440879744664,0.019079170176326484
PCA,sweep2d_gemma_L2_pca_005__pca_032_fineweb_60deg_dirpca_fineweb.pkl,1.8090358437719423,0.026334004861617126,0.0605291675792412,0.025938876966073422
PCA,sweep2d_gemma_L2_pca_006__pca_007_fineweb_60deg_dirpca_fineweb.pkl,2.388873778425454,0.018598985949467673,-0.10311964885063679,0.01851919780135162
PCA,sweep2d_gemma_L2_pca_006__pca_008_fineweb_60deg_dirpca_fineweb.pkl,1.9936501883845306,0.00754674053509212,0.000500995224573609,0.007407320119600343
PCA,sweep2d_gemma_L2_pca_006__pca_009_fineweb_60deg_dirpca_fineweb.pkl,1.7630956810822873,0.009600611251808916,0.09206197618137783,0.007889387741423972
PCA,sweep2d_gemma_L2_pca_006__pca_010_fineweb_60deg_dirpca_fineweb.pkl,2.561579741989524,0.015353122606239892,-0.13203133561152214,0.01693849197309435
PCA,sweep2d_gemma_L2_pca_006__pca_011_fineweb_60deg_dirpca_fineweb.pkl,1.5750755438850084,0.010301472768605019,0.19338666269922966,0.00981823556565168
PCA,sweep2d_gemma_L2_pca_006__pca_012_fineweb_60deg_dirpca_fineweb.pkl,1.8178636199875138,0.01578139276888745,0.06415704641982595,0.015270821189736775
PCA,sweep2d_gemma_L2_pca_006__pca_013_fineweb_60deg_dirpca_fineweb.pkl,2.4145559660502594,0.018589381162620287,-0.11072011505485968,0.01719019846180416
PCA,sweep2d_gemma_L2_pca_006__pca_014_fineweb_60deg_dirpca_fineweb.pkl,2.5102378982546227,0.01739044591546063,-0.12579207987222948,0.014638215040357875
PCA,sweep2d_gemma_L2_pca_006__pca_015_fineweb_60deg_dirpca_fineweb.pkl,1.5298279031014326,0.012892762251147775,0.22266222981752878,0.013078705229251697
PCA,sweep2d_gemma_L2_pca_006__pca_016_fineweb_60deg_dirpca_fineweb.pkl,1.9202118399024017,0.009013929862497737,0.0244955313910914,0.009626710766616677
PCA,sweep2d_gemma_L2_pca_006__pca_017_fineweb_60deg_dirpca_fineweb.pkl,1.6931660061064144,0.007735653497870114,0.12377539324257368,0.009471336216148983
PCA,sweep2d_gemma_L2_pca_006__pca_018_fineweb_60deg_dirpca_fineweb.pkl,1.811070762489578,0.028135350815354433,0.05321183662639402,0.029027174332395878
PCA,sweep2d_gemma_L2_pca_006__pca_019_fineweb_60deg_dirpca_fineweb.pkl,1.9532172172242637,0.007884373749877308,0.013562229024620492,0.008030186210058321
PCA,sweep2d_gemma_L2_pca_006__pca_020_fineweb_60deg_dirpca_fineweb.pkl,2.2721061896102044,0.013093633157344053,-0.0782102373278253,0.013006074660132457
PCA,sweep2d_gemma_L2_pca_006__pca_021_fineweb_60deg_dirpca_fineweb.pkl,2.001444616481556,0.013757851379109644,-0.002534091628963741,0.013576629605684048
PCA,sweep2d_gemma_L2_pca_006__pca_022_fineweb_60deg_dirpca_fineweb.pkl,2.106405777106049,0.01252504719384797,-0.03740589261796831,0.011234313645186797
PCA,sweep2d_gemma_L2_pca_006__pca_023_fineweb_60deg_dirpca_fineweb.pkl,2.27077425416789,0.016243081402078974,-0.07867810971898781,0.015907602242266648
PCA,sweep2d_gemma_L2_pca_006__pca_024_fineweb_60deg_dirpca_fineweb.pkl,1.824464486985038,0.029284910678341484,0.054209920931810505,0.029221887668170753
PCA,sweep2d_gemma_L2_pca_006__pca_025_fineweb_60deg_dirpca_fineweb.pkl,1.9722321149945985,0.01471994031193247,0.0030521422254568137,0.015170991965647754
PCA,sweep2d_gemma_L2_pca_006__pca_026_fineweb_60deg_dirpca_fineweb.pkl,1.9141960270587441,0.012108028406550309,0.027460005247447076,0.012144843360312215
PCA,sweep2d_gemma_L2_pca_006__pca_027_fineweb_60deg_dirpca_fineweb.pkl,2.051289694702824,0.01064628295080685,-0.020757377201083234,0.010119652755194141
PCA,sweep2d_gemma_L2_pca_006__pca_028_fineweb_60deg_dirpca_fineweb.pkl,1.7961665931028128,0.01553444133636266,0.0731361076203364,0.015679772562040353
PCA,sweep2d_gemma_L2_pca_006__pca_029_fineweb_60deg_dirpca_fineweb.pkl,2.298424959719632,0.02024090106964962,-0.089813609797053,0.020153754865230123
PCA,sweep2d_gemma_L2_pca_006__pca_030_fineweb_60deg_dirpca_fineweb.pkl,1.7121816049940997,0.009817608637074956,0.11242938592383961,0.011377766786767168
PCA,sweep2d_gemma_L2_pca_006__pca_031_fineweb_60deg_dirpca_fineweb.pkl,1.7948697839267032,0.012052985904277856,0.07583576725734756,0.011685513879203462
PCA,sweep2d_gemma_L2_pca_006__pca_032_fineweb_60deg_dirpca_fineweb.pkl,2.0528608857401722,0.005267709504743919,-0.017341426922714072,0.005237115377461736
PCA,sweep2d_gemma_L2_pca_007__pca_008_fineweb_60deg_dirpca_fineweb.pkl,3.3115049844684776,0.02348103056605353,-0.23472720740829117,0.012184353680785107
PCA,sweep2d_gemma_L2_pca_007__pca_009_fineweb_60deg_dirpca_fineweb.pkl,2.685818436142672,0.04287068144255545,-0.2018898669744378,0.0411368827148102
PCA,sweep2d_gemma_L2_pca_007__pca_010_fineweb_60deg_dirpca_fineweb.pkl,1.680384644232991,0.01954959619063033,0.12950132060092773,0.01749837786880916
PCA,sweep2d_gemma_L2_pca_007__pca_011_fineweb_60deg_dirpca_fineweb.pkl,2.242483472989075,0.04670637419004372,-0.12193537445229069,0.045603628918808314
PCA,sweep2d_gemma_L2_pca_007__pca_012_fineweb_60deg_dirpca_fineweb.pkl,2.2475333198209286,0.014191964141454946,-0.07513076695400656,0.013315148417292914
PCA,sweep2d_gemma_L2_pca_007__pca_013_fineweb_60deg_dirpca_fineweb.pkl,2.268961526045922,0.0161281798729986,-0.08296424485443486,0.012631700830882404
PCA,sweep2d_gemma_L2_pca_007__pca_014_fineweb_60deg_dirpca_fineweb.pkl,1.7933466007582752,0.010228831873593991,0.07529298749931637,0.010413472987616268
PCA,sweep2d_gemma_L2_pca_007__pca_015_fineweb_60deg_dirpca_fineweb.pkl,2.117434575966105,0.03730231581243666,-0.05406988375854777,0.036986415983794686
PCA,sweep2d_gemma_L2_pca_007__pca_016_fineweb_60deg_dirpca_fineweb.pkl,3.0068304852312817,0.026530527257022356,-0.22195676858956467,0.02020284465719393
PCA,sweep2d_gemma_L2_pca_007__pca_017_fineweb_60deg_dirpca_fineweb.pkl,4.555582414612914,0.01931232670291775,-0.3053206146590197,0.023322552723030365
PCA,sweep2d_gemma_L2_pca_007__pca_018_fineweb_60deg_dirpca_fineweb.pkl,1.8414857799477322,0.011994140286089652,0.05500514264172488,0.01203664167716307
PCA,sweep2d_gemma_L2_pca_007__pca_019_fineweb_60deg_dirpca_fineweb.pkl,1.8128444355571547,0.00980895030192756,0.06738376747285883,0.009852562437026417
PCA,sweep2d_gemma_L2_pca_007__pca_020_fineweb_60deg_dirpca_fineweb.pkl,1.7780304065501593,0.02879466092431369,0.06937134181425496,0.02941248935729923
PCA,sweep2d_gemma_L2_pca_007__pca_021_fineweb_60deg_dirpca_fineweb.pkl,2.1000153939924875,0.01344335827427239,-0.02879423280248484,0.01440832988562283
PCA,sweep2d_gemma_L2_pca_007__pca_022_fineweb_60deg_dirpca_fineweb.pkl,2.050394800110144,0.02116046641051685,-0.03389096730077125,0.02260956663343886
PCA,sweep2d_gemma_L2_pca_007__pca_023_fineweb_60deg_dirpca_fineweb.pkl,1.8633877910676129,0.0069885541749326215,0.04823148904070812,0.006872988048324796
PCA,sweep2d_gemma_L2_pca_007__pca_024_fineweb_60deg_dirpca_fineweb.pkl,1.4581134785130054,0.01000872120330806,0.2772825291610077,0.01331698881382738
PCA,sweep2d_gemma_L2_pca_007__pca_025_fineweb_60deg_dirpca_fineweb.pkl,2.1368097255763856,0.003887667524976205,-0.039567401959546694,0.004746715740631816
PCA,sweep2d_gemma_L2_pca_007__pca_026_fineweb_60deg_dirpca_fineweb.pkl,2.5851361451542103,0.02730978319012741,-0.15100725873419663,0.0265991424614806
PCA,sweep2d_gemma_L2_pca_007__pca_027_fineweb_60deg_dirpca_fineweb.pkl,1.928774699146955,0.00833251539575087,0.02488902126149181,0.007862022926818908
PCA,sweep2d_gemma_L2_pca_007__pca_028_fineweb_60deg_dirpca_fineweb.pkl,2.092267530137792,0.0055652628194632825,-0.029121992538093767,0.004858619884288217
PCA,sweep2d_gemma_L2_pca_007__pca_029_fineweb_60deg_dirpca_fineweb.pkl,2.162931623288023,0.02111482519949764,-0.05640855509534245,0.02122551310838103
PCA,sweep2d_gemma_L2_pca_007__pca_030_fineweb_60deg_dirpca_fineweb.pkl,2.2657702855758144,0.008845357529742548,-0.07505640951409707,0.006240519453117418
PCA,sweep2d_gemma_L2_pca_007__pca_031_fineweb_60deg_dirpca_fineweb.pkl,2.647816907418656,0.025489184254363795,-0.15122560370431562,0.024283251986059306
PCA,sweep2d_gemma_L2_pca_007__pca_032_fineweb_60deg_dirpca_fineweb.pkl,2.383887547913975,0.015416918256576824,-0.10269212359737775,0.01505172917765966
PCA,sweep2d_gemma_L2_pca_008__pca_009_fineweb_60deg_dirpca_fineweb.pkl,2.3403506301431083,0.010511950802668344,-0.08727705093176237,0.013029677392496145
PCA,sweep2d_gemma_L2_pca_008__pca_010_fineweb_60deg_dirpca_fineweb.pkl,2.3815724120363604,0.009716066939227504,-0.10098804965859644,0.0071670595517691
PCA,sweep2d_gemma_L2_pca_008__pca_011_fineweb_60deg_dirpca_fineweb.pkl,2.48712287669464,0.011065824915488473,-0.121060549867461,0.008979699417192104
PCA,sweep2d_gemma_L2_pca_008__pca_012_fineweb_60deg_dirpca_fineweb.pkl,1.962871175474334,0.007826638063791589,0.010147044516112222,0.00790596828363345
PCA,sweep2d_gemma_L2_pca_008__pca_013_fineweb_60deg_dirpca_fineweb.pkl,2.1628685878233003,0.004660598881276943,-0.04717769182813349,0.004590470258877517
PCA,sweep2d_gemma_L2_pca_008__pca_014_fineweb_60deg_dirpca_fineweb.pkl,1.9504227486774806,0.005300000119277229,0.015893223149485908,0.005320720344374144
PCA,sweep2d_gemma_L2_pca_008__pca_015_fineweb_60deg_dirpca_fineweb.pkl,2.2979770821620757,0.013223039350018916,-0.08131574345869616,0.012987163122009968
PCA,sweep2d_gemma_L2_pca_008__pca_016_fineweb_60deg_dirpca_fineweb.pkl,1.855002836444296,0.005709217309661875,0.05017772647010586,0.006789375174726544
PCA,sweep2d_gemma_L2_pca_008__pca_017_fineweb_60deg_dirpca_fineweb.pkl,2.332558383280973,0.006284396486652758,-0.08639101541506743,0.006465863086044509
PCA,sweep2d_gemma_L2_pca_008__pca_018_fineweb_60deg_dirpca_fineweb.pkl,2.5827207591011567,0.009391679175014917,-0.13324483167835569,0.01099160034428946
PCA,sweep2d_gemma_L2_pca_008__pca_019_fineweb_60deg_dirpca_fineweb.pkl,2.03020736949222,0.010933890035915708,-0.011416633228386751,0.010764990541149216
PCA,sweep2d_gemma_L2_pca_008__pca_020_fineweb_60deg_dirpca_fineweb.pkl,2.04954717815241,0.011611277959900725,-0.02010141706281674,0.01135606357090809
PCA,sweep2d_gemma_L2_pca_008__pca_021_fineweb_60deg_dirpca_fineweb.pkl,2.2225977818216585,0.006695425656308911,-0.06125394397127915,0.007331968262104932
PCA,sweep2d_gemma_L2_pca_008__pca_022_fineweb_60deg_dirpca_fineweb.pkl,2.2130008245879833,0.015171292787195567,-0.05863037972605834,0.016950472862991433
PCA,sweep2d_gemma_L2_pca_008__pca_023_fineweb_60deg_dirpca_fineweb.pkl,2.105854816479382,0.010086874550217924,-0.03169619546198124,0.010713579576598834
PCA,sweep2d_gemma_L2_pca_008__pca_024_fineweb_60deg_dirpca_fineweb.pkl,2.0186226965316347,0.033354491214390984,-0.02261119449676583,0.03254920340562241
PCA,sweep2d_gemma_L2_pca_008__pca_025_fineweb_60deg_dirpca_fineweb.pkl,2.2193149776625747,0.008859694780866857,-0.062315867783653105,0.00861481776693535
PCA,sweep2d_gemma_L2_pca_008__pca_026_fineweb_60deg_dirpca_fineweb.pkl,1.840371284119922,0.011253432222462775,0.054021046484035884,0.01211186587921328
PCA,sweep2d_gemma_L2_pca_008__pca_027_fineweb_60deg_dirpca_fineweb.pkl,2.3204800211823233,0.00678348491116791,-0.08557472943727618,0.006610078594022133
PCA,sweep2d_gemma_L2_pca_008__pca_028_fineweb_60deg_dirpca_fineweb.pkl,1.7605027501465123,0.011963099878939915,0.09157078564466602,0.011430768166659114
PCA,sweep2d_gemma_L2_pca_008__pca_029_fineweb_60deg_dirpca_fineweb.pkl,1.96153654384605,0.011545720366395767,0.011871647489853395,0.011447510155405074
PCA,sweep2d_gemma_L2_pca_008__pca_030_fineweb_60deg_dirpca_fineweb.pkl,1.8760471040953057,0.008405080724358846,0.0445167136591385,0.007093296093176298
PCA,sweep2d_gemma_L2_pca_008__pca_031_fineweb_60deg_dirpca_fineweb.pkl,1.8701716181658325,0.011565496704161314,0.04240694223733577,0.012404435983170726
PCA,sweep2d_gemma_L2_pca_008__pca_032_fineweb_60deg_dirpca_fineweb.pkl,2.182866356548844,0.01391828170033138,-0.057476887418108524,0.013786886051676826
PCA,sweep2d_gemma_L2_pca_009__pca_010_fineweb_60deg_dirpca_fineweb.pkl,2.2611109670631526,0.08744198080232071,-0.27009537028792685,0.07152305961559977
PCA,sweep2d_gemma_L2_pca_009__pca_011_fineweb_60deg_dirpca_fineweb.pkl,2.194029963182225,0.018587618961649337,-0.06077341305256247,0.01839049697939967
PCA,sweep2d_gemma_L2_pca_009__pca_012_fineweb_60deg_dirpca_fineweb.pkl,1.6620681713905214,0.009316528182000332,0.14100880121773635,0.009165260167456845
PCA,sweep2d_gemma_L2_pca_009__pca_013_fineweb_60deg_dirpca_fineweb.pkl,1.850252988709659,0.004271880430569375,0.05226672506303769,0.005731792772512364
PCA,sweep2d_gemma_L2_pca_009__pca_014_fineweb_60deg_dirpca_fineweb.pkl,2.14406880913104,0.00914284423021177,-0.04419722899611743,0.008951215503557637
PCA,sweep2d_gemma_L2_pca_009__pca_015_fineweb_60deg_dirpca_fineweb.pkl,1.9204310122745643,0.008555516695630951,0.024807325672353425,0.008904407186039878
PCA,sweep2d_gemma_L2_pca_009__pca_016_fineweb_60deg_dirpca_fineweb.pkl,1.9239828581264131,0.007978115299428337,0.026048114548675984,0.007588682218246659
PCA,sweep2d_gemma_L2_pca_009__pca_017_fineweb_60deg_dirpca_fineweb.pkl,1.994395533856183,0.015766400552895347,-0.0031745377043747793,0.015985653733070242
PCA,sweep2d_gemma_L2_pca_009__pca_018_fineweb_60deg_dirpca_fineweb.pkl,2.401206054601862,0.04536773268159718,-0.1638671429028336,0.046165288136728544
PCA,sweep2d_gemma_L2_pca_009__pca_019_fineweb_60deg_dirpca_fineweb.pkl,1.7742872494120692,0.006486612960190439,0.08616624557297839,0.005920422357727897
PCA,sweep2d_gemma_L2_pca_009__pca_020_fineweb_60deg_dirpca_fineweb.pkl,2.154920807865278,0.00326611635331114,-0.04519873510483867,0.0027464182734393008
PCA,sweep2d_gemma_L2_pca_009__pca_021_fineweb_60deg_dirpca_fineweb.pkl,1.9319053140297784,0.004065738961317426,0.02139560935089769,0.0044777554348144925
PCA,sweep2d_gemma_L2_pca_009__pca_022_fineweb_60deg_dirpca_fineweb.pkl,2.0792717845670454,0.01727628096931714,-0.035870349135280484,0.017215286321950636
PCA,sweep2d_gemma_L2_pca_009__pca_023_fineweb_60deg_dirpca_fineweb.pkl,2.0610127942392475,0.012000659973251409,-0.023970109329953027,0.011671051062152212
PCA,sweep2d_gemma_L2_pca_009__pca_024_fineweb_60deg_dirpca_fineweb.pkl,2.5921493216556497,0.014794016127617967,-0.13328135935014576,0.020306414644819065
PCA,sweep2d_gemma_L2_pca_009__pca_025_fineweb_60deg_dirpca_fineweb.pkl,1.9701929825647555,0.020987306592736482,-0.0024677091750010794,0.02161548960585051
PCA,sweep2d_gemma_L2_pca_009__pca_026_fineweb_60deg_dirpca_fineweb.pkl,1.9931610284375985,0.008446773512541365,0.0004029577412584147,0.008664194977101533
PCA,sweep2d_gemma_L2_pca_009__pca_027_fineweb_60deg_dirpca_fineweb.pkl,2.2893176100408326,0.01234949786564549,-0.08606542053677575,0.011896608619324171
PCA,sweep2d_gemma_L2_pca_009__pca_028_fineweb_60deg_dirpca_fineweb.pkl,2.094031016083209,0.018288652569544123,-0.03151971334964587,0.018300394294933225
PCA,sweep2d_gemma_L2_pca_009__pca_029_fineweb_60deg_dirpca_fineweb.pkl,1.89143611728714,0.00373100697703922,0.03676461610740727,0.00457309328983003
PCA,sweep2d_gemma_L2_pca_009__pca_030_fineweb_60deg_dirpca_fineweb.pkl,1.983452167319968,0.01669303122347365,0.0006247276638555808,0.01652655501023644
PCA,sweep2d_gemma_L2_pca_009__pca_031_fineweb_60deg_dirpca_fineweb.pkl,1.726263648634592,0.008586527571048027,0.10928635879545821,0.007337183144634998
PCA,sweep2d_gemma_L2_pca_009__pca_032_fineweb_60deg_dirpca_fineweb.pkl,2.1607349228193042,0.009742120446497323,-0.04824686976027743,0.00978144051958065
PCA,sweep2d_gemma_L2_pca_010__pca_011_fineweb_60deg_dirpca_fineweb.pkl,2.080906434278526,0.16227287398334078,-0.4144813579721917,0.07742940008434986
PCA,sweep2d_gemma_L2_pca_010__pca_012_fineweb_60deg_dirpca_fineweb.pkl,1.6935425181514872,0.016301979752019507,0.11799453833059381,0.01841586316139325
PCA,sweep2d_gemma_L2_pca_010__pca_013_fineweb_60deg_dirpca_fineweb.pkl,2.6643072717555913,0.024603158989018617,-0.16365881788496822,0.024502216779428956
PCA,sweep2d_gemma_L2_pca_010__pca_014_fineweb_60deg_dirpca_fineweb.pkl,1.3997512101299785,0.02353503473621055,0.3215687607144308,0.02363257473936231
PCA,sweep2d_gemma_L2_pca_010__pca_015_fineweb_60deg_dirpca_fineweb.pkl,2.9403391295664023,0.023488522647306845,-0.19945805966525,0.020038085659697523
PCA,sweep2d_gemma_L2_pca_010__pca_016_fineweb_60deg_dirpca_fineweb.pkl,2.7164283925584347,0.0779712858504198,-0.315587645500038,0.05421799572435797
PCA,sweep2d_gemma_L2_pca_010__pca_017_fineweb_60deg_dirpca_fineweb.pkl,2.5832269554803915,0.01532049203121933,-0.13046679943593778,0.02126582698835837
PCA,sweep2d_gemma_L2_pca_010__pca_018_fineweb_60deg_dirpca_fineweb.pkl,1.6168908930160766,0.046363808526281636,0.1242751580807629,0.04891623067221058
PCA,sweep2d_gemma_L2_pca_010__pca_019_fineweb_60deg_dirpca_fineweb.pkl,1.8935227619332713,0.011075530972202633,0.03593242623161268,0.01079994285815673
PCA,sweep2d_gemma_L2_pca_010__pca_020_fineweb_60deg_dirpca_fineweb.pkl,1.623844422031285,0.016275823583658262,0.160796687087227,0.01503180622580015
PCA,sweep2d_gemma_L2_pca_010__pca_021_fineweb_60deg_dirpca_fineweb.pkl,2.176292846714486,0.02494705728333624,-0.05316915678133699,0.026779329580690955
PCA,sweep2d_gemma_L2_pca_010__pca_022_fineweb_60deg_dirpca_fineweb.pkl,1.7416214621475163,0.018729356630968627,0.09801661792347266,0.016700717442907912
PCA,sweep2d_gemma_L2_pca_010__pca_023_fineweb_60deg_dirpca_fineweb.pkl,1.6780386772733074,0.012046545985234905,0.13085482448368913,0.012778921187476262
PCA,sweep2d_gemma_L2_pca_010__pca_024_fineweb_60deg_dirpca_fineweb.pkl,1.3621086257059465,0.02472317679175361,0.3593102936786552,0.021538765538257818
PCA,sweep2d_gemma_L2_pca_010__pca_025_fineweb_60deg_dirpca_fineweb.pkl,2.4247003899553294,0.01427963719572836,-0.10352960077801723,0.01833847417252146
PCA,sweep2d_gemma_L2_pca_010__pca_026_fineweb_60deg_dirpca_fineweb.pkl,2.765532264724401,0.02925903351966621,-0.16132332176269193,0.03715716042568695
PCA,sweep2d_gemma_L2_pca_010__pca_027_fineweb_60deg_dirpca_fineweb.pkl,1.6989224401107703,0.028320171629527942,0.1127937703050599,0.027120372214672544
PCA,sweep2d_gemma_L2_pca_010__pca_028_fineweb_60deg_dirpca_fineweb.pkl,1.7210228497715487,0.020982532738929485,0.10572537909006496,0.020415974707111397
PCA,sweep2d_gemma_L2_pca_010__pca_029_fineweb_60deg_dirpca_fineweb.pkl,2.2251850410582334,0.025772111790921638,-0.06708381507947056,0.027108416416970864
PCA,sweep2d_gemma_L2_pca_010__pca_030_fineweb_60deg_dirpca_fineweb.pkl,1.8852314289814407,0.019281718097009702,0.03863925307886421,0.018170686981644393
PCA,sweep2d_gemma_L2_pca_010__pca_031_fineweb_60deg_dirpca_fineweb.pkl,3.316723727095994,0.033675938435649276,-0.2505452662441702,0.03367495881254318
PCA,sweep2d_gemma_L2_pca_010__pca_032_fineweb_60deg_dirpca_fineweb.pkl,3.2573031190572705,0.04063551766741352,-0.27539738197813757,0.03489516297941224
PCA,sweep2d_gemma_L2_pca_011__pca_012_fineweb_60deg_dirpca_fineweb.pkl,1.7416532215377682,0.01538730892712597,0.09776871990778871,0.015597578731382686
PCA,sweep2d_gemma_L2_pca_011__pca_013_fineweb_60deg_dirpca_fineweb.pkl,2.2725473569247345,0.009545800933944177,-0.07629024411312747,0.0076920601466371665
PCA,sweep2d_gemma_L2_pca_011__pca_014_fineweb_60deg_dirpca_fineweb.pkl,2.1413474902831724,0.023545965347393692,-0.050396303054568076,0.02322707069167495
PCA,sweep2d_gemma_L2_pca_011__pca_015_fineweb_60deg_dirpca_fineweb.pkl,1.555832804877393,0.007784974257364422,0.20458762322919843,0.01166960692724831
PCA,sweep2d_gemma_L2_pca_011__pca_016_fineweb_60deg_dirpca_fineweb.pkl,1.8862930330977572,0.006858466610667374,0.040208901092622484,0.005997292266970524
PCA,sweep2d_gemma_L2_pca_011__pca_017_fineweb_60deg_dirpca_fineweb.pkl,1.7200732539758328,0.013059786173847593,0.11169533677521695,0.011392026836339811
PCA,sweep2d_gemma_L2_pca_011__pca_018_fineweb_60deg_dirpca_fineweb.pkl,2.5706362516018224,0.04915434699452191,-0.19736373043456568,0.04356545827942286
PCA,sweep2d_gemma_L2_pca_011__pca_019_fineweb_60deg_dirpca_fineweb.pkl,1.6212950413487868,0.017671902424550908,0.15777042071743572,0.019868207945149846
PCA,sweep2d_gemma_L2_pca_011__pca_020_fineweb_60deg_dirpca_fineweb.pkl,2.0508617384755303,0.00709864491774366,-0.01776703114108659,0.006937867586456081
PCA,sweep2d_gemma_L2_pca_011__pca_021_fineweb_60deg_dirpca_fineweb.pkl,1.4879051663669873,0.013003281269333278,0.2535276286443761,0.012902652511315603
PCA,sweep2d_gemma_L2_pca_011__pca_022_fineweb_60deg_dirpca_fineweb.pkl,1.6010768014996521,0.03184416936502807,0.16101564533595936,0.03267246303225449
PCA,sweep2d_gemma_L2_pca_011__pca_023_fineweb_60deg_dirpca_fineweb.pkl,2.0307310075892393,0.01434245292513145,-0.014733591229248286,0.014181685251317999
PCA,sweep2d_gemma_L2_pca_011__pca_024_fineweb_60deg_dirpca_fineweb.pkl,2.3909058797291975,0.04633663040292719,-0.14664071166346448,0.04521623698890444
PCA,sweep2d_gemma_L2_pca_011__pca_025_fineweb_60deg_dirpca_fineweb.pkl,1.4494387284594288,0.012359067252373937,0.2862734959317528,0.008740644605366915
PCA,sweep2d_gemma_L2_pca_011__pca_026_fineweb_60deg_dirpca_fineweb.pkl,1.9213009285468248,0.007318888592102812,0.024384653655451012,0.008029737452617166
PCA,sweep2d_gemma_L2_pca_011__pca_027_fineweb_60deg_dirpca_fineweb.pkl,1.544446363290413,0.018837522589086452,0.20867027823193113,0.020253718637588913
PCA,sweep2d_gemma_L2_pca_011__pca_028_fineweb_60deg_dirpca_fineweb.pkl,1.8905169552122683,0.01120911157603567,0.03674608685279992,0.01105934472382541
PCA,sweep2d_gemma_L2_pca_011__pca_029_fineweb_60deg_dirpca_fineweb.pkl,2.0832195678004375,0.02029374402976081,-0.03633932371413472,0.019790933763895863
PCA,sweep2d_gemma_L2_pca_011__pca_030_fineweb_60deg_dirpca_fineweb.pkl,1.7455159866341694,0.007853334204739696,0.09704513949258102,0.009855810122524794
PCA,sweep2d_gemma_L2_pca_011__pca_031_fineweb_60deg_dirpca_fineweb.pkl,1.717455391547435,0.024636805439410978,0.09846942605080236,0.02728480888183093
PCA,sweep2d_gemma_L2_pca_011__pca_032_fineweb_60deg_dirpca_fineweb.pkl,1.7378617410319939,0.028775547299681847,0.08687671774859582,0.029990767775264278
PCA,sweep2d_gemma_L2_pca_012__pca_013_fineweb_60deg_dirpca_fineweb.pkl,1.7842830044126186,0.013546425224406227,0.07591476207263706,0.0158233256327517
PCA,sweep2d_gemma_L2_pca_012__pca_014_fineweb_60deg_dirpca_fineweb.pkl,1.5593865141587626,0.017007016096722404,0.20165437841357703,0.016992420769294785
PCA,sweep2d_gemma_L2_pca_012__pca_015_fineweb_60deg_dirpca_fineweb.pkl,2.13495697435066,0.008672294799406252,-0.04323528276827654,0.00734752908412859
PCA,sweep2d_gemma_L2_pca_012__pca_016_fineweb_60deg_dirpca_fineweb.pkl,1.708404307874221,0.014295046150032048,0.11644359558738314,0.012759542908759214
PCA,sweep2d_gemma_L2_pca_012__pca_017_fineweb_60deg_dirpca_fineweb.pkl,2.069764549239321,0.00939385701671294,-0.02083999568345323,0.009864755792879243
PCA,sweep2d_gemma_L2_pca_012__pca_018_fineweb_60deg_dirpca_fineweb.pkl,2.078311889957419,0.0068130663217411186,-0.023911922083666534,0.006947841179890341
PCA,sweep2d_gemma_L2_pca_012__pca_019_fineweb_60deg_dirpca_fineweb.pkl,1.6910068025881118,0.005085358824628967,0.1269267675535611,0.005280096176659585
PCA,sweep2d_gemma_L2_pca_012__pca_020_fineweb_60deg_dirpca_fineweb.pkl,1.897049315981511,0.00682820494122433,0.03504687831732287,0.006884252988426676
PCA,sweep2d_gemma_L2_pca_012__pca_021_fineweb_60deg_dirpca_fineweb.pkl,1.917424078766015,0.0058244685606961425,0.02727581000083667,0.00617519027856425
PCA,sweep2d_gemma_L2_pca_012__pca_022_fineweb_60deg_dirpca_fineweb.pkl,1.8615520675480448,0.008559058527181564,0.04837765045533339,0.008452706702753061
PCA,sweep2d_gemma_L2_pca_012__pca_023_fineweb_60deg_dirpca_fineweb.pkl,1.7552884467884469,0.010549762882154031,0.09443137962218731,0.009531516645308491
PCA,sweep2d_gemma_L2_pca_012__pca_024_fineweb_60deg_dirpca_fineweb.pkl,1.4552905930465185,0.01474186728014903,0.27646431199888016,0.019160793727408826
PCA,sweep2d_gemma_L2_pca_012__pca_025_fineweb_60deg_dirpca_fineweb.pkl,1.839777049568868,0.00666882660795153,0.05669734806712665,0.007247485860509617
PCA,sweep2d_gemma_L2_pca_012__pca_026_fineweb_60deg_dirpca_fineweb.pkl,1.9328599081212476,0.011792130988071811,0.021935130658247183,0.011662644995666396
PCA,sweep2d_gemma_L2_pca_012__pca_027_fineweb_60deg_dirpca_fineweb.pkl,1.9089886209589555,0.0060558611240408705,0.03070074192812376,0.005831494691646113
PCA,sweep2d_gemma_L2_pca_012__pca_028_fineweb_60deg_dirpca_fineweb.pkl,1.9340543334282407,0.0048403951110072615,0.020871345404933187,0.005415422855241356
PCA,sweep2d_gemma_L2_pca_012__pca_029_fineweb_60deg_dirpca_fineweb.pkl,1.9276572303673036,0.004866041845059264,0.02397296667734619,0.005216197483058261
PCA,sweep2d_gemma_L2_pca_012__pca_030_fineweb_60deg_dirpca_fineweb.pkl,1.7160394310239335,0.008086567852290373,0.11184582166973793,0.009347994516625437
PCA,sweep2d_gemma_L2_pca_012__pca_031_fineweb_60deg_dirpca_fineweb.pkl,1.772734396832662,0.014986726853929558,0.08418999268133873,0.014865400721076548
PCA,sweep2d_gemma_L2_pca_012__pca_032_fineweb_60deg_dirpca_fineweb.pkl,2.210318689849983,0.014150972767478537,-0.06338138310643132,0.01286164857540213
PCA,sweep2d_gemma_L2_pca_013__pca_014_fineweb_60deg_dirpca_fineweb.pkl,1.5915765760620495,0.016340703056463644,0.17942639244948377,0.01707872240151764
PCA,sweep2d_gemma_L2_pca_013__pca_015_fineweb_60deg_dirpca_fineweb.pkl,1.7239904924046479,0.010184546694350382,0.10816361556894238,0.010732217388322165
PCA,sweep2d_gemma_L2_pca_013__pca_016_fineweb_60deg_dirpca_fineweb.pkl,1.8174615439766986,0.0021694936698649137,0.06765828292571305,0.0011509737638183298
PCA,sweep2d_gemma_L2_pca_013__pca_017_fineweb_60deg_dirpca_fineweb.pkl,2.0003044803048553,0.012266220035979433,-0.004104338237036302,0.012709141971244876
PCA,sweep2d_gemma_L2_pca_013__pca_018_fineweb_60deg_dirpca_fineweb.pkl,2.395689665214949,0.01698897179377296,-0.10177925586968169,0.01762418579354738
PCA,sweep2d_gemma_L2_pca_013__pca_019_fineweb_60deg_dirpca_fineweb.pkl,1.6435917853544795,0.01157402529616649,0.15164167878033158,0.010310193962768463
PCA,sweep2d_gemma_L2_pca_013__pca_020_fineweb_60deg_dirpca_fineweb.pkl,2.118657659444052,0.010319915792471641,-0.03836892875521693,0.010019596266853828
PCA,sweep2d_gemma_L2_pca_013__pca_021_fineweb_60deg_dirpca_fineweb.pkl,2.030995124136789,0.00839298105022929,-0.009433079830124518,0.008469271290606954
PCA,sweep2d_gemma_L2_pca_013__pca_022_fineweb_60deg_dirpca_fineweb.pkl,2.2360079977279526,0.006226815388059248,-0.06727449937157319,0.00564674536221228
PCA,sweep2d_gemma_L2_pca_013__pca_023_fineweb_60deg_dirpca_fineweb.pkl,2.048459695102734,0.004550349299387577,-0.015465444445116714,0.0047207701455060395
PCA,sweep2d_gemma_L2_pca_013__pca_024_fineweb_60deg_dirpca_fineweb.pkl,2.0179764264171642,0.0159956613079912,-0.007496683902204543,0.015911716302730947
PCA,sweep2d_gemma_L2_pca_013__pca_025_fineweb_60deg_dirpca_fineweb.pkl,2.1369039135289096,0.011977407231002117,-0.040391321653635265,0.012413918133453689
PCA,sweep2d_gemma_L2_pca_013__pca_026_fineweb_60deg_dirpca_fineweb.pkl,1.8615916819911176,0.011197953325973814,0.04852135056715805,0.010480567284579627
PCA,sweep2d_gemma_L2_pca_013__pca_027_fineweb_60deg_dirpca_fineweb.pkl,2.1966998987913597,0.006372450974142399,-0.05489924722024943,0.007174946629065276
PCA,sweep2d_gemma_L2_pca_013__pca_028_fineweb_60deg_dirpca_fineweb.pkl,1.9836223748767015,0.004027438573897161,0.0053328672033699665,0.004028045586843009
PCA,sweep2d_gemma_L2_pca_013__pca_029_fineweb_60deg_dirpca_fineweb.pkl,1.9781165809501742,0.0036826609682509867,0.007567172322968224,0.0036788434115818725
PCA,sweep2d_gemma_L2_pca_013__pca_030_fineweb_60deg_dirpca_fineweb.pkl,2.317660678107935,0.006951392380285465,-0.08618098646744574,0.004086600699635073
PCA,sweep2d_gemma_L2_pca_013__pca_031_fineweb_60deg_dirpca_fineweb.pkl,1.9497106051192903,0.013255230199086776,0.009648780467853562,0.013895524930004463
PCA,sweep2d_gemma_L2_pca_013__pca_032_fineweb_60deg_dirpca_fineweb.pkl,1.9742439532236429,0.009966518208380485,0.006353944680342921,0.010124985712867197
PCA,sweep2d_gemma_L2_pca_014__pca_015_fineweb_60deg_dirpca_fineweb.pkl,2.8142848177231174,0.005001298850413708,-0.16299629011302458,0.01184288514786223
PCA,sweep2d_gemma_L2_pca_014__pca_016_fineweb_60deg_dirpca_fineweb.pkl,2.538951154391639,0.04154536102529951,-0.17881080619512743,0.0405597890430132
PCA,sweep2d_gemma_L2_pca_014__pca_017_fineweb_60deg_dirpca_fineweb.pkl,2.476114973341031,0.028856478401869425,-0.12630370076849246,0.028212128258994072
PCA,sweep2d_gemma_L2_pca_014__pca_018_fineweb_60deg_dirpca_fineweb.pkl,1.4998991461155518,0.012519523014983294,0.2441867414866737,0.012495693842515785
PCA,sweep2d_gemma_L2_pca_014__pca_019_fineweb_60deg_dirpca_fineweb.pkl,1.7673193193788377,0.013563369162095164,0.08914210156328055,0.011368991898831693
PCA,sweep2d_gemma_L2_pca_014__pca_020_fineweb_60deg_dirpca_fineweb.pkl,1.4840692768854746,0.013386597185940142,0.25453296527388236,0.017726976249694687
PCA,sweep2d_gemma_L2_pca_014__pca_021_fineweb_60deg_dirpca_fineweb.pkl,2.071858079825407,0.004754564862956754,-0.020934546746445463,0.0054058747095731725
PCA,sweep2d_gemma_L2_pca_014__pca_022_fineweb_60deg_dirpca_fineweb.pkl,1.8544031041864557,0.0058722188961789,0.05185523422860164,0.00593872839845591
PCA,sweep2d_gemma_L2_pca_014__pca_023_fineweb_60deg_dirpca_fineweb.pkl,1.598442086399461,0.006676360180310951,0.17928481317854458,0.007432221840807245
PCA,sweep2d_gemma_L2_pca_014__pca_024_fineweb_60deg_dirpca_fineweb.pkl,1.3219147035319248,0.010093614001940211,0.40971112590142045,0.011465465626455574
PCA,sweep2d_gemma_L2_pca_014__pca_025_fineweb_60deg_dirpca_fineweb.pkl,1.7686604416949654,0.017678361341942162,0.08303474858005151,0.018472771048755957
PCA,sweep2d_gemma_L2_pca_014__pca_026_fineweb_60deg_dirpca_fineweb.pkl,1.9004107764260676,0.01620063577373481,0.030230720946430048,0.016498665470911077
PCA,sweep2d_gemma_L2_pca_014__pca_027_fineweb_60deg_dirpca_fineweb.pkl,1.6943126499092769,0.018510631244759403,0.11653938796784831,0.020328888358852396
PCA,sweep2d_gemma_L2_pca_014__pca_028_fineweb_60deg_dirpca_fineweb.pkl,1.7742435951946545,0.00878262008877106,0.0850693887429065,0.00903868115339554
PCA,sweep2d_gemma_L2_pca_014__pca_029_fineweb_60deg_dirpca_fineweb.pkl,1.9835128126630943,0.026163704520948208,-0.0037774383543858862,0.0261102474649867
PCA,sweep2d_gemma_L2_pca_014__pca_030_fineweb_60deg_dirpca_fineweb.pkl,2.057191809101326,0.0043866340472769865,-0.018133526659314815,0.004370373382587976
PCA,sweep2d_gemma_L2_pca_014__pca_031_fineweb_60deg_dirpca_fineweb.pkl,2.3255303077493377,0.009050125757333806,-0.08542950801810863,0.009250772976965107
PCA,sweep2d_gemma_L2_pca_014__pca_032_fineweb_60deg_dirpca_fineweb.pkl,3.205668819336892,0.02710122457653359,-0.2389671744730619,0.023176384463556344
PCA,sweep2d_gemma_L2_pca_015__pca_016_fineweb_60deg_dirpca_fineweb.pkl,2.2643367011879834,0.007575783944085898,-0.07464563116479225,0.004829842207398715
PCA,sweep2d_gemma_L2_pca_015__pca_017_fineweb_60deg_dirpca_fineweb.pkl,2.3060634440421603,0.015401158636114846,-0.08845397798323441,0.015085616009422613
PCA,sweep2d_gemma_L2_pca_015__pca_018_fineweb_60deg_dirpca_fineweb.pkl,2.9054972834880544,0.030858342622408993,-0.19690577629422584,0.02825022888971822
PCA,sweep2d_gemma_L2_pca_015__pca_019_fineweb_60deg_dirpca_fineweb.pkl,1.9316149950631276,0.002949682287783617,0.022456963466417564,0.003357013292441191
PCA,sweep2d_gemma_L2_pca_015__pca_020_fineweb_60deg_dirpca_fineweb.pkl,1.710208683015648,0.008956882369170286,0.11614502346402197,0.009032842292322683
PCA,sweep2d_gemma_L2_pca_015__pca_021_fineweb_60deg_dirpca_fineweb.pkl,1.9475984930025936,0.011961064936811025,0.01170240214746748,0.012559102234316763
PCA,sweep2d_gemma_L2_pca_015__pca_022_fineweb_60deg_dirpca_fineweb.pkl,2.05769096089251,0.01872090527912122,-0.022483179379937573,0.018436788838089798
PCA,sweep2d_gemma_L2_pca_015__pca_023_fineweb_60deg_dirpca_fineweb.pkl,2.0600350564377874,0.002573723848492461,-0.017924849533797662,0.003109756306526735
PCA,sweep2d_gemma_L2_pca_015__pca_024_fineweb_60deg_dirpca_fineweb.pkl,1.9535469138773331,0.015909418213503803,0.010069557331665561,0.015602899391490689
PCA,sweep2d_gemma_L2_pca_015__pca_025_fineweb_60deg_dirpca_fineweb.pkl,2.0077793631745795,0.01358259265859175,-0.00465733683772434,0.013596324628710105
PCA,sweep2d_gemma_L2_pca_015__pca_026_fineweb_60deg_dirpca_fineweb.pkl,2.104166915905229,0.011636081373955068,-0.036146583366320956,0.011172763989320591
PCA,sweep2d_gemma_L2_pca_015__pca_027_fineweb_60deg_dirpca_fineweb.pkl,1.8841116346276394,0.008135937719193926,0.03781877609137569,0.008974764915483264
PCA,sweep2d_gemma_L2_pca_015__pca_028_fineweb_60deg_dirpca_fineweb.pkl,1.9238771232750695,0.002906417026233321,0.025446149409685637,0.0031719342869386074
PCA,sweep2d_gemma_L2_pca_015__pca_029_fineweb_60deg_dirpca_fineweb.pkl,2.0203222189958403,0.016041902436761696,-0.011509684734010707,0.016259433039312706
PCA,sweep2d_gemma_L2_pca_015__pca_030_fineweb_60deg_dirpca_fineweb.pkl,1.8035391533646243,0.01675732007062165,0.07043431670590758,0.01654707629384741
PCA,sweep2d_gemma_L2_pca_015__pca_031_fineweb_60deg_dirpca_fineweb.pkl,1.7620528463842313,0.017445827222009665,0.08487266040532823,0.019400960366614976
PCA,sweep2d_gemma_L2_pca_015__pca_032_fineweb_60deg_dirpca_fineweb.pkl,2.062024218980394,0.008958547810142188,-0.019255027096152632,0.009075176039590113
PCA,sweep2d_gemma_L2_pca_016__pca_017_fineweb_60deg_dirpca_fineweb.pkl,1.7236101950646696,0.006120072180945436,0.10881642288397934,0.0075864537902156845
PCA,sweep2d_gemma_L2_pca_016__pca_018_fineweb_60deg_dirpca_fineweb.pkl,2.3534057076229655,0.03997292495428226,-0.1414181404165312,0.04239616344825349
PCA,sweep2d_gemma_L2_pca_016__pca_019_fineweb_60deg_dirpca_fineweb.pkl,1.874065686100723,0.004129922757478845,0.0441562363140595,0.004142281384420687
PCA,sweep2d_gemma_L2_pca_016__pca_020_fineweb_60deg_dirpca_fineweb.pkl,2.6826355902331263,0.017199151297989074,-0.15714656784173506,0.015683007617737887
PCA,sweep2d_gemma_L2_pca_016__pca_021_fineweb_60deg_dirpca_fineweb.pkl,2.1444630124244553,0.009307972574189114,-0.04557746775927323,0.008335113020986926
PCA,sweep2d_gemma_L2_pca_016__pca_022_fineweb_60deg_dirpca_fineweb.pkl,2.0820663476248225,0.004212567172349593,-0.025417018747418856,0.004414114179940043
PCA,sweep2d_gemma_L2_pca_016__pca_023_fineweb_60deg_dirpca_fineweb.pkl,2.1093113378253725,0.0032127040898492485,-0.03199010513696823,0.0037099422668913982
PCA,sweep2d_gemma_L2_pca_016__pca_024_fineweb_60deg_dirpca_fineweb.pkl,3.1361824253969535,0.03607107847172184,-0.25682500169223443,0.030679271165478927
PCA,sweep2d_gemma_L2_pca_016__pca_025_fineweb_60deg_dirpca_fineweb.pkl,1.8423892127500354,0.004945748657217311,0.05615087340368011,0.005164992494535202
PCA,sweep2d_gemma_L2_pca_016__pca_026_fineweb_60deg_dirpca_fineweb.pkl,2.091253365306439,0.007579699715717025,-0.03071663405734181,0.006538395141546085
PCA,sweep2d_gemma_L2_pca_016__pca_027_fineweb_60deg_dirpca_fineweb.pkl,2.183098635081256,0.011221096910454479,-0.05521262465974104,0.011615743835965465
PCA,sweep2d_gemma_L2_pca_016__pca_028_fineweb_60deg_dirpca_fineweb.pkl,2.580661532189531,0.01638416273129256,-0.13867258823300335,0.01571680572108531
PCA,sweep2d_gemma_L2_pca_016__pca_029_fineweb_60deg_dirpca_fineweb.pkl,2.256849565975584,0.005762981742792696,-0.07202620938951183,0.003041559314810313
PCA,sweep2d_gemma_L2_pca_016__pca_030_fineweb_60deg_dirpca_fineweb.pkl,1.9912161252106193,0.007152757920346269,0.002352947259435544,0.00716359555836864
PCA,sweep2d_gemma_L2_pca_016__pca_031_fineweb_60deg_dirpca_fineweb.pkl,2.200641628981177,0.009327720412228194,-0.05698847942708562,0.009669409155168417
PCA,sweep2d_gemma_L2_pca_016__pca_032_fineweb_60deg_dirpca_fineweb.pkl,2.1933233973457438,0.004707770986829182,-0.05580876402800728,0.004940035432902817
PCA,sweep2d_gemma_L2_pca_017__pca_018_fineweb_60deg_dirpca_fineweb.pkl,2.2337732132589534,0.01952512530935941,-0.07165542170204196,0.019423669839769408
PCA,sweep2d_gemma_L2_pca_017__pca_019_fineweb_60deg_dirpca_fineweb.pkl,2.041972787116214,0.0027452127824204873,-0.012562884081756294,0.003046557105544194
PCA,sweep2d_gemma_L2_pca_017__pca_020_fineweb_60deg_dirpca_fineweb.pkl,2.3680926117512024,0.017798161230845457,-0.10365968963952713,0.016029039802871986
PCA,sweep2d_gemma_L2_pca_017__pca_021_fineweb_60deg_dirpca_fineweb.pkl,1.9183846232663584,0.016456823676523156,0.02525047058489094,0.01597591820137862
PCA,sweep2d_gemma_L2_pca_017__pca_022_fineweb_60deg_dirpca_fineweb.pkl,1.918068605063027,0.007050148616304997,0.028439837181349785,0.0067321251933115285
PCA,sweep2d_gemma_L2_pca_017__pca_023_fineweb_60deg_dirpca_fineweb.pkl,2.209509430625215,0.01779092779697943,-0.06521211589081258,0.016412710042127174
PCA,sweep2d_gemma_L2_pca_017__pca_024_fineweb_60deg_dirpca_fineweb.pkl,2.541947983900521,0.010236125313982753,-0.12673148478422738,0.01021895788817607
PCA,sweep2d_gemma_L2_pca_017__pca_025_fineweb_60deg_dirpca_fineweb.pkl,2.2674110968540147,0.0038862791232106273,-0.07236037849525595,0.004291983054811958
PCA,sweep2d_gemma_L2_pca_017__pca_026_fineweb_60deg_dirpca_fineweb.pkl,1.9962070910588374,0.005583080567445886,0.0014381181654299043,0.005558098477536045
PCA,sweep2d_gemma_L2_pca_017__pca_027_fineweb_60deg_dirpca_fineweb.pkl,1.9989291788943089,0.011740404803617452,-0.000140586861173632,0.011757243240648857
PCA,sweep2d_gemma_L2_pca_017__pca_028_fineweb_60deg_dirpca_fineweb.pkl,2.6872371159633426,0.012288755820760363,-0.15403765110895523,0.005217847193609393
PCA,sweep2d_gemma_L2_pca_017__pca_029_fineweb_60deg_dirpca_fineweb.pkl,2.04747242229121,0.011259854413348883,-0.015339783693135758,0.01149644876817855
PCA,sweep2d_gemma_L2_pca_017__pca_030_fineweb_60deg_dirpca_fineweb.pkl,1.9043174250454027,0.010930053917723809,0.03076838457665604,0.011021661924720436
PCA,sweep2d_gemma_L2_pca_017__pca_031_fineweb_60deg_dirpca_fineweb.pkl,2.3070923950540445,0.009784673562810951,-0.08267101949306475,0.00951387758830509
PCA,sweep2d_gemma_L2_pca_017__pca_032_fineweb_60deg_dirpca_fineweb.pkl,2.100383247233497,0.013120326413442306,-0.03854852882263184,0.012073725714130203
PCA,sweep2d_gemma_L2_pca_018__pca_019_fineweb_60deg_dirpca_fineweb.pkl,2.024704723366042,0.01125054555759111,-0.006802565141928245,0.011443219573223196
PCA,sweep2d_gemma_L2_pca_018__pca_020_fineweb_60deg_dirpca_fineweb.pkl,2.071907746402837,0.018325084395712534,-0.022069824570872816,0.019056599073478262
PCA,sweep2d_gemma_L2_pca_018__pca_021_fineweb_60deg_dirpca_fineweb.pkl,2.52766420947062,0.011677076399238501,-0.12453692506204281,0.013540620960359564
PCA,sweep2d_gemma_L2_pca_018__pca_022_fineweb_60deg_dirpca_fineweb.pkl,2.2792421670141794,0.025769496681305383,-0.0858819479918081,0.024449129372038962
PCA,sweep2d_gemma_L2_pca_018__pca_023_fineweb_60deg_dirpca_fineweb.pkl,1.8102563977111195,0.009087821515545871,0.0676994890605944,0.010793229962991743
PCA,sweep2d_gemma_L2_pca_018__pca_024_fineweb_60deg_dirpca_fineweb.pkl,1.4322890062471456,0.029185183542946046,0.2838901856904079,0.03259263140702199
PCA,sweep2d_gemma_L2_pca_018__pca_025_fineweb_60deg_dirpca_fineweb.pkl,2.4714679700762034,0.02233425639788888,-0.11894848284804754,0.022151551466116783
PCA,sweep2d_gemma_L2_pca_018__pca_026_fineweb_60deg_dirpca_fineweb.pkl,2.0713903378232192,0.01264978774317589,-0.02614525754925316,0.012105769633932596
PCA,sweep2d_gemma_L2_pca_018__pca_027_fineweb_60deg_dirpca_fineweb.pkl,2.1556945601893975,0.009018605394883299,-0.04756692721810813,0.008286897428034595
PCA,sweep2d_gemma_L2_pca_018__pca_028_fineweb_60deg_dirpca_fineweb.pkl,2.025447447480528,0.005917682169321333,-0.007145350539670051,0.0061315156183074865
PCA,sweep2d_gemma_L2_pca_018__pca_029_fineweb_60deg_dirpca_fineweb.pkl,2.266013015493437,0.012668281766017737,-0.07468331890796291,0.012721897872157219
PCA,sweep2d_gemma_L2_pca_018__pca_030_fineweb_60deg_dirpca_fineweb.pkl,2.103176817513684,0.008313092462116077,-0.03481849869487485,0.00736819742490472
PCA,sweep2d_gemma_L2_pca_018__pca_031_fineweb_60deg_dirpca_fineweb.pkl,2.545276925104797,0.0152690931234232,-0.1324417812184937,0.013115148388215227
PCA,sweep2d_gemma_L2_pca_018__pca_032_fineweb_60deg_dirpca_fineweb.pkl,2.48399002782099,0.025630409989183082,-0.13835315689684147,0.022067081388706767
PCA,sweep2d_gemma_L2_pca_019__pca_020_fineweb_60deg_dirpca_fineweb.pkl,1.8684168428782482,0.01274845559973993,0.045655745758795684,0.012191479825158195
PCA,sweep2d_gemma_L2_pca_019__pca_021_fineweb_60deg_dirpca_fineweb.pkl,1.8033271093926853,0.01073058881610259,0.0732215566513598,0.010166516642744702
PCA,sweep2d_gemma_L2_pca_019__pca_022_fineweb_60deg_dirpca_fineweb.pkl,2.304128787651384,0.00882164124952485,-0.08350923224740481,0.006758146201291909
PCA,sweep2d_gemma_L2_pca_019__pca_023_fineweb_60deg_dirpca_fineweb.pkl,1.8539468468622287,0.00689869976323147,0.05261538148491657,0.006393173175762093
PCA,sweep2d_gemma_L2_pca_019__pca_024_fineweb_60deg_dirpca_fineweb.pkl,1.6366683355308538,0.026791871166125136,0.14566665481492969,0.02758049985466109
PCA,sweep2d_gemma_L2_pca_019__pca_025_fineweb_60deg_dirpca_fineweb.pkl,1.7051146012268519,0.009954483136024215,0.11910844812504014,0.008885467522917816
PCA,sweep2d_gemma_L2_pca_019__pca_026_fineweb_60deg_dirpca_fineweb.pkl,2.1171374179005635,0.004858375451474219,-0.03543618980163825,0.004671709359077664
PCA,sweep2d_gemma_L2_pca_019__pca_027_fineweb_60deg_dirpca_fineweb.pkl,1.8605331085208687,0.018289621815491403,0.044682655701716555,0.01830548916959374
PCA,sweep2d_gemma_L2_pca_019__pca_028_fineweb_60deg_dirpca_fineweb.pkl,2.2197445791467585,0.0055410720158166615,-0.061044076158010226,0.006513843269785677
PCA,sweep2d_gemma_L2_pca_019__pca_029_fineweb_60deg_dirpca_fineweb.pkl,1.9223841133293722,0.006659857773488207,0.02456238400128766,0.007438334246662546
PCA,sweep2d_gemma_L2_pca_019__pca_030_fineweb_60deg_dirpca_fineweb.pkl,1.757776089324973,0.00574249833844763,0.09321602303072175,0.006105413556906919
PCA,sweep2d_gemma_L2_pca_019__pca_031_fineweb_60deg_dirpca_fineweb.pkl,1.7283383739976608,0.016722817152114218,0.10445626291513284,0.016863171672221407
PCA,sweep2d_gemma_L2_pca_019__pca_032_fineweb_60deg_dirpca_fineweb.pkl,1.7100691072566259,0.009602447102559898,0.11308902657394947,0.01270550378055233
PCA,sweep2d_gemma_L2_pca_020__pca_021_fineweb_60deg_dirpca_fineweb.pkl,1.825277558340309,0.00782576557108972,0.06326676912738446,0.00791256395479768
PCA,sweep2d_gemma_L2_pca_020__pca_022_fineweb_60deg_dirpca_fineweb.pkl,2.4602494264014902,0.020291812329898597,-0.12382706203557206,0.02049575435914356
PCA,sweep2d_gemma_L2_pca_020__pca_023_fineweb_60deg_dirpca_fineweb.pkl,1.6515671324582188,0.007037593110995507,0.14724482446513565,0.008289372931556013
PCA,sweep2d_gemma_L2_pca_020__pca_024_fineweb_60deg_dirpca_fineweb.pkl,1.4656879562522211,0.017214087220234698,0.2695350435371044,0.015392599527352365
PCA,sweep2d_gemma_L2_pca_020__pca_025_fineweb_60deg_dirpca_fineweb.pkl,2.066574866327708,0.02137149362494081,-0.025445490224310353,0.021191465350342734
PCA,sweep2d_gemma_L2_pca_020__pca_026_fineweb_60deg_dirpca_fineweb.pkl,1.7759350241299154,0.011918217912993972,0.08624502907565941,0.009857028191692603
PCA,sweep2d_gemma_L2_pca_020__pca_027_fineweb_60deg_dirpca_fineweb.pkl,1.7785248914485448,0.01338260785364816,0.07784010622876353,0.014984069517264836
PCA,sweep2d_gemma_L2_pca_020__pca_028_fineweb_60deg_dirpca_fineweb.pkl,1.9063751595000493,0.008031459876118316,0.030875174122393954,0.008072317407373047
PCA,sweep2d_gemma_L2_pca_020__pca_029_fineweb_60deg_dirpca_fineweb.pkl,1.9268784668298824,0.009690995768130558,0.02122461564574571,0.010110789575718954
PCA,sweep2d_gemma_L2_pca_020__pca_030_fineweb_60deg_dirpca_fineweb.pkl,2.256868393323191,0.00983795640040248,-0.07369162395683455,0.007133465225748183
PCA,sweep2d_gemma_L2_pca_020__pca_031_fineweb_60deg_dirpca_fineweb.pkl,1.8999828743072242,0.005311523932065724,0.03306352493842607,0.00601359167343468
PCA,sweep2d_gemma_L2_pca_020__pca_032_fineweb_60deg_dirpca_fineweb.pkl,2.0289246148894304,0.00915640261903455,-0.010982431126064045,0.00923995134862099
PCA,sweep2d_gemma_L2_pca_021__pca_022_fineweb_60deg_dirpca_fineweb.pkl,2.015002451956987,0.006826848483527661,-0.00678740158532161,0.006812925653296619
PCA,sweep2d_gemma_L2_pca_021__pca_023_fineweb_60deg_dirpca_fineweb.pkl,1.983227076184455,0.005274026130626607,0.0035770391623681803,0.0054238340649688035
PCA,sweep2d_gemma_L2_pca_021__pca_024_fineweb_60deg_dirpca_fineweb.pkl,2.2301380465220166,0.013448529715179874,-0.06296579780219978,0.016123897940763573
PCA,sweep2d_gemma_L2_pca_021__pca_025_fineweb_60deg_dirpca_fineweb.pkl,2.0793076443808785,0.009794317125541187,-0.0253917740803678,0.009852074824453508
PCA,sweep2d_gemma_L2_pca_021__pca_026_fineweb_60deg_dirpca_fineweb.pkl,1.7001679549207356,0.00607730209757379,0.12075632105801423,0.008178289654660931
PCA,sweep2d_gemma_L2_pca_021__pca_027_fineweb_60deg_dirpca_fineweb.pkl,1.9181858005714252,0.012407276263258589,0.026808216119069445,0.012169793378420448
PCA,sweep2d_gemma_L2_pca_021__pca_028_fineweb_60deg_dirpca_fineweb.pkl,2.117434269227609,0.004802820668647982,-0.03408077878141988,0.005553991776481765
PCA,sweep2d_gemma_L2_pca_021__pca_029_fineweb_60deg_dirpca_fineweb.pkl,1.8307951087240628,0.008431373366790831,0.06006611089813117,0.008544111704508731
PCA,sweep2d_gemma_L2_pca_021__pca_030_fineweb_60deg_dirpca_fineweb.pkl,2.0568236696965827,0.007515347584619258,-0.01908252953512231,0.007351292430304722
PCA,sweep2d_gemma_L2_pca_021__pca_031_fineweb_60deg_dirpca_fineweb.pkl,1.8488554595954005,0.010572717174532167,0.052701288026415466,0.0105745566465732
PCA,sweep2d_gemma_L2_pca_021__pca_032_fineweb_60deg_dirpca_fineweb.pkl,1.7456060099851016,0.007760943886562434,0.09712393858922912,0.010215147466590493
PCA,sweep2d_gemma_L2_pca_022__pca_023_fineweb_60deg_dirpca_fineweb.pkl,2.3986188513427202,0.03879761240631678,-0.13731146595740698,0.0384552501060317
PCA,sweep2d_gemma_L2_pca_022__pca_024_fineweb_60deg_dirpca_fineweb.pkl,2.098646053540379,0.0223125554293268,-0.0381259969781395,0.021947797417188858
PCA,sweep2d_gemma_L2_pca_022__pca_025_fineweb_60deg_dirpca_fineweb.pkl,1.9207915619226024,0.014163721765415898,0.02396938597218017,0.013947207793408575
PCA,sweep2d_gemma_L2_pca_022__pca_026_fineweb_60deg_dirpca_fineweb.pkl,2.054927100246103,0.003976111328376849,-0.01772522567445277,0.003959368582386297
PCA,sweep2d_gemma_L2_pca_022__pca_027_fineweb_60deg_dirpca_fineweb.pkl,2.188760786628661,0.011721541236305727,-0.05598701343148539,0.011678914420652933
PCA,sweep2d_gemma_L2_pca_022__pca_028_fineweb_60deg_dirpca_fineweb.pkl,2.035115455502812,0.0127424733659443,-0.01633041842770159,0.01210977562260216
PCA,sweep2d_gemma_L2_pca_022__pca_029_fineweb_60deg_dirpca_fineweb.pkl,2.481016471413619,0.015407482974028405,-0.1237447260700891,0.014024347064128445
PCA,sweep2d_gemma_L2_pca_022__pca_030_fineweb_60deg_dirpca_fineweb.pkl,1.8128314924487694,0.007944976086408432,0.06752602725441949,0.009024891112549406
PCA,sweep2d_gemma_L2_pca_022__pca_031_fineweb_60deg_dirpca_fineweb.pkl,1.8723091907023701,0.0037489877471292552,0.044918650354374104,0.003781024194735746
PCA,sweep2d_gemma_L2_pca_022__pca_032_fineweb_60deg_dirpca_fineweb.pkl,2.3958546741079467,0.020909539873561096,-0.10476854741441644,0.020746251333415212
PCA,sweep2d_gemma_L2_pca_023__pca_024_fineweb_60deg_dirpca_fineweb.pkl,1.6599866958175922,0.01075689300984322,0.14286635909679493,0.009983468570682184
PCA,sweep2d_gemma_L2_pca_023__pca_025_fineweb_60deg_dirpca_fineweb.pkl,2.574418012641418,0.012041333117470503,-0.13305452277693094,0.013887925126175548
PCA,sweep2d_gemma_L2_pca_023__pca_026_fineweb_60deg_dirpca_fineweb.pkl,2.0882036619755566,0.004488081173273578,-0.025603496262817826,0.005400955228751841
PCA,sweep2d_gemma_L2_pca_023__pca_027_fineweb_60deg_dirpca_fineweb.pkl,1.8722928875802862,0.02045227572690925,0.028781624848036865,0.023475002471621226
PCA,sweep2d_gemma_L2_pca_023__pca_028_fineweb_60deg_dirpca_fineweb.pkl,2.0431835532918954,0.011974353739479063,-0.015429806657413062,0.011972290060832133
PCA,sweep2d_gemma_L2_pca_023__pca_029_fineweb_60deg_dirpca_fineweb.pkl,1.9309052187766116,0.00768583038152534,0.021688982533562263,0.007876358670634676
PCA,sweep2d_gemma_L2_pca_023__pca_030_fineweb_60deg_dirpca_fineweb.pkl,2.2688098057287576,0.013417036527032708,-0.07581507533137895,0.01354770912942397
PCA,sweep2d_gemma_L2_pca_023__pca_031_fineweb_60deg_dirpca_fineweb.pkl,2.3807089635414096,0.0027539346681308054,-0.09581460140895828,0.004832960100366014
PCA,sweep2d_gemma_L2_pca_023__pca_032_fineweb_60deg_dirpca_fineweb.pkl,2.3178091281243884,0.0033793088449782563,-0.08351469838710203,0.003994461141144662
PCA,sweep2d_gemma_L2_pca_024__pca_025_fineweb_60deg_dirpca_fineweb.pkl,2.1268361806101286,0.017368269568743086,-0.040847081846957844,0.01733754859881158
PCA,sweep2d_gemma_L2_pca_024__pca_026_fineweb_60deg_dirpca_fineweb.pkl,2.315337323536568,0.008657134820897685,-0.08210033372244577,0.009966400343452296
PCA,sweep2d_gemma_L2_pca_024__pca_027_fineweb_60deg_dirpca_fineweb.pkl,1.633618048411642,0.040797764185215794,0.13646014850501864,0.03974475556104551
PCA,sweep2d_gemma_L2_pca_024__pca_028_fineweb_60deg_dirpca_fineweb.pkl,1.8306874396203563,0.009222479098568598,0.06145284745097514,0.0092440972079579
PCA,sweep2d_gemma_L2_pca_024__pca_029_fineweb_60deg_dirpca_fineweb.pkl,2.1366373137482175,0.0062762828722805995,-0.04150066963286794,0.00625919196409714
PCA,sweep2d_gemma_L2_pca_024__pca_030_fineweb_60deg_dirpca_fineweb.pkl,1.6145974119781266,0.03898341323092226,0.14263812412796892,0.040724131046073496
PCA,sweep2d_gemma_L2_pca_024__pca_031_fineweb_60deg_dirpca_fineweb.pkl,2.8428696237758313,0.026606860757136693,-0.17327408556957394,0.030140944869268122
PCA,sweep2d_gemma_L2_pca_024__pca_032_fineweb_60deg_dirpca_fineweb.pkl,3.765752186085489,0.02065494259560416,-0.2650135229894211,0.019155327479547016
PCA,sweep2d_gemma_L2_pca_025__pca_026_fineweb_60deg_dirpca_fineweb.pkl,1.8057287355042673,0.006993842869524336,0.07133775169655156,0.007245562170049865
PCA,sweep2d_gemma_L2_pca_025__pca_027_fineweb_60deg_dirpca_fineweb.pkl,1.895480625310241,0.01030708279387842,0.03542637735772179,0.010008444732160612
PCA,sweep2d_gemma_L2_pca_025__pca_028_fineweb_60deg_dirpca_fineweb.pkl,1.867982414243708,0.014447135540381581,0.041699395290095614,0.01515845404707566
PCA,sweep2d_gemma_L2_pca_025__pca_029_fineweb_60deg_dirpca_fineweb.pkl,1.9289463168333032,0.004361743233627895,0.024089693553331498,0.004235936072407678
PCA,sweep2d_gemma_L2_pca_025__pca_030_fineweb_60deg_dirpca_fineweb.pkl,1.8814656099894806,0.009083795623179949,0.040856674463019486,0.009024405138781052
PCA,sweep2d_gemma_L2_pca_025__pca_031_fineweb_60deg_dirpca_fineweb.pkl,2.0416422700245564,0.008826322663705661,-0.012629818810848459,0.009008680231676393
PCA,sweep2d_gemma_L2_pca_025__pca_032_fineweb_60deg_dirpca_fineweb.pkl,1.914010046709261,0.011076906241632782,0.02807583772545773,0.010984879585940169
PCA,sweep2d_gemma_L2_pca_026__pca_027_fineweb_60deg_dirpca_fineweb.pkl,1.878602408280539,0.006003738780669274,0.043273901381399534,0.005106518964397521
PCA,sweep2d_gemma_L2_pca_026__pca_028_fineweb_60deg_dirpca_fineweb.pkl,2.0201699858926503,0.009622119251331666,-0.006790558563419138,0.009620921296848054
PCA,sweep2d_gemma_L2_pca_026__pca_029_fineweb_60deg_dirpca_fineweb.pkl,1.733927974754278,0.012464077003356434,0.10398830835164667,0.011922612187492562
PCA,sweep2d_gemma_L2_pca_026__pca_030_fineweb_60deg_dirpca_fineweb.pkl,2.3156663238787814,0.003826604087548086,-0.0829749899933453,0.0044052618036426435
PCA,sweep2d_gemma_L2_pca_026__pca_031_fineweb_60deg_dirpca_fineweb.pkl,2.00867588555523,0.009298099448162508,-0.0033971937772777393,0.0092944829116276
PCA,sweep2d_gemma_L2_pca_026__pca_032_fineweb_60deg_dirpca_fineweb.pkl,2.129767807809807,0.008867630182030036,-0.04065852629102037,0.008746744313465532
PCA,sweep2d_gemma_L2_pca_027__pca_028_fineweb_60deg_dirpca_fineweb.pkl,1.8469202571444154,0.01565225816888318,0.052872171359607645,0.015383098266227333
PCA,sweep2d_gemma_L2_pca_027__pca_029_fineweb_60deg_dirpca_fineweb.pkl,1.952773234402403,0.0032606256598942643,0.015656297533172533,0.0031412147921149724
PCA,sweep2d_gemma_L2_pca_027__pca_030_fineweb_60deg_dirpca_fineweb.pkl,2.160525463797943,0.004542836316714238,-0.04787419294414188,0.003332894584921231
PCA,sweep2d_gemma_L2_pca_027__pca_031_fineweb_60deg_dirpca_fineweb.pkl,1.9592386260546641,0.007019509711302809,0.014361285729520598,0.006607706711271559
PCA,sweep2d_gemma_L2_pca_027__pca_032_fineweb_60deg_dirpca_fineweb.pkl,1.8485370136765387,0.002924077211664913,0.05401673899148746,0.0035642529315808116
PCA,sweep2d_gemma_L2_pca_028__pca_029_fineweb_60deg_dirpca_fineweb.pkl,2.3473697548243755,0.008956624183224501,-0.09173193262430408,0.00855740210436934
PCA,sweep2d_gemma_L2_pca_028__pca_030_fineweb_60deg_dirpca_fineweb.pkl,1.90032286670072,0.0070550852337331995,0.034199035037254404,0.00687108110599728
PCA,sweep2d_gemma_L2_pca_028__pca_031_fineweb_60deg_dirpca_fineweb.pkl,2.059931929796519,0.017774574594455445,-0.021369712837564815,0.017678568676787892
PCA,sweep2d_gemma_L2_pca_028__pca_032_fineweb_60deg_dirpca_fineweb.pkl,2.3292876409127525,0.012441945702113516,-0.08923307033873118,0.010554400160307245
PCA,sweep2d_gemma_L2_pca_029__pca_030_fineweb_60deg_dirpca_fineweb.pkl,2.332572220910187,0.010093724920713467,-0.08933164147136365,0.009753799466097229
PCA,sweep2d_gemma_L2_pca_029__pca_031_fineweb_60deg_dirpca_fineweb.pkl,2.1067808736551434,0.017415913004260382,-0.036547296040169534,0.017067186864155797
PCA,sweep2d_gemma_L2_pca_029__pca_032_fineweb_60deg_dirpca_fineweb.pkl,1.7301054611836382,0.003468864995911726,0.1072808239415031,0.0029927486385801314
PCA,sweep2d_gemma_L2_pca_030__pca_031_fineweb_60deg_dirpca_fineweb.pkl,1.8267448732191442,0.018707153689181154,0.06206779028492647,0.017125442064605746
PCA,sweep2d_gemma_L2_pca_030__pca_032_fineweb_60deg_dirpca_fineweb.pkl,2.161064554946969,0.013350967382911617,-0.049468817438015546,0.013322990871614905
PCA,sweep2d_gemma_L2_pca_031__pca_032_fineweb_60deg_dirpca_fineweb.pkl,2.1721090376183776,0.010003857453639646,-0.05263768038200021,0.009678637246045915
Random,sweep2d_gemma_L2_random_000__random_001_fineweb_60deg_dirrandom.pkl,1.895698801796876,0.007583368320147592,0.034674698438279285,0.007936046521504652
Random,sweep2d_gemma_L2_random_000__random_002_fineweb_60deg_dirrandom.pkl,2.012787612464083,0.008521311883867308,-0.005652379901507248,0.008615133469963565
Random,sweep2d_gemma_L2_random_000__random_003_fineweb_60deg_dirrandom.pkl,1.9487900425532154,0.010399927427881414,0.013403875699483108,0.010656043072905746
Random,sweep2d_gemma_L2_random_000__random_004_fineweb_60deg_dirrandom.pkl,2.128793354692933,0.010673627462093743,-0.04212265483873463,0.01047294925512669
Random,sweep2d_gemma_L2_random_000__random_005_fineweb_60deg_dirrandom.pkl,1.8733113221263988,0.006795086744594183,0.042757902236170646,0.007399136395945249
Random,sweep2d_gemma_L2_random_000__random_006_fineweb_60deg_dirrandom.pkl,1.986522449405579,0.003597036016270594,0.003226158577317357,0.0037255064313249865
Random,sweep2d_gemma_L2_random_000__random_007_fineweb_60deg_dirrandom.pkl,2.0626407653380103,0.004497840558089255,-0.019370843721021623,0.00463194087413694
Random,sweep2d_gemma_L2_random_000__random_008_fineweb_60deg_dirrandom.pkl,2.0099712873389506,0.011751496743376867,-0.007470179971599716,0.012044870841301732
Random,sweep2d_gemma_L2_random_000__random_009_fineweb_60deg_dirrandom.pkl,2.013984053861793,0.01787942198040505,-0.007337429989393153,0.017807757202114645
Random,sweep2d_gemma_L2_random_000__random_010_fineweb_60deg_dirrandom.pkl,1.9773092385488493,0.0028448741177731483,0.00720651441543616,0.0028994263262938687
Random,sweep2d_gemma_L2_random_000__random_011_fineweb_60deg_dirrandom.pkl,1.9351551123247097,0.011839464043092707,0.01955567741007725,0.011682216052409591
Random,sweep2d_gemma_L2_random_000__random_012_fineweb_60deg_dirrandom.pkl,1.8717292320388874,0.004867042040259383,0.04491719071646665,0.005157175874811216
Random,sweep2d_gemma_L2_random_000__random_013_fineweb_60deg_dirrandom.pkl,1.9793819304620188,0.0034329270706301997,0.005670449922268966,0.0036508405482430614
Random,sweep2d_gemma_L2_random_000__random_014_fineweb_60deg_dirrandom.pkl,2.0689294716802213,0.009117977598279776,-0.022208233572779613,0.0090981203061994
Random,sweep2d_gemma_L2_random_000__random_015_fineweb_60deg_dirrandom.pkl,1.9341916212037848,0.007177458353362312,0.020097608854799123,0.007591389282644021
Random,sweep2d_gemma_L2_random_000__random_016_fineweb_60deg_dirrandom.pkl,2.0054691567345317,0.00789573542136137,-0.004583839034503325,0.007878699801677195
Random,sweep2d_gemma_L2_random_000__random_017_fineweb_60deg_dirrandom.pkl,1.764990299674921,0.003836877319552653,0.09074605993160453,0.003067774694424869
Random,sweep2d_gemma_L2_random_000__random_018_fineweb_60deg_dirrandom.pkl,1.7485694062731947,0.004033286677589782,0.0983987074436049,0.004100471198440517
Random,sweep2d_gemma_L2_random_000__random_019_fineweb_60deg_dirrandom.pkl,2.114904382126939,0.0066051477336837245,-0.03653147497789759,0.005588768730465413
Random,sweep2d_gemma_L2_random_000__random_020_fineweb_60deg_dirrandom.pkl,1.851161294203866,0.007197660300714448,0.05241953653870479,0.007538642375811564
Random,sweep2d_gemma_L2_random_000__random_021_fineweb_60deg_dirrandom.pkl,1.7431539542989896,0.007183245185288926,0.1002518429316884,0.007096342285395281
Random,sweep2d_gemma_L2_random_000__random_022_fineweb_60deg_dirrandom.pkl,2.1573195148333335,0.006650748261226543,-0.0467198348100576,0.0063916807097012945
Random,sweep2d_gemma_L2_random_000__random_023_fineweb_60deg_dirrandom.pkl,1.9959823372758483,0.02108275953023777,-0.0046483570724185136,0.02126408784002908
Random,sweep2d_gemma_L2_random_000__random_024_fineweb_60deg_dirrandom.pkl,2.091714605852399,0.011811866680422436,-0.029744800565984615,0.011745614483441079
Random,sweep2d_gemma_L2_random_000__random_025_fineweb_60deg_dirrandom.pkl,1.8813119830257141,0.005708390338687054,0.040475127389974136,0.006278268362666999
Random,sweep2d_gemma_L2_random_000__random_026_fineweb_60deg_dirrandom.pkl,2.0631623222071758,0.004841897597243657,-0.018275721717115286,0.0056121722693900445
Random,sweep2d_gemma_L2_random_000__random_027_fineweb_60deg_dirrandom.pkl,1.9678175394958288,0.006908456087649803,0.009479410837832243,0.006983046250578715
Random,sweep2d_gemma_L2_random_000__random_028_fineweb_60deg_dirrandom.pkl,2.0774679204762094,0.011494105546489632,-0.02431946729771074,0.011831176796423409
Random,sweep2d_gemma_L2_random_000__random_029_fineweb_60deg_dirrandom.pkl,2.048869338719311,0.0035551859529664794,-0.01618745389067991,0.0033284185474558837
Random,sweep2d_gemma_L2_random_000__random_030_fineweb_60deg_dirrandom.pkl,2.182104283476328,0.006615697877807228,-0.05377265681988191,0.0059526264550621155
Random,sweep2d_gemma_L2_random_000__random_031_fineweb_60deg_dirrandom.pkl,1.9420011387544198,0.004525556278822266,0.019755786773695785,0.004444068206649361
Random,sweep2d_gemma_L2_random_000__random_032_fineweb_60deg_dirrandom.pkl,1.8895431318411524,0.008399687004615616,0.03815416873412939,0.00811564654439077
Random,sweep2d_gemma_L2_random_001__random_002_fineweb_60deg_dirrandom.pkl,1.8685008476847313,0.016588611693161247,0.042026148771435144,0.01697899012835188
Random,sweep2d_gemma_L2_random_001__random_003_fineweb_60deg_dirrandom.pkl,2.0815820233633855,0.004259313256163547,-0.025202810324139884,0.004169172933023052
Random,sweep2d_gemma_L2_random_001__random_004_fineweb_60deg_dirrandom.pkl,2.157684850345732,0.007305152905483576,-0.04538935876951395,0.007614478936637993
Random,sweep2d_gemma_L2_random_001__random_005_fineweb_60deg_dirrandom.pkl,1.8766168408876795,0.009513623358903675,0.04241356879415827,0.009461884274216343
Random,sweep2d_gemma_L2_random_001__random_006_fineweb_60deg_dirrandom.pkl,1.831069784495675,0.0071064453463072245,0.06113089026419369,0.0069615436236824535
Random,sweep2d_gemma_L2_random_001__random_007_fineweb_60deg_dirrandom.pkl,2.1660845980761936,0.0041339198379151875,-0.04775523067330569,0.004709066664203273
Random,sweep2d_gemma_L2_random_001__random_008_fineweb_60deg_dirrandom.pkl,2.10108064607656,0.00970317218691287,-0.031744902258716234,0.00963995786325
Random,sweep2d_gemma_L2_random_001__random_009_fineweb_60deg_dirrandom.pkl,2.1379739153884043,0.004771248069189493,-0.04136575429530936,0.004234672267091521
Random,sweep2d_gemma_L2_random_001__random_010_fineweb_60deg_dirrandom.pkl,1.9351678255949434,0.0062206135182133445,0.022429205146721913,0.005897573743065263
Random,sweep2d_gemma_L2_random_001__random_011_fineweb_60deg_dirrandom.pkl,2.0450514540320124,0.0017661759700809752,-0.013886491372129939,0.0019002492326874638
Random,sweep2d_gemma_L2_random_001__random_012_fineweb_60deg_dirrandom.pkl,2.0650003641461354,0.009561871505670195,-0.019637453549150776,0.00979219552854932
Random,sweep2d_gemma_L2_random_001__random_013_fineweb_60deg_dirrandom.pkl,1.9714188751557453,0.011373078171733737,0.006822772144242446,0.011612983879175098
Random,sweep2d_gemma_L2_random_001__random_014_fineweb_60deg_dirrandom.pkl,2.0108019670222865,0.006900013718347063,-0.003038055428152181,0.006974899163767034
Random,sweep2d_gemma_L2_random_001__random_015_fineweb_60deg_dirrandom.pkl,1.8920789666368587,0.0024996302255364923,0.036783091502059405,0.003404985469667865
Random,sweep2d_gemma_L2_random_001__random_016_fineweb_60deg_dirrandom.pkl,1.8929278862419991,0.0033910826522120306,0.03712381591740418,0.003306111549994323
Random,sweep2d_gemma_L2_random_001__random_017_fineweb_60deg_dirrandom.pkl,1.8713192818007915,0.0054570443490636915,0.04585364693049779,0.005038513373380119
Random,sweep2d_gemma_L2_random_001__random_018_fineweb_60deg_dirrandom.pkl,2.1258991699856544,0.009954408069191234,-0.037914733803756956,0.010382630187924123
Random,sweep2d_gemma_L2_random_001__random_019_fineweb_60deg_dirrandom.pkl,1.8944652217057116,0.00818829621211617,0.03716731725767922,0.0074738713902308155
Random,sweep2d_gemma_L2_random_001__random_020_fineweb_60deg_dirrandom.pkl,1.8926014996117493,0.00788368824834805,0.03711176964855027,0.00748095896826066
Random,sweep2d_gemma_L2_random_001__random_021_fineweb_60deg_dirrandom.pkl,1.9599416738499915,0.005555578462219005,0.011186173894043024,0.005877595343077013
Random,sweep2d_gemma_L2_random_001__random_022_fineweb_60deg_dirrandom.pkl,2.024009324725806,0.007462531209659203,-0.008450838504389276,0.007394189404990737
Random,sweep2d_gemma_L2_random_001__random_023_fineweb_60deg_dirrandom.pkl,2.009922762961268,0.01632143080098715,-0.004612826576891711,0.016134458704239487
Random,sweep2d_gemma_L2_random_001__random_024_fineweb_60deg_dirrandom.pkl,2.195014827698034,0.003978557351806775,-0.05422614564660452,0.005785451649144209
Random,sweep2d_gemma_L2_random_001__random_025_fineweb_60deg_dirrandom.pkl,1.9286261295082867,0.002632307798086986,0.02330675997026499,0.003374433815441013
Random,sweep2d_gemma_L2_random_001__random_026_fineweb_60deg_dirrandom.pkl,2.026100717943898,0.015532669129048075,-0.011949997595039256,0.015475126189311524
Random,sweep2d_gemma_L2_random_001__random_027_fineweb_60deg_dirrandom.pkl,1.8104611665825285,0.01236113199124848,0.0706166296056712,0.010385063691314622
Random,sweep2d_gemma_L2_random_001__random_028_fineweb_60deg_dirrandom.pkl,1.974087246122692,0.0036997114613437653,0.009048186357743035,0.0034862010773300113
Random,sweep2d_gemma_L2_random_001__random_029_fineweb_60deg_dirrandom.pkl,1.9552649105474063,0.013176863294257555,0.012485612904440068,0.013120909972147566
Random,sweep2d_gemma_L2_random_001__random_030_fineweb_60deg_dirrandom.pkl,2.1628294335661633,0.005299747038106859,-0.047873342472607855,0.004745004689847803
Random,sweep2d_gemma_L2_random_001__random_031_fineweb_60deg_dirrandom.pkl,1.8781496105285433,0.005369930989005673,0.04303684640729096,0.004659498540412568
Random,sweep2d_gemma_L2_random_001__random_032_fineweb_60deg_dirrandom.pkl,2.0445904716049452,0.007200731619025697,-0.015675430783569914,0.007366223853420991
Random,sweep2d_gemma_L2_random_002__random_003_fineweb_60deg_dirrandom.pkl,2.0664270680027883,0.007770310339569189,-0.019796860244462807,0.008321825884688553
Random,sweep2d_gemma_L2_random_002__random_004_fineweb_60deg_dirrandom.pkl,1.9278695489737805,0.00935682251709927,0.020992987592958347,0.00996519940630002
Random,sweep2d_gemma_L2_random_002__random_005_fineweb_60deg_dirrandom.pkl,1.955942020971475,0.007199722436825743,0.015400936914458556,0.006766154067230782
Random,sweep2d_gemma_L2_random_002__random_006_fineweb_60deg_dirrandom.pkl,2.1301574807318167,0.002669564206594115,-0.0387518291535403,0.0024203385827306053
Random,sweep2d_gemma_L2_random_002__random_007_fineweb_60deg_dirrandom.pkl,2.078389576724509,0.007105093087448791,-0.023707023369255304,0.0072207857050238244
Random,sweep2d_gemma_L2_random_002__random_008_fineweb_60deg_dirrandom.pkl,2.015015918948268,0.00563740156509124,-0.0050488191221277285,0.005631478885439572
Random,sweep2d_gemma_L2_random_002__random_009_fineweb_60deg_dirrandom.pkl,2.0001396147643544,0.009473775717447733,-0.0037968281624767065,0.009423970840914828
Random,sweep2d_gemma_L2_random_002__random_010_fineweb_60deg_dirrandom.pkl,2.1010886124384114,0.0065500135241184625,-0.03278001830408019,0.006110524905294832
Random,sweep2d_gemma_L2_random_002__random_011_fineweb_60deg_dirrandom.pkl,2.0193508387564947,0.007328338807932139,-0.006820769504578657,0.007415999246048104
Random,sweep2d_gemma_L2_random_002__random_012_fineweb_60deg_dirrandom.pkl,1.9805524314747236,0.004488405009388931,0.0068150214483393545,0.004385709859841388
Random,sweep2d_gemma_L2_random_002__random_013_fineweb_60deg_dirrandom.pkl,1.9851300718276632,0.007286335748447591,0.004951197633177162,0.007244832673118785
Random,sweep2d_gemma_L2_random_002__random_014_fineweb_60deg_dirrandom.pkl,2.176701292681238,0.016615663904690204,-0.0537310110209841,0.016650642820233076
Random,sweep2d_gemma_L2_random_002__random_015_fineweb_60deg_dirrandom.pkl,1.8876792525584796,0.004601361390268885,0.03772454481746809,0.005533660322088013
Random,sweep2d_gemma_L2_random_002__random_016_fineweb_60deg_dirrandom.pkl,2.0307153009664876,0.004578388938144551,-0.010194656850664343,0.004587423639341222
Random,sweep2d_gemma_L2_random_002__random_017_fineweb_60deg_dirrandom.pkl,1.8407725270893152,0.005174480605462574,0.0564515732386977,0.006115125555281357
Random,sweep2d_gemma_L2_random_002__random_018_fineweb_60deg_dirrandom.pkl,2.034532430760579,0.00644771811238944,-0.00969410492357751,0.006737053433841362
Random,sweep2d_gemma_L2_random_002__random_019_fineweb_60deg_dirrandom.pkl,2.036763393944843,0.009635507888093864,-0.012615570303974675,0.00949917383995212
Random,sweep2d_gemma_L2_random_002__random_020_fineweb_60deg_dirrandom.pkl,2.050804245405397,0.004757774194513791,-0.01498302671747316,0.0051503855847194364
Random,sweep2d_gemma_L2_random_002__random_021_fineweb_60deg_dirrandom.pkl,2.008661699038891,0.005463837129657438,-0.0016399010938331026,0.00558363476530326
Random,sweep2d_gemma_L2_random_002__random_022_fineweb_60deg_dirrandom.pkl,2.210705883158161,0.0034751496383718513,-0.05956285931578188,0.0027392011373322226
Random,sweep2d_gemma_L2_random_002__random_023_fineweb_60deg_dirrandom.pkl,2.055536393866109,0.0025483267805583095,-0.017261010788517415,0.002592658036608115
Random,sweep2d_gemma_L2_random_002__random_024_fineweb_60deg_dirrandom.pkl,2.15640332766473,0.005568659459289279,-0.04563122703165667,0.005313644373323363
Random,sweep2d_gemma_L2_random_002__random_025_fineweb_60deg_dirrandom.pkl,1.9981670351378111,0.007141105265106013,-0.000135061199538376,0.007134179590275067
Random,sweep2d_gemma_L2_random_002__random_026_fineweb_60deg_dirrandom.pkl,2.0058749141063323,0.003114235022534135,-0.0015156955687850358,0.0031585650361620594
Random,sweep2d_gemma_L2_random_002__random_027_fineweb_60deg_dirrandom.pkl,1.733786798122401,0.017351012948142824,0.10352139905482402,0.01571879223274555
Random,sweep2d_gemma_L2_random_002__random_028_fineweb_60deg_dirrandom.pkl,1.933967356589536,0.007245773586691528,0.02108335241633863,0.00752642065090377
Random,sweep2d_gemma_L2_random_002__random_029_fineweb_60deg_dirrandom.pkl,1.973883207389303,0.00449171157554119,0.007898931680186048,0.004576749534090281
Random,sweep2d_gemma_L2_random_002__random_030_fineweb_60deg_dirrandom.pkl,2.298594864210426,0.005916234566528683,-0.07931405685358071,0.006748803110229053
Random,sweep2d_gemma_L2_random_002__random_031_fineweb_60deg_dirrandom.pkl,1.9155055090469708,0.00311637728016688,0.028254819275382273,0.0035366055672905313
Random,sweep2d_gemma_L2_random_002__random_032_fineweb_60deg_dirrandom.pkl,1.7733731763868534,0.011848857465090817,0.08632683650063694,0.010163497757322594
Random,sweep2d_gemma_L2_random_003__random_004_fineweb_60deg_dirrandom.pkl,2.16626708826811,0.007890381865038761,-0.05026087280662877,0.006703574608236477
Random,sweep2d_gemma_L2_random_003__random_005_fineweb_60deg_dirrandom.pkl,1.9607395365175657,0.012279022922748331,0.01148963975019516,0.012106796559145856
Random,sweep2d_gemma_L2_random_003__random_006_fineweb_60deg_dirrandom.pkl,2.1334976191976898,0.0037792812278715756,-0.04022806179752462,0.002655966943707716
Random,sweep2d_gemma_L2_random_003__random_007_fineweb_60deg_dirrandom.pkl,1.9434349621018614,0.009580373401618145,0.01528546089999946,0.010323745459795624
Random,sweep2d_gemma_L2_random_003__random_008_fineweb_60deg_dirrandom.pkl,2.16522571608899,0.007572997261572716,-0.04807346576584198,0.007776986768018865
Random,sweep2d_gemma_L2_random_003__random_009_fineweb_60deg_dirrandom.pkl,2.008782000754094,0.006311876338399131,-0.004810569417231002,0.00656874185142198
Random,sweep2d_gemma_L2_random_003__random_010_fineweb_60deg_dirrandom.pkl,2.0892247665262667,0.008692074366107425,-0.029817016123200646,0.008303392075785414
Random,sweep2d_gemma_L2_random_003__random_011_fineweb_60deg_dirrandom.pkl,1.8855912978533327,0.004820829431209106,0.04023461794042404,0.004262605712821746
Random,sweep2d_gemma_L2_random_003__random_012_fineweb_60deg_dirrandom.pkl,2.00299901754531,0.008816921630171209,-0.0036407574446257604,0.00871744694741221
Random,sweep2d_gemma_L2_random_003__random_013_fineweb_60deg_dirrandom.pkl,2.2020911268058323,0.009065693182425411,-0.056469886163100044,0.009880905743354401
Random,sweep2d_gemma_L2_random_003__random_014_fineweb_60deg_dirrandom.pkl,1.9806414285257166,0.010389218232049503,0.004084767466260137,0.01050452232556902
Random,sweep2d_gemma_L2_random_003__random_015_fineweb_60deg_dirrandom.pkl,2.1451965181121286,0.0065551094821198605,-0.04351129034057168,0.00642849020667996
Random,sweep2d_gemma_L2_random_003__random_016_fineweb_60deg_dirrandom.pkl,1.8543384364075706,0.01173292278392643,0.047634719649175226,0.012778554108702656
Random,sweep2d_gemma_L2_random_003__random_017_fineweb_60deg_dirrandom.pkl,1.866675460885519,0.0023650998569346715,0.04730803206307167,0.0022026485219742765
Random,sweep2d_gemma_L2_random_003__random_018_fineweb_60deg_dirrandom.pkl,2.150655891722679,0.009144332292923718,-0.047528623475585605,0.007323576691102322
Random,sweep2d_gemma_L2_random_003__random_019_fineweb_60deg_dirrandom.pkl,2.0540442644313144,0.010252394055991858,-0.01705533453395134,0.010364206984336044
Random,sweep2d_gemma_L2_random_003__random_020_fineweb_60deg_dirrandom.pkl,2.0687715578713397,0.007516405835475878,-0.0239438680077251,0.007274324976830307
Random,sweep2d_gemma_L2_random_003__random_021_fineweb_60deg_dirrandom.pkl,2.1201402060985446,0.007309922045989056,-0.0378934631341151,0.006421236259435284
Random,sweep2d_gemma_L2_random_003__random_022_fineweb_60deg_dirrandom.pkl,2.1185677873114575,0.007400706594210802,-0.03695176107374311,0.006892417217604858
Random,sweep2d_gemma_L2_random_003__random_023_fineweb_60deg_dirrandom.pkl,2.026318000734472,0.012118670345311812,-0.010993656171334609,0.012269451290246676
Random,sweep2d_gemma_L2_random_003__random_024_fineweb_60deg_dirrandom.pkl,1.9228788848802185,0.003424872545181688,0.025512120516604057,0.0039941951934670495
Random,sweep2d_gemma_L2_random_003__random_025_fineweb_60deg_dirrandom.pkl,1.9955606587491204,0.004883614799417209,0.0001760134048303864,0.004882290358627068
Random,sweep2d_gemma_L2_random_003__random_026_fineweb_60deg_dirrandom.pkl,1.9660870546862244,0.007396977241833724,0.012031242745853798,0.007060778670769413
Random,sweep2d_gemma_L2_random_003__random_027_fineweb_60deg_dirrandom.pkl,1.969330442456255,0.004481750927169991,0.009502005133415991,0.004455573851192332
Random,sweep2d_gemma_L2_random_003__random_028_fineweb_60deg_dirrandom.pkl,2.0385348710859357,0.008849811468597604,-0.015928983490579546,0.008763365815193876
Random,sweep2d_gemma_L2_random_003__random_029_fineweb_60deg_dirrandom.pkl,1.8429383235057037,0.007772487156619623,0.05647202490292464,0.007537131853618854
Random,sweep2d_gemma_L2_random_003__random_030_fineweb_60deg_dirrandom.pkl,2.209506786231579,0.014261917234006175,-0.06305864328824945,0.014201587448139819
Random,sweep2d_gemma_L2_random_003__random_031_fineweb_60deg_dirrandom.pkl,2.070448255965316,0.010212523815292748,-0.024199782608442518,0.009800043662809536
Random,sweep2d_gemma_L2_random_003__random_032_fineweb_60deg_dirrandom.pkl,2.0244268359341757,0.007543594693655238,-0.010589391201991098,0.007485047376027423
Random,sweep2d_gemma_L2_random_004__random_005_fineweb_60deg_dirrandom.pkl,2.1805801960523845,0.014295162173803302,-0.05462249755108651,0.014218765842554647
Random,sweep2d_gemma_L2_random_004__random_006_fineweb_60deg_dirrandom.pkl,2.105299384213634,0.002684697002019584,-0.03170415633469112,0.002728551896603384
Random,sweep2d_gemma_L2_random_004__random_007_fineweb_60deg_dirrandom.pkl,2.1461789600636427,0.012426773593548573,-0.04746379269194317,0.012327423275844115
Random,sweep2d_gemma_L2_random_004__random_008_fineweb_60deg_dirrandom.pkl,2.1430315903631914,0.010136916272769386,-0.042554968866806514,0.01055175392863299
Random,sweep2d_gemma_L2_random_004__random_009_fineweb_60deg_dirrandom.pkl,1.994156679965338,0.018433023670826124,-0.00465503705484833,0.018488578883969344
Random,sweep2d_gemma_L2_random_004__random_010_fineweb_60deg_dirrandom.pkl,2.224295261834828,0.013198258947730494,-0.06555536454169154,0.013076267615355578
Random,sweep2d_gemma_L2_random_004__random_011_fineweb_60deg_dirrandom.pkl,2.1174608686960914,0.003970602860995598,-0.035462090867917205,0.00401939104170323
Random,sweep2d_gemma_L2_random_004__random_012_fineweb_60deg_dirrandom.pkl,1.8978658175627874,0.008370823775992579,0.035847339726787254,0.007552945489732618
Random,sweep2d_gemma_L2_random_004__random_013_fineweb_60deg_dirrandom.pkl,2.21623139304277,0.006739627178624164,-0.06105246002805168,0.006530466486690606
Random,sweep2d_gemma_L2_random_004__random_014_fineweb_60deg_dirrandom.pkl,2.2000047264976987,0.003651592174870105,-0.05625089004497939,0.004168505673241999
Random,sweep2d_gemma_L2_random_004__random_015_fineweb_60deg_dirrandom.pkl,1.9691909662585023,0.015835725876115498,0.003813762016684226,0.016745830024440248
Random,sweep2d_gemma_L2_random_004__random_016_fineweb_60deg_dirrandom.pkl,2.0931779259666268,0.002765897926496456,-0.028174919143172952,0.0027320803126246996
Random,sweep2d_gemma_L2_random_004__random_017_fineweb_60deg_dirrandom.pkl,2.040976083672606,0.0046075501514415635,-0.013734991661922345,0.004584840124030501
Random,sweep2d_gemma_L2_random_004__random_018_fineweb_60deg_dirrandom.pkl,2.1835381742072535,0.012056522645002793,-0.054511706325039225,0.012261566194127348
Random,sweep2d_gemma_L2_random_004__random_019_fineweb_60deg_dirrandom.pkl,2.147895355881992,0.00840118453553453,-0.04365040826289069,0.009221361472820478
Random,sweep2d_gemma_L2_random_004__random_020_fineweb_60deg_dirrandom.pkl,2.04521626958262,0.006242536563820958,-0.015306641349945617,0.006232369344935418
Random,sweep2d_gemma_L2_random_004__random_021_fineweb_60deg_dirrandom.pkl,2.0101972468624476,0.007353815789685471,-0.004867108527174156,0.007344279932799425
Random,sweep2d_gemma_L2_random_004__random_022_fineweb_60deg_dirrandom.pkl,2.4749191449101793,0.005723482786672723,-0.11487072938118294,0.004567819114071307
Random,sweep2d_gemma_L2_random_004__random_023_fineweb_60deg_dirrandom.pkl,2.0611685118959793,0.00678629321924705,-0.01944394969206132,0.0068451915895063895
Random,sweep2d_gemma_L2_random_004__random_024_fineweb_60deg_dirrandom.pkl,1.9720344938415537,0.007935784547921699,0.008507982013985877,0.007959906956553488
Random,sweep2d_gemma_L2_random_004__random_025_fineweb_60deg_dirrandom.pkl,1.9596803723908618,0.013692775542394748,0.009751058254099162,0.013667766446472912
Random,sweep2d_gemma_L2_random_004__random_026_fineweb_60deg_dirrandom.pkl,1.9268084965456587,0.007222248185452695,0.023253520576342925,0.0074384593815518246
Random,sweep2d_gemma_L2_random_004__random_027_fineweb_60deg_dirrandom.pkl,2.0660700701873798,0.005882482539580597,-0.020608071796146713,0.0059625773557074515
Random,sweep2d_gemma_L2_random_004__random_028_fineweb_60deg_dirrandom.pkl,2.1479144627749305,0.01859667546787764,-0.04633584276448069,0.018552315684441135
Random,sweep2d_gemma_L2_random_004__random_029_fineweb_60deg_dirrandom.pkl,1.8425233959192797,0.005855515865685129,0.054704080287071626,0.0074518961406581236
Random,sweep2d_gemma_L2_random_004__random_030_fineweb_60deg_dirrandom.pkl,2.193998571306995,0.01065249914589804,-0.058444062590872585,0.01046734894962914
Random,sweep2d_gemma_L2_random_004__random_031_fineweb_60deg_dirrandom.pkl,2.1289236607432773,0.006074920945495607,-0.03852570546812731,0.006293081273354502
Random,sweep2d_gemma_L2_random_004__random_032_fineweb_60deg_dirrandom.pkl,2.1945385644141417,0.011263683633369395,-0.05790850070215784,0.011270072023087047
Random,sweep2d_gemma_L2_random_005__random_006_fineweb_60deg_dirrandom.pkl,2.041289039964187,0.00731356753737866,-0.01350903715576417,0.007290657780253414
Random,sweep2d_gemma_L2_random_005__random_007_fineweb_60deg_dirrandom.pkl,2.522174895761166,0.004738108082201568,-0.1223682254362905,0.005715507808748246
Random,sweep2d_gemma_L2_random_005__random_008_fineweb_60deg_dirrandom.pkl,1.9223920987840395,0.003591315417111861,0.025668562786479946,0.0040937254746525025
Random,sweep2d_gemma_L2_random_005__random_009_fineweb_60deg_dirrandom.pkl,1.8841490413467343,0.013232596373724887,0.03961417565279368,0.013072121900936175
Random,sweep2d_gemma_L2_random_005__random_010_fineweb_60deg_dirrandom.pkl,1.9637396320970257,0.0018097810781573826,0.012041688025068708,0.001671531531794626
Random,sweep2d_gemma_L2_random_005__random_011_fineweb_60deg_dirrandom.pkl,1.9189120790656957,0.022299834820234135,0.01980995176817016,0.02298401330877859
Random,sweep2d_gemma_L2_random_005__random_012_fineweb_60deg_dirrandom.pkl,1.9868292873247053,0.016031795763373262,-0.0006382121719892202,0.016399153504301118
Random,sweep2d_gemma_L2_random_005__random_013_fineweb_60deg_dirrandom.pkl,1.9199657482185428,0.0073970236502332145,0.026652059616170117,0.007159713399747916
Random,sweep2d_gemma_L2_random_005__random_014_fineweb_60deg_dirrandom.pkl,2.1303213657067577,0.0059723722147189,-0.04018238663556282,0.005317651594348135
Random,sweep2d_gemma_L2_random_005__random_015_fineweb_60deg_dirrandom.pkl,2.076004666328833,0.006099448053264222,-0.024300766778653015,0.005844236466523621
Random,sweep2d_gemma_L2_random_005__random_016_fineweb_60deg_dirrandom.pkl,2.1251811440175348,0.0076626757647797585,-0.038352625906137125,0.007484782541930338
Random,sweep2d_gemma_L2_random_005__random_017_fineweb_60deg_dirrandom.pkl,2.0237472471430147,0.014525709249644277,-0.008946848110744391,0.014640418268394278
Random,sweep2d_gemma_L2_random_005__random_018_fineweb_60deg_dirrandom.pkl,1.8737592225414688,0.006902387337453144,0.04276067754810485,0.007860940579001939
Random,sweep2d_gemma_L2_random_005__random_019_fineweb_60deg_dirrandom.pkl,2.123873597947235,0.00756745549946895,-0.03758124454022868,0.007483760993064645
Random,sweep2d_gemma_L2_random_005__random_020_fineweb_60deg_dirrandom.pkl,1.8075489380532157,0.004267815011200893,0.07070571435628142,0.005433650835873142
Random,sweep2d_gemma_L2_random_005__random_021_fineweb_60deg_dirrandom.pkl,2.0423962330211416,0.005379742575365884,-0.014277246720546264,0.005423894076084089
Random,sweep2d_gemma_L2_random_005__random_022_fineweb_60deg_dirrandom.pkl,2.188931098094828,0.011125529453325775,-0.05519172117014918,0.01126074612980743
Random,sweep2d_gemma_L2_random_005__random_023_fineweb_60deg_dirrandom.pkl,2.200189897124823,0.010278132862481382,-0.058141769107686356,0.010390636207201417
Random,sweep2d_gemma_L2_random_005__random_024_fineweb_60deg_dirrandom.pkl,1.9668321200610162,0.010374532731376746,0.010303790652611259,0.010249232810290467
Random,sweep2d_gemma_L2_random_005__random_025_fineweb_60deg_dirrandom.pkl,2.0196761227692024,0.007320605806503328,-0.005842628932995033,0.007523604877427681
Random,sweep2d_gemma_L2_random_005__random_026_fineweb_60deg_dirrandom.pkl,1.9129851715337474,0.007487434299225821,0.02893818864025596,0.007515233761730919
Random,sweep2d_gemma_L2_random_005__random_027_fineweb_60deg_dirrandom.pkl,1.8125192660400522,0.003939335271101674,0.06877712346963535,0.00466209854224578
Random,sweep2d_gemma_L2_random_005__random_028_fineweb_60deg_dirrandom.pkl,1.9888949680387913,0.013271263420387616,0.0010307397019904492,0.013271882092402473
Random,sweep2d_gemma_L2_random_005__random_029_fineweb_60deg_dirrandom.pkl,2.0166667560694402,0.006585935411618346,-0.004596432786496261,0.006724324718380442
Random,sweep2d_gemma_L2_random_005__random_030_fineweb_60deg_dirrandom.pkl,2.2804065320898843,0.006398434587242685,-0.07620694885767101,0.006263525382456947
Random,sweep2d_gemma_L2_random_005__random_031_fineweb_60deg_dirrandom.pkl,1.9776180948003137,0.013499802757125277,0.004189805882752715,0.013343149088449741
Random,sweep2d_gemma_L2_random_005__random_032_fineweb_60deg_dirrandom.pkl,1.7710497385126194,0.004887127043282728,0.08669884854037692,0.006498622685271175
Random,sweep2d_gemma_L2_random_006__random_007_fineweb_60deg_dirrandom.pkl,2.206879086255014,0.007587550728133219,-0.05875723957840833,0.007631683377649279
Random,sweep2d_gemma_L2_random_006__random_008_fineweb_60deg_dirrandom.pkl,2.4535371343876196,0.006186147621028146,-0.11136617545241402,0.005811166860738406
Random,sweep2d_gemma_L2_random_006__random_009_fineweb_60deg_dirrandom.pkl,2.1451957867730433,0.01357908620554453,-0.04432453158606045,0.01361910881623601
Random,sweep2d_gemma_L2_random_006__random_010_fineweb_60deg_dirrandom.pkl,1.9567963243794384,0.0021418970493395054,0.013894402646844857,0.0022864389256136712
Random,sweep2d_gemma_L2_random_006__random_011_fineweb_60deg_dirrandom.pkl,2.2400008173384576,0.005743191002854011,-0.06600511455388665,0.006025711790447984
Random,sweep2d_gemma_L2_random_006__random_012_fineweb_60deg_dirrandom.pkl,1.964157744300232,0.0044424355023479,0.010554942984540893,0.004620634171502138
Random,sweep2d_gemma_L2_random_006__random_013_fineweb_60deg_dirrandom.pkl,1.9067997431722936,0.009472066961389152,0.032280023823509765,0.008790750748055161
Random,sweep2d_gemma_L2_random_006__random_014_fineweb_60deg_dirrandom.pkl,2.220037626842707,0.009322686588968376,-0.06423833209227928,0.009162788149874182
Random,sweep2d_gemma_L2_random_006__random_015_fineweb_60deg_dirrandom.pkl,1.9483420269570397,0.0033495186985938756,0.016575372288932883,0.003402833795313426
Random,sweep2d_gemma_L2_random_006__random_016_fineweb_60deg_dirrandom.pkl,2.093383098166558,0.004966620328222456,-0.02888015484609043,0.0046815627155200445
Random,sweep2d_gemma_L2_random_006__random_017_fineweb_60deg_dirrandom.pkl,2.0248147021894636,0.003246555034436845,-0.008823908894574172,0.0031625913558058203
Random,sweep2d_gemma_L2_random_006__random_018_fineweb_60deg_dirrandom.pkl,2.2221537170023344,0.007746316971977639,-0.06233521115525645,0.00802262267705162
Random,sweep2d_gemma_L2_random_006__random_019_fineweb_60deg_dirrandom.pkl,2.1034241131462688,0.00432794147387049,-0.032495241343564754,0.0038729309194334626
Random,sweep2d_gemma_L2_random_006__random_020_fineweb_60deg_dirrandom.pkl,2.0397750295914583,0.006774101168112654,-0.01392321458630042,0.00665174685949432
Random,sweep2d_gemma_L2_random_006__random_021_fineweb_60deg_dirrandom.pkl,1.9100853869840388,0.007554084545297155,0.02918991903980586,0.007805475175117762
Random,sweep2d_gemma_L2_random_006__random_022_fineweb_60deg_dirrandom.pkl,2.398724004725329,0.009456819311841363,-0.10329745081776681,0.008206376454298461
Random,sweep2d_gemma_L2_random_006__random_023_fineweb_60deg_dirrandom.pkl,2.3980818295583273,0.008534794575366282,-0.10219190601207348,0.007116975879775989
Random,sweep2d_gemma_L2_random_006__random_024_fineweb_60deg_dirrandom.pkl,1.8585447272450368,0.01073429063557563,0.0491784726258875,0.010404731215495237
Random,sweep2d_gemma_L2_random_006__random_025_fineweb_60deg_dirrandom.pkl,1.8874219785603648,0.005946802734888497,0.03848172644550287,0.006445622153610878
Random,sweep2d_gemma_L2_random_006__random_026_fineweb_60deg_dirrandom.pkl,2.1289149796655074,0.0026648926660124547,-0.0383287748449198,0.0022190912362525885
Random,sweep2d_gemma_L2_random_006__random_027_fineweb_60deg_dirrandom.pkl,2.058363830656404,0.007196595842707545,-0.01848308936136683,0.007264558891870105
Random,sweep2d_gemma_L2_random_006__random_028_fineweb_60deg_dirrandom.pkl,1.9734773681715578,0.006367596656787539,0.009267695993603227,0.0061787689401246616
Random,sweep2d_gemma_L2_random_006__random_029_fineweb_60deg_dirrandom.pkl,2.006900305531806,0.006881317095839457,-0.003161614338126863,0.006868563317710334
Random,sweep2d_gemma_L2_random_006__random_030_fineweb_60deg_dirrandom.pkl,2.195235140351166,0.006804706878177686,-0.0541977783930887,0.007930974701564843
Random,sweep2d_gemma_L2_random_006__random_031_fineweb_60deg_dirrandom.pkl,2.0689207342796103,0.00970182900968295,-0.021237783106403747,0.010108569980875037
Random,sweep2d_gemma_L2_random_006__random_032_fineweb_60deg_dirrandom.pkl,2.01970942416731,0.0032466948616698132,-0.006859244237147354,0.003184850846261217
Random,sweep2d_gemma_L2_random_007__random_008_fineweb_60deg_dirrandom.pkl,2.0503472108943286,0.005661487953564671,-0.016169685754236534,0.005708027479351722
Random,sweep2d_gemma_L2_random_007__random_009_fineweb_60deg_dirrandom.pkl,1.9621236061783547,0.01830996436623649,0.010857652370171382,0.018025906285761017
Random,sweep2d_gemma_L2_random_007__random_010_fineweb_60deg_dirrandom.pkl,2.3657753336608467,0.0022448542527715998,-0.09297338179331079,0.004160561207538075
Random,sweep2d_gemma_L2_random_007__random_011_fineweb_60deg_dirrandom.pkl,2.055226998957439,0.008886458218261289,-0.01874993614614505,0.00872136766208055
Random,sweep2d_gemma_L2_random_007__random_012_fineweb_60deg_dirrandom.pkl,2.04940927389586,0.013236488159085324,-0.018779569215860072,0.013594349560680206
Random,sweep2d_gemma_L2_random_007__random_013_fineweb_60deg_dirrandom.pkl,2.3903455292227256,0.01546428163617817,-0.10615342385910755,0.010677782060360111
Random,sweep2d_gemma_L2_random_007__random_014_fineweb_60deg_dirrandom.pkl,2.046880162648775,0.005647412384175224,-0.015549281860407448,0.005547703964005857
Random,sweep2d_gemma_L2_random_007__random_015_fineweb_60deg_dirrandom.pkl,2.216020660341302,0.008107387256400244,-0.06300585812871247,0.005977827069796724
Random,sweep2d_gemma_L2_random_007__random_016_fineweb_60deg_dirrandom.pkl,1.9902911028654497,0.004420189906268874,0.0031189252701257953,0.00440759287983461
Random,sweep2d_gemma_L2_random_007__random_017_fineweb_60deg_dirrandom.pkl,1.885991628665619,0.005537186305069522,0.04007714322019607,0.005068211361943934
Random,sweep2d_gemma_L2_random_007__random_018_fineweb_60deg_dirrandom.pkl,2.107654401040934,0.014642036157056204,-0.03451135659141037,0.01467482082249232
Random,sweep2d_gemma_L2_random_007__random_019_fineweb_60deg_dirrandom.pkl,2.0638521634799343,0.015820252627887305,-0.028428620956360326,0.014588951669919052
Random,sweep2d_gemma_L2_random_007__random_020_fineweb_60deg_dirrandom.pkl,2.041508294855793,0.009490100453829347,-0.012168119595765173,0.009839464375273476
Random,sweep2d_gemma_L2_random_007__random_021_fineweb_60deg_dirrandom.pkl,1.7974469305468128,0.006968606244869049,0.07342488211928676,0.008663508423162056
Random,sweep2d_gemma_L2_random_007__random_022_fineweb_60deg_dirrandom.pkl,2.1197465366629196,0.006893528449150405,-0.03665079102621575,0.006823081630805491
Random,sweep2d_gemma_L2_random_007__random_023_fineweb_60deg_dirrandom.pkl,2.0216428153073487,0.004285241114282215,-0.007060884996909421,0.004199544766222529
Random,sweep2d_gemma_L2_random_007__random_024_fineweb_60deg_dirrandom.pkl,2.0458796734904996,0.007484404289831177,-0.015848550054328996,0.007361339270067826
Random,sweep2d_gemma_L2_random_007__random_025_fineweb_60deg_dirrandom.pkl,2.0434794689235836,0.0060853757689913164,-0.014116107698139849,0.0061326397508821955
Random,sweep2d_gemma_L2_random_007__random_026_fineweb_60deg_dirrandom.pkl,2.0273891999442397,0.004636973509123317,-0.009672808268632203,0.004585144329376643
Random,sweep2d_gemma_L2_random_007__random_027_fineweb_60deg_dirrandom.pkl,1.8615620059955775,0.014795379325372433,0.04705963133034399,0.01462954660121095
Random,sweep2d_gemma_L2_random_007__random_028_fineweb_60deg_dirrandom.pkl,2.1337412685570456,0.018500439055842952,-0.04634674940940003,0.018502810568700463
Random,sweep2d_gemma_L2_random_007__random_029_fineweb_60deg_dirrandom.pkl,2.0693898139696083,0.004101966130761891,-0.020493825939553588,0.004576182656154307
Random,sweep2d_gemma_L2_random_007__random_030_fineweb_60deg_dirrandom.pkl,2.141318219834082,0.013313392749920083,-0.04896320631191972,0.011814391121826525
Random,sweep2d_gemma_L2_random_007__random_031_fineweb_60deg_dirrandom.pkl,1.822675560449639,0.006044166186935479,0.06348684933705899,0.007595985702798332
Random,sweep2d_gemma_L2_random_007__random_032_fineweb_60deg_dirrandom.pkl,1.7994442330725102,0.009045520764429632,0.07475505035381118,0.008822984393981112
Random,sweep2d_gemma_L2_random_008__random_009_fineweb_60deg_dirrandom.pkl,2.128341612727606,0.00813632772292871,-0.041582559183557334,0.006843089680591293
Random,sweep2d_gemma_L2_random_008__random_010_fineweb_60deg_dirrandom.pkl,2.2127304781656374,0.015114863942376308,-0.06681915307262914,0.012766606705685015
Random,sweep2d_gemma_L2_random_008__random_011_fineweb_60deg_dirrandom.pkl,2.060526885067148,0.0055616353269804745,-0.019351440970566812,0.005459689788677608
Random,sweep2d_gemma_L2_random_008__random_012_fineweb_60deg_dirrandom.pkl,2.1794517482792255,0.01372124273048887,-0.0534419056092116,0.013662359011469515
Random,sweep2d_gemma_L2_random_008__random_013_fineweb_60deg_dirrandom.pkl,1.9936296718070776,0.012672946862995534,-0.0006028492411853052,0.012683794283254496
Random,sweep2d_gemma_L2_random_008__random_014_fineweb_60deg_dirrandom.pkl,2.2409380328608908,0.004737566050269964,-0.0663531742574578,0.004199834883613882
Random,sweep2d_gemma_L2_random_008__random_015_fineweb_60deg_dirrandom.pkl,2.110917684846057,0.004127622982145626,-0.034637345647825286,0.00342207902718904
Random,sweep2d_gemma_L2_random_008__random_016_fineweb_60deg_dirrandom.pkl,2.199979920421327,0.0077307406694570955,-0.05911002030041555,0.006819918545508727
Random,sweep2d_gemma_L2_random_008__random_017_fineweb_60deg_dirrandom.pkl,2.034252048886877,0.0069149898178503455,-0.010998073974959333,0.006981475106329655
Random,sweep2d_gemma_L2_random_008__random_018_fineweb_60deg_dirrandom.pkl,2.210107070684432,0.010347720390929658,-0.06262903385729317,0.009811391775073428
Random,sweep2d_gemma_L2_random_008__random_019_fineweb_60deg_dirrandom.pkl,2.138693617046402,0.006984044460902896,-0.04127679020169062,0.006987175146197933
Random,sweep2d_gemma_L2_random_008__random_020_fineweb_60deg_dirrandom.pkl,2.0077963289673333,0.009443148977585261,-0.004377516195828677,0.00964389506738485
Random,sweep2d_gemma_L2_random_008__random_021_fineweb_60deg_dirrandom.pkl,2.1984420583668114,0.005347449089678882,-0.057983783969770206,0.003911820971810383
Random,sweep2d_gemma_L2_random_008__random_022_fineweb_60deg_dirrandom.pkl,2.131322369078503,0.007712995924326541,-0.04223328710822246,0.006820586661236361
Random,sweep2d_gemma_L2_random_008__random_023_fineweb_60deg_dirrandom.pkl,2.220679394510057,0.013582083399245232,-0.0679250772637253,0.011031020708604908
Random,sweep2d_gemma_L2_random_008__random_024_fineweb_60deg_dirrandom.pkl,2.0215628799881986,0.009683125844854278,-0.009877050293088746,0.009565029719154218
Random,sweep2d_gemma_L2_random_008__random_025_fineweb_60deg_dirrandom.pkl,2.0704193677405267,0.010827512292662187,-0.024036879719638814,0.010728747644213362
Random,sweep2d_gemma_L2_random_008__random_026_fineweb_60deg_dirrandom.pkl,2.0787826795473414,0.008675359290250654,-0.02695253005806352,0.008047760937318729
Random,sweep2d_gemma_L2_random_008__random_027_fineweb_60deg_dirrandom.pkl,1.973564413582969,0.010624324714487888,0.007545298238884192,0.010602540560554017
Random,sweep2d_gemma_L2_random_008__random_028_fineweb_60deg_dirrandom.pkl,2.0862122127734204,0.00555994771736868,-0.027993874623753707,0.004932674433301718
Random,sweep2d_gemma_L2_random_008__random_029_fineweb_60deg_dirrandom.pkl,2.0257307270484928,0.003875287965771088,-0.0076393397775894115,0.004047031582394879
Random,sweep2d_gemma_L2_random_008__random_030_fineweb_60deg_dirrandom.pkl,2.2131604487772916,0.00907378989143152,-0.05946722101003947,0.010124918209854148
Random,sweep2d_gemma_L2_random_008__random_031_fineweb_60deg_dirrandom.pkl,2.091331143970077,0.009998786123506104,-0.03029885183120414,0.010012011606378247
Random,sweep2d_gemma_L2_random_008__random_032_fineweb_60deg_dirrandom.pkl,1.847996410646345,0.013657555326620998,0.051251941903391995,0.014066079843284472
Random,sweep2d_gemma_L2_random_009__random_010_fineweb_60deg_dirrandom.pkl,2.0041658172769425,0.0041205146643649845,-0.0017534741766707573,0.00412733607546662
Random,sweep2d_gemma_L2_random_009__random_011_fineweb_60deg_dirrandom.pkl,1.9257135280582973,0.008907373895647084,0.025045572182833466,0.008633069441259755
Random,sweep2d_gemma_L2_random_009__random_012_fineweb_60deg_dirrandom.pkl,2.0431152546416054,0.015306036090114957,-0.016378587958508533,0.015562943661045695
Random,sweep2d_gemma_L2_random_009__random_013_fineweb_60deg_dirrandom.pkl,1.9252099958856117,0.003826096770530971,0.024685689803319623,0.00410219950145897
Random,sweep2d_gemma_L2_random_009__random_014_fineweb_60deg_dirrandom.pkl,1.996286139918098,0.004969151453924038,0.0008458337093061123,0.00499348702161985
Random,sweep2d_gemma_L2_random_009__random_015_fineweb_60deg_dirrandom.pkl,1.7531753602463473,0.006002982204650972,0.0958140446948247,0.006049268500227559
Random,sweep2d_gemma_L2_random_009__random_016_fineweb_60deg_dirrandom.pkl,1.9175674678570538,0.021721086062015272,0.022124162403331097,0.021416644206556607
Random,sweep2d_gemma_L2_random_009__random_017_fineweb_60deg_dirrandom.pkl,2.0247317692698585,0.004297236473252398,-0.006840811523048246,0.004553141525942314
Random,sweep2d_gemma_L2_random_009__random_018_fineweb_60deg_dirrandom.pkl,1.9801777797286666,0.013589167774830654,0.0030718623176283085,0.013770791092642544
Random,sweep2d_gemma_L2_random_009__random_019_fineweb_60deg_dirrandom.pkl,2.0488017634415416,0.005944399858990689,-0.01772800981590796,0.005866512090499113
Random,sweep2d_gemma_L2_random_009__random_020_fineweb_60deg_dirrandom.pkl,1.9305502543514994,0.003799418674162375,0.022965834191316807,0.004007582904245935
Random,sweep2d_gemma_L2_random_009__random_021_fineweb_60deg_dirrandom.pkl,2.0962319523200614,0.006485404203463299,-0.02959341142192635,0.006413964276103304
Random,sweep2d_gemma_L2_random_009__random_022_fineweb_60deg_dirrandom.pkl,1.820251244995482,0.008428271286733652,0.0672567254879901,0.006600507018138806
Random,sweep2d_gemma_L2_random_009__random_023_fineweb_60deg_dirrandom.pkl,2.0402564467020223,0.008384304871608008,-0.012301790636355689,0.008526686409251447
Random,sweep2d_gemma_L2_random_009__random_024_fineweb_60deg_dirrandom.pkl,1.9004817062400354,0.011611887747193017,0.030964355925863003,0.012263352120935246
Random,sweep2d_gemma_L2_random_009__random_025_fineweb_60deg_dirrandom.pkl,1.9732986102160306,0.004569053141071924,0.008447732067262712,0.004536308469399831
Random,sweep2d_gemma_L2_random_009__random_026_fineweb_60deg_dirrandom.pkl,1.759500327801152,0.00997848829670048,0.09294018795608275,0.008425505317620648
Random,sweep2d_gemma_L2_random_009__random_027_fineweb_60deg_dirrandom.pkl,1.724819388890715,0.004745281724588202,0.1099463423381613,0.0041669619742793675
Random,sweep2d_gemma_L2_random_009__random_028_fineweb_60deg_dirrandom.pkl,1.9054621882066638,0.009278241991577407,0.03171207025478058,0.009265477573873035
Random,sweep2d_gemma_L2_random_009__random_029_fineweb_60deg_dirrandom.pkl,2.1532368646801525,0.00512508392083345,-0.04534727973455063,0.005250323555666813
Random,sweep2d_gemma_L2_random_009__random_030_fineweb_60deg_dirrandom.pkl,2.221163307628164,0.006986302254322933,-0.06379285694574474,0.005670107686574391
Random,sweep2d_gemma_L2_random_009__random_031_fineweb_60deg_dirrandom.pkl,1.8336304267290315,0.005231479956598696,0.058928774923532594,0.00607135575786506
Random,sweep2d_gemma_L2_random_009__random_032_fineweb_60deg_dirrandom.pkl,1.9639812384697817,0.016504088628229434,0.009026697433272257,0.016491361699822547
Random,sweep2d_gemma_L2_random_010__random_011_fineweb_60deg_dirrandom.pkl,1.871804757459286,0.005072788343803879,0.045191859087557525,0.005362516207117035
Random,sweep2d_gemma_L2_random_010__random_012_fineweb_60deg_dirrandom.pkl,2.1098279306666305,0.009390793917820071,-0.03168563853123683,0.010336122902579533
Random,sweep2d_gemma_L2_random_010__random_013_fineweb_60deg_dirrandom.pkl,2.086709363455741,0.006887927725595969,-0.02666916960181791,0.007251397199978382
Random,sweep2d_gemma_L2_random_010__random_014_fineweb_60deg_dirrandom.pkl,2.1216561687155155,0.007776221538964588,-0.038122759586042235,0.007298025876274034
Random,sweep2d_gemma_L2_random_010__random_015_fineweb_60deg_dirrandom.pkl,1.917777921356089,0.004849963114626374,0.02715529075657849,0.005149036794040401
Random,sweep2d_gemma_L2_random_010__random_016_fineweb_60deg_dirrandom.pkl,2.0791405571373316,0.007596801536775076,-0.024889768443675443,0.007580720380761191
Random,sweep2d_gemma_L2_random_010__random_017_fineweb_60deg_dirrandom.pkl,2.1510264967191994,0.0030323035357324975,-0.04372500738817037,0.0032674601678989294
Random,sweep2d_gemma_L2_random_010__random_018_fineweb_60deg_dirrandom.pkl,2.223941738432637,0.003061175072596571,-0.06153193763131879,0.00456084567511003
Random,sweep2d_gemma_L2_random_010__random_019_fineweb_60deg_dirrandom.pkl,1.9946062511050466,0.0036691381193647756,0.0009248269487850561,0.0037476635214019026
Random,sweep2d_gemma_L2_random_010__random_020_fineweb_60deg_dirrandom.pkl,1.9612416891180144,0.004426186480706403,0.01159277592366563,0.004704387616347524
Random,sweep2d_gemma_L2_random_010__random_021_fineweb_60deg_dirrandom.pkl,1.955585461669227,0.002565688912158684,0.014194727672550119,0.0028815164588211566
Random,sweep2d_gemma_L2_random_010__random_022_fineweb_60deg_dirrandom.pkl,2.2333098038945405,0.012700238604967534,-0.06910036010359348,0.011703815806043913
Random,sweep2d_gemma_L2_random_010__random_023_fineweb_60deg_dirrandom.pkl,2.1144192446679146,0.009405137232738812,-0.036058065087327694,0.009039768484647144
Random,sweep2d_gemma_L2_random_010__random_024_fineweb_60deg_dirrandom.pkl,2.143610484291168,0.004642830982334317,-0.0431287995332284,0.0037419890545994953
Random,sweep2d_gemma_L2_random_010__random_025_fineweb_60deg_dirrandom.pkl,1.9607889245240804,0.007973933990687273,0.01239785570399048,0.007860322080405083
Random,sweep2d_gemma_L2_random_010__random_026_fineweb_60deg_dirrandom.pkl,2.141400773517116,0.0035567993227381928,-0.041331126174806325,0.0042021868566512145
Random,sweep2d_gemma_L2_random_010__random_027_fineweb_60deg_dirrandom.pkl,2.2546730640672044,0.0034787359303389354,-0.06888416716844498,0.004492822772505988
Random,sweep2d_gemma_L2_random_010__random_028_fineweb_60deg_dirrandom.pkl,1.981462656222739,0.004845785381241918,0.005540018883731992,0.004936243117667897
Random,sweep2d_gemma_L2_random_010__random_029_fineweb_60deg_dirrandom.pkl,1.9919042014576043,0.004393433223238307,0.0010748457650967475,0.004472625414264684
Random,sweep2d_gemma_L2_random_010__random_030_fineweb_60deg_dirrandom.pkl,2.1793282655576065,0.00879243650431894,-0.055209353669280564,0.008164133628129797
Random,sweep2d_gemma_L2_random_010__random_031_fineweb_60deg_dirrandom.pkl,2.218367771081269,0.004878666659548427,-0.06249441440436915,0.0029552678229133843
Random,sweep2d_gemma_L2_random_010__random_032_fineweb_60deg_dirrandom.pkl,2.057484300226743,0.0022081646250364517,-0.018327104378558938,0.0019073192799908217
Random,sweep2d_gemma_L2_random_011__random_012_fineweb_60deg_dirrandom.pkl,2.0195213213721526,0.009688251673059593,-0.007036899851527933,0.009670174850271503
Random,sweep2d_gemma_L2_random_011__random_013_fineweb_60deg_dirrandom.pkl,1.8856991197450834,0.007135947908961491,0.04111548080265316,0.005894870575774617
Random,sweep2d_gemma_L2_random_011__random_014_fineweb_60deg_dirrandom.pkl,1.9927901040746023,0.009868369973932927,0.0019980703362659567,0.009855272733590973
Random,sweep2d_gemma_L2_random_011__random_015_fineweb_60deg_dirrandom.pkl,1.7203400449530237,0.006458520086902309,0.11166484324361636,0.006054446224005594
Random,sweep2d_gemma_L2_random_011__random_016_fineweb_60deg_dirrandom.pkl,1.9683441743534287,0.006195228754981117,0.007575065256932646,0.006721818797703735
Random,sweep2d_gemma_L2_random_011__random_017_fineweb_60deg_dirrandom.pkl,2.0723828154287824,0.010469902025519728,-0.02166652398482484,0.010921757688367098
Random,sweep2d_gemma_L2_random_011__random_018_fineweb_60deg_dirrandom.pkl,1.8668761919916066,0.009306834941927015,0.0457490556566901,0.009650082433774574
Random,sweep2d_gemma_L2_random_011__random_019_fineweb_60deg_dirrandom.pkl,2.0747729947324833,0.006254281149670093,-0.023667935385293448,0.006250831863414436
Random,sweep2d_gemma_L2_random_011__random_020_fineweb_60deg_dirrandom.pkl,1.988083690173577,0.0054188571120328995,0.002861181833206017,0.005433341174094677
Random,sweep2d_gemma_L2_random_011__random_021_fineweb_60deg_dirrandom.pkl,2.0200316829865206,0.005073867978747207,-0.007466870375994149,0.005171641922382919
Random,sweep2d_gemma_L2_random_011__random_022_fineweb_60deg_dirrandom.pkl,2.0925994176415483,0.011541210117645804,-0.029023339039050723,0.011828677043520143
Random,sweep2d_gemma_L2_random_011__random_023_fineweb_60deg_dirrandom.pkl,1.9938841412902073,0.013398167031580616,-0.0001091445646175392,0.013332814846900553
Random,sweep2d_gemma_L2_random_011__random_024_fineweb_60deg_dirrandom.pkl,2.139299644019692,0.00486210508298799,-0.04117770584474434,0.004593359848597341
Random,sweep2d_gemma_L2_random_011__random_025_fineweb_60deg_dirrandom.pkl,1.917699835707051,0.004160341973473021,0.028332221595044668,0.003633070907532996
Random,sweep2d_gemma_L2_random_011__random_026_fineweb_60deg_dirrandom.pkl,1.8745892307140608,0.008694395189545956,0.045357586689886015,0.007344546686666913
Random,sweep2d_gemma_L2_random_011__random_027_fineweb_60deg_dirrandom.pkl,1.9543579088457448,0.0089626458950373,0.01644619615240954,0.00846117988941121
Random,sweep2d_gemma_L2_random_011__random_028_fineweb_60deg_dirrandom.pkl,1.965843830301188,0.008536138431333924,0.010609182131378845,0.00853227715984959
Random,sweep2d_gemma_L2_random_011__random_029_fineweb_60deg_dirrandom.pkl,2.0427033372882586,0.004768246240289232,-0.014868760677029299,0.004458946609463828
Random,sweep2d_gemma_L2_random_011__random_030_fineweb_60deg_dirrandom.pkl,2.250949535790698,0.008125682728567264,-0.06925663377875642,0.008052519378413496
Random,sweep2d_gemma_L2_random_011__random_031_fineweb_60deg_dirrandom.pkl,1.9488793003070546,0.004451322803677636,0.015847519515966614,0.004828756393059892
Random,sweep2d_gemma_L2_random_011__random_032_fineweb_60deg_dirrandom.pkl,2.124386702494095,0.0033568986455922395,-0.03667034905294435,0.0034066615031754246
Random,sweep2d_gemma_L2_random_012__random_013_fineweb_60deg_dirrandom.pkl,1.8653685195775063,0.012084005185777683,0.04464901021786219,0.012632177306206646
Random,sweep2d_gemma_L2_random_012__random_014_fineweb_60deg_dirrandom.pkl,2.138092533132072,0.006357159030887595,-0.0409400886836689,0.006854552739528484
Random,sweep2d_gemma_L2_random_012__random_015_fineweb_60deg_dirrandom.pkl,2.307013654884313,0.0045384501028897465,-0.08159519872204972,0.0046422955775417855
Random,sweep2d_gemma_L2_random_012__random_016_fineweb_60deg_dirrandom.pkl,1.930521570392893,0.0077525933467540225,0.02259349533881282,0.007835646287688411
Random,sweep2d_gemma_L2_random_012__random_017_fineweb_60deg_dirrandom.pkl,1.8649430194135252,0.020669674441114904,0.04335155652469122,0.020739364820721556
Random,sweep2d_gemma_L2_random_012__random_018_fineweb_60deg_dirrandom.pkl,1.9624408108690043,0.009491373562145078,0.013249916472675212,0.009121745562272868
Random,sweep2d_gemma_L2_random_012__random_019_fineweb_60deg_dirrandom.pkl,2.1431616329602643,0.006589272854662138,-0.041781934572679466,0.007019437055523008
Random,sweep2d_gemma_L2_random_012__random_020_fineweb_60deg_dirrandom.pkl,2.0033482312229767,0.010117834179553968,-0.0016719450433169219,0.010095815021180845
Random,sweep2d_gemma_L2_random_012__random_021_fineweb_60deg_dirrandom.pkl,1.9910822707938138,0.014569476000771587,-0.0021812625344126064,0.015143488828335924
Random,sweep2d_gemma_L2_random_012__random_022_fineweb_60deg_dirrandom.pkl,2.072038583158755,0.009343489466094429,-0.021571081484774938,0.009980117052518419
Random,sweep2d_gemma_L2_random_012__random_023_fineweb_60deg_dirrandom.pkl,2.0326068495989564,0.009716412257673814,-0.011203811451262579,0.009701725195946509
Random,sweep2d_gemma_L2_random_012__random_024_fineweb_60deg_dirrandom.pkl,1.8702093649786067,0.007242695061839367,0.045861537356285606,0.006432102534078406
Random,sweep2d_gemma_L2_random_012__random_025_fineweb_60deg_dirrandom.pkl,2.367920331306775,0.003907362997684748,-0.092311506784851,0.007519917696947061
Random,sweep2d_gemma_L2_random_012__random_026_fineweb_60deg_dirrandom.pkl,2.291275403078249,0.010150497881568273,-0.08248412035086915,0.006824220027168328
Random,sweep2d_gemma_L2_random_012__random_027_fineweb_60deg_dirrandom.pkl,2.0450045257662617,0.016176094014840506,-0.018955271449094313,0.016244600658758268
Random,sweep2d_gemma_L2_random_012__random_028_fineweb_60deg_dirrandom.pkl,1.9962768954186214,0.0077701602707930546,0.001858106586983514,0.00777319209369312
Random,sweep2d_gemma_L2_random_012__random_029_fineweb_60deg_dirrandom.pkl,2.061570576014478,0.007006918915629979,-0.021585363925517964,0.006344854360684107
Random,sweep2d_gemma_L2_random_012__random_030_fineweb_60deg_dirrandom.pkl,2.2368685106787316,0.0052136518415072846,-0.06635516005354918,0.004592426708085072
Random,sweep2d_gemma_L2_random_012__random_031_fineweb_60deg_dirrandom.pkl,2.121697871832631,0.004367662067007005,-0.036287299339460635,0.004088165858452694
Random,sweep2d_gemma_L2_random_012__random_032_fineweb_60deg_dirrandom.pkl,2.1138332184492916,0.008988182610520097,-0.036160985792916385,0.008330224849185957
Random,sweep2d_gemma_L2_random_013__random_014_fineweb_60deg_dirrandom.pkl,2.266098338984969,0.015172817589613839,-0.07298804601790077,0.01716714380101318
Random,sweep2d_gemma_L2_random_013__random_015_fineweb_60deg_dirrandom.pkl,2.0191416017728723,0.006508034950929694,-0.007175576848593467,0.006490974167033643
Random,sweep2d_gemma_L2_random_013__random_016_fineweb_60deg_dirrandom.pkl,2.096502907538676,0.006300730143460473,-0.028386299956179382,0.00663610571200457
Random,sweep2d_gemma_L2_random_013__random_017_fineweb_60deg_dirrandom.pkl,2.180642943814023,0.011207320443507512,-0.05633091560542185,0.009596432611474935
Random,sweep2d_gemma_L2_random_013__random_018_fineweb_60deg_dirrandom.pkl,1.9632837190095227,0.006377985211581718,0.011563927454886542,0.006387770638809733
Random,sweep2d_gemma_L2_random_013__random_019_fineweb_60deg_dirrandom.pkl,1.998047112690806,0.005069209973264403,-0.0007023496176783345,0.005097425354562366
Random,sweep2d_gemma_L2_random_013__random_020_fineweb_60deg_dirrandom.pkl,1.868890779530933,0.007903832938061026,0.04524823380754883,0.00788933313404399
Random,sweep2d_gemma_L2_random_013__random_021_fineweb_60deg_dirrandom.pkl,1.8761450385812752,0.008203868227347387,0.043348596187956244,0.00777579212532796
Random,sweep2d_gemma_L2_random_013__random_022_fineweb_60deg_dirrandom.pkl,2.050678790594734,0.008838279761096331,-0.014281593441643857,0.00957737003137638
Random,sweep2d_gemma_L2_random_013__random_023_fineweb_60deg_dirrandom.pkl,2.2118386007945405,0.011756701305786451,-0.05783997017134144,0.013670443750244341
Random,sweep2d_gemma_L2_random_013__random_024_fineweb_60deg_dirrandom.pkl,2.0659407632768203,0.007014222726176673,-0.022672282590722685,0.006916320634563989
Random,sweep2d_gemma_L2_random_013__random_025_fineweb_60deg_dirrandom.pkl,1.9102954971072494,0.009198709978773983,0.03007062721313493,0.009227011489507626
Random,sweep2d_gemma_L2_random_013__random_026_fineweb_60deg_dirrandom.pkl,1.9523787165498123,0.018404194384681487,0.012104144412047302,0.01836918045455129
Random,sweep2d_gemma_L2_random_013__random_027_fineweb_60deg_dirrandom.pkl,2.1895724260247844,0.014788716811739558,-0.05694016242914697,0.01469073071198343
Random,sweep2d_gemma_L2_random_013__random_028_fineweb_60deg_dirrandom.pkl,2.232827377945739,0.006200628719173749,-0.06480283269903818,0.006894062887815453
Random,sweep2d_gemma_L2_random_013__random_029_fineweb_60deg_dirrandom.pkl,2.1583144735824944,0.015167236054640553,-0.05078951282733777,0.01508261688407789
Random,sweep2d_gemma_L2_random_013__random_030_fineweb_60deg_dirrandom.pkl,2.1900122344237327,0.007904007373095424,-0.0540954404075772,0.00820357828569746
Random,sweep2d_gemma_L2_random_013__random_031_fineweb_60deg_dirrandom.pkl,1.9666129293176007,0.006115480449802543,0.008320029621503206,0.0066502180394953396
Random,sweep2d_gemma_L2_random_013__random_032_fineweb_60deg_dirrandom.pkl,2.0602028639763494,0.0201850917276819,-0.027105451782047808,0.019793382917033118
Random,sweep2d_gemma_L2_random_014__random_015_fineweb_60deg_dirrandom.pkl,1.9742264884344347,0.00704835044605715,0.006867590328278666,0.007143136002652104
Random,sweep2d_gemma_L2_random_014__random_016_fineweb_60deg_dirrandom.pkl,2.0208243607895153,0.007720775444380707,-0.00755895973225437,0.007637624771965097
Random,sweep2d_gemma_L2_random_014__random_017_fineweb_60deg_dirrandom.pkl,2.1076769656764607,0.006664349077311552,-0.032207958497934765,0.006857745533700607
Random,sweep2d_gemma_L2_random_014__random_018_fineweb_60deg_dirrandom.pkl,2.2743173601397113,0.006304498870797336,-0.07658973143437589,0.005012053567700646
Random,sweep2d_gemma_L2_random_014__random_019_fineweb_60deg_dirrandom.pkl,2.032812111368373,0.007279975825149544,-0.01086224248003648,0.007285755303548128
Random,sweep2d_gemma_L2_random_014__random_020_fineweb_60deg_dirrandom.pkl,2.272610045835248,0.011380021063934846,-0.07297246073489551,0.013530678948281067
Random,sweep2d_gemma_L2_random_014__random_021_fineweb_60deg_dirrandom.pkl,1.8809504044651713,0.012407565746696046,0.036477657924739275,0.013549852290852527
Random,sweep2d_gemma_L2_random_014__random_022_fineweb_60deg_dirrandom.pkl,2.0602818479240046,0.01817067044801845,-0.024369544827705085,0.018263218748187288
Random,sweep2d_gemma_L2_random_014__random_023_fineweb_60deg_dirrandom.pkl,2.349375869714505,0.0051105063010377285,-0.08984820810159408,0.005927191508338661
Random,sweep2d_gemma_L2_random_014__random_024_fineweb_60deg_dirrandom.pkl,2.1811030673572884,0.00670586018294214,-0.05288286972518349,0.005661428733595862
Random,sweep2d_gemma_L2_random_014__random_025_fineweb_60deg_dirrandom.pkl,2.1657391558524677,0.010491202761407116,-0.04981568177290957,0.010233739943674682
Random,sweep2d_gemma_L2_random_014__random_026_fineweb_60deg_dirrandom.pkl,1.9780497123134688,0.006539091927392604,0.006589444044846385,0.006525580938000615
Random,sweep2d_gemma_L2_random_014__random_027_fineweb_60deg_dirrandom.pkl,1.990581073868616,0.0022705478037214843,0.0033649912295244415,0.002205878778433776
Random,sweep2d_gemma_L2_random_014__random_028_fineweb_60deg_dirrandom.pkl,2.054551300198033,0.009535804971193777,-0.015879770100914802,0.010108285556144474
Random,sweep2d_gemma_L2_random_014__random_029_fineweb_60deg_dirrandom.pkl,2.005756751465667,0.0037418224517449493,-0.0022090640594954526,0.0037319629541525084
Random,sweep2d_gemma_L2_random_014__random_030_fineweb_60deg_dirrandom.pkl,2.393662826190005,0.00883210822681046,-0.10139592500401728,0.007725556956919863
Random,sweep2d_gemma_L2_random_014__random_031_fineweb_60deg_dirrandom.pkl,2.293855635313339,0.0039036313041438345,-0.07846382089007131,0.004449266544060534
Random,sweep2d_gemma_L2_random_014__random_032_fineweb_60deg_dirrandom.pkl,1.9978560495928694,0.010801035651190822,-0.0025908740989315266,0.010775768477624091
Random,sweep2d_gemma_L2_random_015__random_016_fineweb_60deg_dirrandom.pkl,2.233299886177109,0.009236998575976992,-0.0642610266779321,0.00991081325859653
Random,sweep2d_gemma_L2_random_015__random_017_fineweb_60deg_dirrandom.pkl,2.0217639796010665,0.005455370931866282,-0.006840384354369932,0.00550299802167325
Random,sweep2d_gemma_L2_random_015__random_018_fineweb_60deg_dirrandom.pkl,2.0909526030847334,0.004638279070581614,-0.02882185683351243,0.004164545828169228
Random,sweep2d_gemma_L2_random_015__random_019_fineweb_60deg_dirrandom.pkl,1.9345966231602507,0.010689684431563026,0.020605327524152412,0.010527192919629403
Random,sweep2d_gemma_L2_random_015__random_020_fineweb_60deg_dirrandom.pkl,1.8340723862664206,0.009817259497607372,0.0608965042117611,0.008335902268576296
Random,sweep2d_gemma_L2_random_015__random_021_fineweb_60deg_dirrandom.pkl,1.9848864516106108,0.007460694007133973,0.003913812808454755,0.007444235862494389
Random,sweep2d_gemma_L2_random_015__random_022_fineweb_60deg_dirrandom.pkl,2.226087773409083,0.014644626110434506,-0.06552187126983285,0.014583960736153064
Random,sweep2d_gemma_L2_random_015__random_023_fineweb_60deg_dirrandom.pkl,1.8632611661240908,0.00694028518620234,0.04614523949450236,0.008386145973737399
Random,sweep2d_gemma_L2_random_015__random_024_fineweb_60deg_dirrandom.pkl,1.9518454008321893,0.009636299442671756,0.015042950605355212,0.00951162347374914
Random,sweep2d_gemma_L2_random_015__random_025_fineweb_60deg_dirrandom.pkl,1.8900082704703414,0.005161162879404509,0.0387905707877571,0.004245344854156373
Random,sweep2d_gemma_L2_random_015__random_026_fineweb_60deg_dirrandom.pkl,1.8154749060417563,0.005633316072847913,0.06665027850203593,0.007108856655795692
Random,sweep2d_gemma_L2_random_015__random_027_fineweb_60deg_dirrandom.pkl,1.8991633062755688,0.018909548869906527,0.031931360333814086,0.01839450037525285
Random,sweep2d_gemma_L2_random_015__random_028_fineweb_60deg_dirrandom.pkl,2.0625111299898355,0.007540649631614897,-0.02044375644305561,0.00777361312302893
Random,sweep2d_gemma_L2_random_015__random_029_fineweb_60deg_dirrandom.pkl,2.0022626444580456,0.004482689527618533,-0.0017201270623964345,0.004519019426338616
Random,sweep2d_gemma_L2_random_015__random_030_fineweb_60deg_dirrandom.pkl,2.0256573402050617,0.008383708918674076,-0.007861345326377445,0.00856718818824748
Random,sweep2d_gemma_L2_random_015__random_031_fineweb_60deg_dirrandom.pkl,2.0985079384178804,0.007964116150763638,-0.03255872468633494,0.007256892140605994
Random,sweep2d_gemma_L2_random_015__random_032_fineweb_60deg_dirrandom.pkl,2.071197789501736,0.011792450517495464,-0.025931044299270293,0.011498307842463282
Random,sweep2d_gemma_L2_random_016__random_017_fineweb_60deg_dirrandom.pkl,1.8367747338274412,0.00541749514851638,0.05989435736671286,0.004035720815594094
Random,sweep2d_gemma_L2_random_016__random_018_fineweb_60deg_dirrandom.pkl,2.4528525600855553,0.006466274594776135,-0.1112975301825542,0.005279006374134994
Random,sweep2d_gemma_L2_random_016__random_019_fineweb_60deg_dirrandom.pkl,2.0373879119073135,0.008708027392690219,-0.013880873121429858,0.008751475237026065
Random,sweep2d_gemma_L2_random_016__random_020_fineweb_60deg_dirrandom.pkl,1.9856429192857397,0.003213541300157921,0.004978691447839773,0.003113541277352494
Random,sweep2d_gemma_L2_random_016__random_021_fineweb_60deg_dirrandom.pkl,2.032018454412125,0.009629565523201392,-0.011336232439946864,0.00960519903691059
Random,sweep2d_gemma_L2_random_016__random_022_fineweb_60deg_dirrandom.pkl,2.1270272350721684,0.003979125797646044,-0.038650661198093926,0.0024956583066510717
Random,sweep2d_gemma_L2_random_016__random_023_fineweb_60deg_dirrandom.pkl,2.021982473801993,0.0073410301859511366,-0.00709111611617166,0.007379192257193287
Random,sweep2d_gemma_L2_random_016__random_024_fineweb_60deg_dirrandom.pkl,2.0477954444981235,0.0034282561823499843,-0.014278338800854558,0.003742720764349312
Random,sweep2d_gemma_L2_random_016__random_025_fineweb_60deg_dirrandom.pkl,1.8812591458033199,0.007288174157819352,0.04231177744618236,0.006506462952591848
Random,sweep2d_gemma_L2_random_016__random_026_fineweb_60deg_dirrandom.pkl,1.9309756045042419,0.006448393529477704,0.02270178515660411,0.006326393725470516
Random,sweep2d_gemma_L2_random_016__random_027_fineweb_60deg_dirrandom.pkl,1.9767812596099577,0.005395060451949668,0.006640008326162948,0.005469372581003504
Random,sweep2d_gemma_L2_random_016__random_028_fineweb_60deg_dirrandom.pkl,1.857912722323372,0.00877253398820974,0.051051199148163084,0.007862877303189658
Random,sweep2d_gemma_L2_random_016__random_029_fineweb_60deg_dirrandom.pkl,2.0031445189447283,0.008290703307706194,-0.0012626972663825776,0.008284820712352665
Random,sweep2d_gemma_L2_random_016__random_030_fineweb_60deg_dirrandom.pkl,2.26432363094482,0.009326581630216234,-0.07513106777580432,0.007753830367041235
Random,sweep2d_gemma_L2_random_016__random_031_fineweb_60deg_dirrandom.pkl,2.049374256190339,0.005850523609670272,-0.017245642395432133,0.0054633423605344065
Random,sweep2d_gemma_L2_random_016__random_032_fineweb_60deg_dirrandom.pkl,1.9482477038115609,0.0100067014048518,0.016043439965804394,0.009826551469244568
Random,sweep2d_gemma_L2_random_017__random_018_fineweb_60deg_dirrandom.pkl,1.9354823182011334,0.0036984542091280962,0.020733038359628815,0.00418315757191518
Random,sweep2d_gemma_L2_random_017__random_019_fineweb_60deg_dirrandom.pkl,1.946239222882914,0.003146201753015398,0.01769419858836788,0.003238609643095181
Random,sweep2d_gemma_L2_random_017__random_020_fineweb_60deg_dirrandom.pkl,2.0054188237932453,0.005301648416923287,-0.002234037856544455,0.005303740612841007
Random,sweep2d_gemma_L2_random_017__random_021_fineweb_60deg_dirrandom.pkl,1.804660563740063,0.012931680994932773,0.06807246350227245,0.014359646148690307
Random,sweep2d_gemma_L2_random_017__random_022_fineweb_60deg_dirrandom.pkl,1.857974877534747,0.004870064349391407,0.05124955609183679,0.0039884324243809055
Random,sweep2d_gemma_L2_random_017__random_023_fineweb_60deg_dirrandom.pkl,1.9728703975661128,0.003501244155151089,0.00782942652403648,0.0038228394841957427
Random,sweep2d_gemma_L2_random_017__random_024_fineweb_60deg_dirrandom.pkl,1.9834044892526002,0.0030895128547373425,0.005497745874199127,0.0031420937189292697
Random,sweep2d_gemma_L2_random_017__random_025_fineweb_60deg_dirrandom.pkl,1.723410229891356,0.005268622079242827,0.11008159308550226,0.005563300893514919
Random,sweep2d_gemma_L2_random_017__random_026_fineweb_60deg_dirrandom.pkl,2.1531815138951265,0.005298885598185109,-0.04638020852945234,0.003606222741218288
Random,sweep2d_gemma_L2_random_017__random_027_fineweb_60deg_dirrandom.pkl,1.793119591941363,0.013654334283372404,0.0748479382016942,0.013725778368153831
Random,sweep2d_gemma_L2_random_017__random_028_fineweb_60deg_dirrandom.pkl,1.9861817957829322,0.007041073200649019,0.0048033518868599795,0.0069208322891913384
Random,sweep2d_gemma_L2_random_017__random_029_fineweb_60deg_dirrandom.pkl,1.84993736503651,0.0031227788167474363,0.05337632883428246,0.0036902472849910314
Random,sweep2d_gemma_L2_random_017__random_030_fineweb_60deg_dirrandom.pkl,1.9433336422240803,0.004636622708518636,0.017735739024766235,0.004939673173064489
Random,sweep2d_gemma_L2_random_017__random_031_fineweb_60deg_dirrandom.pkl,1.9736724095765155,0.003406809781031013,0.007807351210841786,0.003583717797515883
Random,sweep2d_gemma_L2_random_017__random_032_fineweb_60deg_dirrandom.pkl,1.8942518718322272,0.014371652222644377,0.03224065968753364,0.01442989139806498
Random,sweep2d_gemma_L2_random_018__random_019_fineweb_60deg_dirrandom.pkl,2.205514369592054,0.0027981102375956263,-0.058025180630346354,0.002779411619372235
Random,sweep2d_gemma_L2_random_018__random_020_fineweb_60deg_dirrandom.pkl,2.0100752080136233,0.008210929340944794,-0.004357227279766133,0.008205077325668388
Random,sweep2d_gemma_L2_random_018__random_021_fineweb_60deg_dirrandom.pkl,2.04534688466454,0.010010274846463751,-0.016955105803101923,0.009282726183910506
Random,sweep2d_gemma_L2_random_018__random_022_fineweb_60deg_dirrandom.pkl,2.1347753234498157,0.009865122660798505,-0.03776981907280234,0.011500415844169748
Random,sweep2d_gemma_L2_random_018__random_023_fineweb_60deg_dirrandom.pkl,1.9905915097418003,0.010704802650832188,0.0009619263120691389,0.01086242631903568
Random,sweep2d_gemma_L2_random_018__random_024_fineweb_60deg_dirrandom.pkl,1.7904822937130305,0.004103475795506462,0.0789040793307131,0.004633021421247471
Random,sweep2d_gemma_L2_random_018__random_025_fineweb_60deg_dirrandom.pkl,2.0130739975287932,0.003914725387266325,-0.00529687005110705,0.0038366789363076513
Random,sweep2d_gemma_L2_random_018__random_026_fineweb_60deg_dirrandom.pkl,2.101776541831604,0.009596960314106603,-0.03380386216799737,0.008908337596757314
Random,sweep2d_gemma_L2_random_018__random_027_fineweb_60deg_dirrandom.pkl,1.9800499259802513,0.004614767327728192,0.005347075298789338,0.004700868671927816
Random,sweep2d_gemma_L2_random_018__random_028_fineweb_60deg_dirrandom.pkl,2.131184695106599,0.004720333995290577,-0.038637591939243945,0.0051069040116940995
Random,sweep2d_gemma_L2_random_018__random_029_fineweb_60deg_dirrandom.pkl,1.9605076746837617,0.006685172687713503,0.012262269196972517,0.006681335913441183
Random,sweep2d_gemma_L2_random_018__random_030_fineweb_60deg_dirrandom.pkl,2.123547723160706,0.005756105915816785,-0.03840214780914683,0.004909149567149467
Random,sweep2d_gemma_L2_random_018__random_031_fineweb_60deg_dirrandom.pkl,1.9742276112516226,0.004403134048413648,0.00889423373112255,0.0042561026584725615
Random,sweep2d_gemma_L2_random_018__random_032_fineweb_60deg_dirrandom.pkl,2.006107964448189,0.011895590424710932,-0.004451960060608621,0.01193537050677271
Random,sweep2d_gemma_L2_random_019__random_020_fineweb_60deg_dirrandom.pkl,2.0456952685591343,0.009480288837270433,-0.014641563271388736,0.009509298679296362
Random,sweep2d_gemma_L2_random_019__random_021_fineweb_60deg_dirrandom.pkl,2.1042412955930727,0.008334175627315204,-0.031726259426938755,0.008680154545364934
Random,sweep2d_gemma_L2_random_019__random_022_fineweb_60deg_dirrandom.pkl,2.1706163020678413,0.015227330164297398,-0.05182941863745522,0.015250799684547359
Random,sweep2d_gemma_L2_random_019__random_023_fineweb_60deg_dirrandom.pkl,2.172130690089808,0.01095855112104729,-0.05168517654190656,0.010752901856898908
Random,sweep2d_gemma_L2_random_019__random_024_fineweb_60deg_dirrandom.pkl,2.077076659366796,0.007273717679478984,-0.022506492890481313,0.008187797743168643
Random,sweep2d_gemma_L2_random_019__random_025_fineweb_60deg_dirrandom.pkl,1.9026546619560158,0.004268746841523988,0.03322227689368351,0.004093539006952889
Random,sweep2d_gemma_L2_random_019__random_026_fineweb_60deg_dirrandom.pkl,1.8985189177705142,0.006867711079058294,0.03396176500512947,0.0070832216463003915
Random,sweep2d_gemma_L2_random_019__random_027_fineweb_60deg_dirrandom.pkl,2.0242792737316546,0.007791389287262502,-0.009677837600604507,0.00752097484685829
Random,sweep2d_gemma_L2_random_019__random_028_fineweb_60deg_dirrandom.pkl,2.275991087571229,0.006447192010345614,-0.0765953025129256,0.00374340456648052
Random,sweep2d_gemma_L2_random_019__random_029_fineweb_60deg_dirrandom.pkl,1.944179716746321,0.005360637499942282,0.01774071470330547,0.005396050663657937
Random,sweep2d_gemma_L2_random_019__random_030_fineweb_60deg_dirrandom.pkl,2.3183363025165495,0.005737626198192261,-0.08432716971770854,0.005599424963080741
Random,sweep2d_gemma_L2_random_019__random_031_fineweb_60deg_dirrandom.pkl,2.152418266483964,0.004343170912684418,-0.045021523115116695,0.0040397823246578505
Random,sweep2d_gemma_L2_random_019__random_032_fineweb_60deg_dirrandom.pkl,2.1435719200269387,0.009518103873244217,-0.046037875638617304,0.00833401818151789
Random,sweep2d_gemma_L2_random_020__random_021_fineweb_60deg_dirrandom.pkl,1.7916984156871147,0.006145741551995733,0.07811582888542595,0.006510876814399973
Random,sweep2d_gemma_L2_random_020__random_022_fineweb_60deg_dirrandom.pkl,2.158608211715586,0.011480293583629534,-0.047651728845073085,0.011338678292858456
Random,sweep2d_gemma_L2_random_020__random_023_fineweb_60deg_dirrandom.pkl,2.150777130232106,0.012607472670624741,-0.04606868948504739,0.01276681347466196
Random,sweep2d_gemma_L2_random_020__random_024_fineweb_60deg_dirrandom.pkl,2.0348026132237713,0.005006683895082404,-0.011428474885346793,0.005044576242553836
Random,sweep2d_gemma_L2_random_020__random_025_fineweb_60deg_dirrandom.pkl,1.9504351395401083,0.01247781330520441,0.015079260049178402,0.012388945507967576
Random,sweep2d_gemma_L2_random_020__random_026_fineweb_60deg_dirrandom.pkl,1.936572623305708,0.011149554622614856,0.019614024184523224,0.011064175771771899
Random,sweep2d_gemma_L2_random_020__random_027_fineweb_60deg_dirrandom.pkl,1.9488380022405252,0.008441086680197656,0.0181954040972287,0.008020961459601636
Random,sweep2d_gemma_L2_random_020__random_028_fineweb_60deg_dirrandom.pkl,1.7374255285482885,0.005779971323098871,0.10393788562378768,0.0038912021509848573
Random,sweep2d_gemma_L2_random_020__random_029_fineweb_60deg_dirrandom.pkl,1.9600971378817973,0.0036117285686303197,0.012948514894240808,0.0036118055528453923
Random,sweep2d_gemma_L2_random_020__random_030_fineweb_60deg_dirrandom.pkl,2.0262432642093406,0.006986479616197384,-0.01080013478279005,0.0066905524380545004
Random,sweep2d_gemma_L2_random_020__random_031_fineweb_60deg_dirrandom.pkl,1.9063693197373865,0.004520873532487571,0.03187052108145738,0.004467259636944204
Random,sweep2d_gemma_L2_random_020__random_032_fineweb_60deg_dirrandom.pkl,1.8955060525324003,0.007662848882189319,0.034038299561141586,0.00846028552512172
Random,sweep2d_gemma_L2_random_021__random_022_fineweb_60deg_dirrandom.pkl,2.078978499363134,0.00724007854944485,-0.02388295904227917,0.007766930637374366
Random,sweep2d_gemma_L2_random_021__random_023_fineweb_60deg_dirrandom.pkl,1.9147785038213991,0.004233618539007816,0.02882129930796884,0.00424085291670422
Random,sweep2d_gemma_L2_random_021__random_024_fineweb_60deg_dirrandom.pkl,1.9052800902571394,0.011582037095828116,0.030860943567141617,0.01167562071744599
Random,sweep2d_gemma_L2_random_021__random_025_fineweb_60deg_dirrandom.pkl,1.8918975026502711,0.0029525263063330687,0.0372354128670678,0.003144368015801538
Random,sweep2d_gemma_L2_random_021__random_026_fineweb_60deg_dirrandom.pkl,1.980394420556744,0.00832473313909924,0.005734176316110221,0.00826114149003668
Random,sweep2d_gemma_L2_random_021__random_027_fineweb_60deg_dirrandom.pkl,2.1079929875853956,0.006525716442769936,-0.034235149287737895,0.0056872547701358085
Random,sweep2d_gemma_L2_random_021__random_028_fineweb_60deg_dirrandom.pkl,2.3515708700961064,0.018932714973463435,-0.09734385441878601,0.01875218806438164
Random,sweep2d_gemma_L2_random_021__random_029_fineweb_60deg_dirrandom.pkl,2.0075050120051334,0.00887235638540864,-0.004169016657656069,0.009090820709971444
Random,sweep2d_gemma_L2_random_021__random_030_fineweb_60deg_dirrandom.pkl,2.3429880312788995,0.014517853346107158,-0.09668026039520507,0.01349649857494998
Random,sweep2d_gemma_L2_random_021__random_031_fineweb_60deg_dirrandom.pkl,1.9240874914064159,0.0200681161529539,0.019543321177302276,0.02027016125696582
Random,sweep2d_gemma_L2_random_021__random_032_fineweb_60deg_dirrandom.pkl,1.7869046620581879,0.012191994658479718,0.07929012650863279,0.011735665375996518
Random,sweep2d_gemma_L2_random_022__random_023_fineweb_60deg_dirrandom.pkl,2.1616239505187225,0.009342933268550206,-0.04608514307022552,0.0108425993519454
Random,sweep2d_gemma_L2_random_022__random_024_fineweb_60deg_dirrandom.pkl,2.064408856900348,0.008663341160294175,-0.02164989742710277,0.008681159518204508
Random,sweep2d_gemma_L2_random_022__random_025_fineweb_60deg_dirrandom.pkl,1.9264721619145193,0.007301415662957717,0.02586919364245336,0.006564666224397536
Random,sweep2d_gemma_L2_random_022__random_026_fineweb_60deg_dirrandom.pkl,2.1254242378800945,0.0078076017999603,-0.03703313642367048,0.007952595050137621
Random,sweep2d_gemma_L2_random_022__random_027_fineweb_60deg_dirrandom.pkl,2.0886047116965085,0.018425387292254403,-0.03248059241139072,0.01849852350832808
Random,sweep2d_gemma_L2_random_022__random_028_fineweb_60deg_dirrandom.pkl,2.235716095050101,0.007531167535588979,-0.06777037012754407,0.006938301060987006
Random,sweep2d_gemma_L2_random_022__random_029_fineweb_60deg_dirrandom.pkl,2.1167519511849564,0.004831763071436685,-0.03471390592435499,0.005385754402631548
Random,sweep2d_gemma_L2_random_022__random_030_fineweb_60deg_dirrandom.pkl,2.4113052999731908,0.012336291354146791,-0.10716271237447425,0.01005055944005141
Random,sweep2d_gemma_L2_random_022__random_031_fineweb_60deg_dirrandom.pkl,2.30696160284744,0.009310642590462897,-0.08406415118429766,0.007508000171560291
Random,sweep2d_gemma_L2_random_022__random_032_fineweb_60deg_dirrandom.pkl,2.075829782494546,0.0051050071954319275,-0.022284637717285387,0.005741314133623668
Random,sweep2d_gemma_L2_random_023__random_024_fineweb_60deg_dirrandom.pkl,1.914551606400211,0.006348979982747051,0.028618373918656074,0.006308743794235441
Random,sweep2d_gemma_L2_random_023__random_025_fineweb_60deg_dirrandom.pkl,1.8813195654984107,0.004831339450255395,0.041431730968580036,0.004756667136378137
Random,sweep2d_gemma_L2_random_023__random_026_fineweb_60deg_dirrandom.pkl,2.2145703025125494,0.010864645334506226,-0.06220241134262004,0.010558122722509309
Random,sweep2d_gemma_L2_random_023__random_027_fineweb_60deg_dirrandom.pkl,2.099360490886915,0.005431677788938857,-0.02932685813867329,0.005932639479383564
Random,sweep2d_gemma_L2_random_023__random_028_fineweb_60deg_dirrandom.pkl,1.9224451167894405,0.004673572178077327,0.027264838079467366,0.003957505054385071
Random,sweep2d_gemma_L2_random_023__random_029_fineweb_60deg_dirrandom.pkl,1.9485947720311136,0.007915807198122534,0.014248332544818925,0.008171912504163844
Random,sweep2d_gemma_L2_random_023__random_030_fineweb_60deg_dirrandom.pkl,2.1832510215925742,0.004409567447545129,-0.05124569072528563,0.0059894235963948
Random,sweep2d_gemma_L2_random_023__random_031_fineweb_60deg_dirrandom.pkl,1.9168906687765301,0.008395076142689811,0.02676119038871951,0.008587126587109242
Random,sweep2d_gemma_L2_random_023__random_032_fineweb_60deg_dirrandom.pkl,2.087132359572588,0.006258205202319572,-0.027101256751446916,0.006214135891982699
Random,sweep2d_gemma_L2_random_024__random_025_fineweb_60deg_dirrandom.pkl,1.9164401587386517,0.0054145946827628385,0.02755085596387113,0.00555425283433765
Random,sweep2d_gemma_L2_random_024__random_026_fineweb_60deg_dirrandom.pkl,1.8425662871315955,0.007880895826059586,0.05701576564615223,0.007125199026749687
Random,sweep2d_gemma_L2_random_024__random_027_fineweb_60deg_dirrandom.pkl,1.7894778066204078,0.005075665140734093,0.07981521165583039,0.00459318482238952
Random,sweep2d_gemma_L2_random_024__random_028_fineweb_60deg_dirrandom.pkl,2.008808322687937,0.004906142392223872,-0.002551531423712104,0.0049573864458063496
Random,sweep2d_gemma_L2_random_024__random_029_fineweb_60deg_dirrandom.pkl,1.9868570435618953,0.008214845722421893,0.0032110792608761904,0.008300023561772917
Random,sweep2d_gemma_L2_random_024__random_030_fineweb_60deg_dirrandom.pkl,2.347896044792132,0.004732210571231072,-0.09099524499082243,0.003987969043593654
Random,sweep2d_gemma_L2_random_024__random_031_fineweb_60deg_dirrandom.pkl,2.0760521900558047,0.007577498146068348,-0.022210896527946833,0.008236624376151438
Random,sweep2d_gemma_L2_random_024__random_032_fineweb_60deg_dirrandom.pkl,2.0643423353970993,0.01159578299825786,-0.020755748457954356,0.011652146188151961
Random,sweep2d_gemma_L2_random_025__random_026_fineweb_60deg_dirrandom.pkl,1.9429183332280304,0.014341842729356175,0.015315824734534064,0.014075264864363486
Random,sweep2d_gemma_L2_random_025__random_027_fineweb_60deg_dirrandom.pkl,1.9945403063646978,0.004889348875353922,0.0007201105612085586,0.004979620999935941
Random,sweep2d_gemma_L2_random_025__random_028_fineweb_60deg_dirrandom.pkl,2.114905594481169,0.0031023371279154054,-0.03505329394691509,0.0025000128568305998
Random,sweep2d_gemma_L2_random_025__random_029_fineweb_60deg_dirrandom.pkl,1.9893594429510157,0.004899244968848211,0.0019161062554600872,0.00495334213245809
Random,sweep2d_gemma_L2_random_025__random_030_fineweb_60deg_dirrandom.pkl,1.9517806302122918,0.015311829261987904,0.011047002409355702,0.015562991904808334
Random,sweep2d_gemma_L2_random_025__random_031_fineweb_60deg_dirrandom.pkl,2.0277569756066955,0.006173680430305015,-0.009473150082676417,0.006093743991870359
Random,sweep2d_gemma_L2_random_025__random_032_fineweb_60deg_dirrandom.pkl,1.9173057154856052,0.0038260509639075607,0.027809963669964088,0.003923209061880923
Random,sweep2d_gemma_L2_random_026__random_027_fineweb_60deg_dirrandom.pkl,2.111132374222907,0.0050337391626391935,-0.035071571153153236,0.004333880235581546
Random,sweep2d_gemma_L2_random_026__random_028_fineweb_60deg_dirrandom.pkl,1.9094553652829602,0.011634806341284002,0.03192315325685944,0.010630122267421216
Random,sweep2d_gemma_L2_random_026__random_029_fineweb_60deg_dirrandom.pkl,1.9345468138228035,0.0032694600083471473,0.021961883283612083,0.0032025247865027228
Random,sweep2d_gemma_L2_random_026__random_030_fineweb_60deg_dirrandom.pkl,2.1204260642449855,0.010957793875408298,-0.03531341209673521,0.011759731582829835
Random,sweep2d_gemma_L2_random_026__random_031_fineweb_60deg_dirrandom.pkl,2.077279808162119,0.005548443380229135,-0.02483786146389505,0.0056235970925818165
Random,sweep2d_gemma_L2_random_026__random_032_fineweb_60deg_dirrandom.pkl,2.1071353942219173,0.0058471693537981585,-0.03125511530848163,0.006516401163991315
Random,sweep2d_gemma_L2_random_027__random_028_fineweb_60deg_dirrandom.pkl,1.8863015594066102,0.01672803158455781,0.037399468847699624,0.0164711362972386
Random,sweep2d_gemma_L2_random_027__random_029_fineweb_60deg_dirrandom.pkl,1.9001897033869435,0.008568473269686943,0.03394666754859204,0.008443853313418945
Random,sweep2d_gemma_L2_random_027__random_030_fineweb_60deg_dirrandom.pkl,1.920745422749124,0.00823892683537096,0.02536428758935617,0.008397001406401133
Random,sweep2d_gemma_L2_random_027__random_031_fineweb_60deg_dirrandom.pkl,1.9085499459048811,0.009756063794982905,0.030197380355614048,0.009767661139858556
Random,sweep2d_gemma_L2_random_027__random_032_fineweb_60deg_dirrandom.pkl,2.01272075171974,0.00580038528957962,-0.00518800458825865,0.005778422673278713
Random,sweep2d_gemma_L2_random_028__random_029_fineweb_60deg_dirrandom.pkl,1.9651220767068873,0.008243530027063345,0.010120773835202629,0.008273764564303352
Random,sweep2d_gemma_L2_random_028__random_030_fineweb_60deg_dirrandom.pkl,2.0326385315748783,0.015739831603322207,-0.01388184085666084,0.015829565413982487
Random,sweep2d_gemma_L2_random_028__random_031_fineweb_60deg_dirrandom.pkl,2.000785822303499,0.005755599124755436,-0.0016349561117105496,0.005743321887817488
Random,sweep2d_gemma_L2_random_028__random_032_fineweb_60deg_dirrandom.pkl,1.8637199735672314,0.008060721057010696,0.04692211413475785,0.008631944335200613
Random,sweep2d_gemma_L2_random_029__random_030_fineweb_60deg_dirrandom.pkl,2.389921763974651,0.006675356346115626,-0.09895911056902051,0.00691581791776955
Random,sweep2d_gemma_L2_random_029__random_031_fineweb_60deg_dirrandom.pkl,1.8593254598233304,0.006478026751245546,0.05084936214674918,0.0057356044064645504
Random,sweep2d_gemma_L2_random_029__random_032_fineweb_60deg_dirrandom.pkl,1.8666281431535514,0.0124721594974932,0.04431314462216731,0.012673835430421703
Random,sweep2d_gemma_L2_random_030__random_031_fineweb_60deg_dirrandom.pkl,2.0044771563765114,0.011544901425238297,-0.005850278466957224,0.011622026514502849
Random,sweep2d_gemma_L2_random_030__random_032_fineweb_60deg_dirrandom.pkl,2.099380592537581,0.00981355379129445,-0.032620127533962595,0.00956193961809823
Random,sweep2d_gemma_L2_random_031__random_032_fineweb_60deg_dirrandom.pkl,1.9738716315697737,0.011082442473295541,0.006937986827509832,0.010921653058545415
Random-diff,sweep2d_gemma_L2_randomdiffavg_000__randomdiffavg_001_fineweb_60deg_dirrandomdiffavg_fineweb.pkl,1.8784089853632404,0.011297106571943627,0.04224157837678539,0.01095836561371285
Random-diff,sweep2d_gemma_L2_randomdiffavg_000__randomdiffavg_002_fineweb_60deg_dirrandomdiffavg_fineweb.pkl,2.2406165775018603,0.011209772895460102,-0.06819613389545393,0.011540060709064043
Random-diff,sweep2d_gemma_L2_randomdiffavg_000__randomdiffavg_003_fineweb_60deg_dirrandomdiffavg_fineweb.pkl,2.5075558997638265,0.0174390612691828,-0.12435308703147986,0.01828042828987003
Random-diff,sweep2d_gemma_L2_randomdiffavg_000__randomdiffavg_004_fineweb_60deg_dirrandomdiffavg_fineweb.pkl,1.9306951792740752,0.01100694212151094,0.022778990383814646,0.01077050770389252
Random-diff,sweep2d_gemma_L2_randomdiffavg_000__randomdiffavg_006_fineweb_60deg_dirrandomdiffavg_fineweb.pkl,1.9194431532248812,0.007293795329097227,0.026985966246960078,0.0070572404706977275
Random-diff,sweep2d_gemma_L2_randomdiffavg_000__randomdiffavg_007_fineweb_60deg_dirrandomdiffavg_fineweb.pkl,1.870560547281566,0.00687908127982089,0.04390907089934127,0.007865193820939496
Random-diff,sweep2d_gemma_L2_randomdiffavg_000__randomdiffavg_008_fineweb_60deg_dirrandomdiffavg_fineweb.pkl,1.8371770131421652,0.02085664549781991,0.05358209289105012,0.02078484096227747
Random-diff,sweep2d_gemma_L2_randomdiffavg_000__randomdiffavg_009_fineweb_60deg_dirrandomdiffavg_fineweb.pkl,1.685708754898076,0.012083970694525692,0.12843194280922735,0.011633749321076475
Random-diff,sweep2d_gemma_L2_randomdiffavg_000__randomdiffavg_010_fineweb_60deg_dirrandomdiffavg_fineweb.pkl,1.9220421713766067,0.008887139016271053,0.026248117721240388,0.00869429407652543
Random-diff,sweep2d_gemma_L2_randomdiffavg_000__randomdiffavg_011_fineweb_60deg_dirrandomdiffavg_fineweb.pkl,1.6520804437509318,0.009858362585591854,0.14741259189828576,0.009550355086034603
Random-diff,sweep2d_gemma_L2_randomdiffavg_000__randomdiffavg_012_fineweb_60deg_dirrandomdiffavg_fineweb.pkl,1.840905812795255,0.005066975070893371,0.05812871303179405,0.004017755295006859
Random-diff,sweep2d_gemma_L2_randomdiffavg_000__randomdiffavg_014_fineweb_60deg_dirrandomdiffavg_fineweb.pkl,2.001809856323923,0.005719354101739138,0.0006991449079226179,0.005734257872470475
Random-diff,sweep2d_gemma_L2_randomdiffavg_000__randomdiffavg_015_fineweb_60deg_dirrandomdiffavg_fineweb.pkl,1.8008467623085809,0.020310493857505527,0.07024119409727031,0.01965524095183758
Random-diff,sweep2d_gemma_L2_randomdiffavg_000__randomdiffavg_016_fineweb_60deg_dirrandomdiffavg_fineweb.pkl,1.7641359414301854,0.01112029675738487,0.08981137004194939,0.011454291815967703
Random-diff,sweep2d_gemma_L2_randomdiffavg_000__randomdiffavg_017_fineweb_60deg_dirrandomdiffavg_fineweb.pkl,1.9336510403968488,0.005857888615969267,0.023395915999636332,0.005205722563213072
Random-diff,sweep2d_gemma_L2_randomdiffavg_000__randomdiffavg_018_fineweb_60deg_dirrandomdiffavg_fineweb.pkl,2.0425953790343256,0.015690856307622254,-0.01593698103349755,0.01563131618539585
Random-diff,sweep2d_gemma_L2_randomdiffavg_000__randomdiffavg_019_fineweb_60deg_dirrandomdiffavg_fineweb.pkl,1.9435970208912141,0.00723691903685332,0.019623001762828562,0.006794474216015444
Random-diff,sweep2d_gemma_L2_randomdiffavg_000__randomdiffavg_020_fineweb_60deg_dirrandomdiffavg_fineweb.pkl,2.332291482756626,0.0077515202230630815,-0.0859975968384848,0.008567628765905564
Random-diff,sweep2d_gemma_L2_randomdiffavg_000__randomdiffavg_021_fineweb_60deg_dirrandomdiffavg_fineweb.pkl,1.6954241527379756,0.012204896277982507,0.12432784099723342,0.010340944704207428
Random-diff,sweep2d_gemma_L2_randomdiffavg_000__randomdiffavg_023_fineweb_60deg_dirrandomdiffavg_fineweb.pkl,2.028801642859557,0.007310506929511552,-0.008095900297391812,0.007597310131629564
Random-diff,sweep2d_gemma_L2_randomdiffavg_000__randomdiffavg_025_fineweb_60deg_dirrandomdiffavg_fineweb.pkl,1.985977769104159,0.004027215955595261,0.004080215522308495,0.004040862089054503
Random-diff,sweep2d_gemma_L2_randomdiffavg_000__randomdiffavg_026_fineweb_60deg_dirrandomdiffavg_fineweb.pkl,2.006743238129277,0.010935042128089541,-0.0033981230087401075,0.010846375221342573
Random-diff,sweep2d_gemma_L2_randomdiffavg_000__randomdiffavg_027_fineweb_60deg_dirrandomdiffavg_fineweb.pkl,2.0425491139369565,0.00530186902774068,-0.014189662423595694,0.005285098598400421
Random-diff,sweep2d_gemma_L2_randomdiffavg_000__randomdiffavg_028_fineweb_60deg_dirrandomdiffavg_fineweb.pkl,1.87236439760366,0.0134355437381187,0.04057217516174275,0.014176400302357494
Random-diff,sweep2d_gemma_L2_randomdiffavg_000__randomdiffavg_029_fineweb_60deg_dirrandomdiffavg_fineweb.pkl,1.9126463517823236,0.0058672165981447505,0.030418241720245223,0.005598655669781691
Random-diff,sweep2d_gemma_L2_randomdiffavg_000__randomdiffavg_030_fineweb_60deg_dirrandomdiffavg_fineweb.pkl,2.067228224309069,0.019119099912689723,-0.027423622114799342,0.01944497158107871
Random-diff,sweep2d_gemma_L2_randomdiffavg_000__randomdiffavg_032_fineweb_60deg_dirrandomdiffavg_fineweb.pkl,1.6642835633586406,0.01396943511403754,0.13967047463750168,0.012448452396517302
Random-diff,sweep2d_gemma_L2_randomdiffavg_000__randomdiffavg_033_fineweb_60deg_dirrandomdiffavg_fineweb.pkl,2.0891874115478504,0.004291382167879945,-0.027051189230210302,0.004518275425754559
Random-diff,sweep2d_gemma_L2_randomdiffavg_000__randomdiffavg_034_fineweb_60deg_dirrandomdiffavg_fineweb.pkl,1.9217128089284456,0.005780395363025398,0.027662813837169675,0.0050701398728379525
Random-diff,sweep2d_gemma_L2_randomdiffavg_000__randomdiffavg_035_fineweb_60deg_dirrandomdiffavg_fineweb.pkl,2.3092810278216573,0.009502078749144854,-0.08396275223560228,0.009429410633527138
Random-diff,sweep2d_gemma_L2_randomdiffavg_000__randomdiffavg_036_fineweb_60deg_dirrandomdiffavg_fineweb.pkl,2.047916777748724,0.00750426371404483,-0.01671106417500118,0.007433326102190079
Random-diff,sweep2d_gemma_L2_randomdiffavg_000__randomdiffavg_037_fineweb_60deg_dirrandomdiffavg_fineweb.pkl,2.049982055066753,0.004480256682280594,-0.01568318160547261,0.0046078617934084435
Random-diff,sweep2d_gemma_L2_randomdiffavg_000__randomdiffavg_038_fineweb_60deg_dirrandomdiffavg_fineweb.pkl,1.9452085147593392,0.005413674661676867,0.017617567529703792,0.005466056624949123
Random-diff,sweep2d_gemma_L2_randomdiffavg_000__randomdiffavg_039_fineweb_60deg_dirrandomdiffavg_fineweb.pkl,1.7936791355274888,0.006830720088934182,0.07544681598430633,0.008729408414905847
Random-diff,sweep2d_gemma_L2_randomdiffavg_001__randomdiffavg_002_fineweb_60deg_dirrandomdiffavg_fineweb.pkl,2.191593226007496,0.007932083975745694,-0.05700417860332134,0.0077456498523118845
Random-diff,sweep2d_gemma_L2_randomdiffavg_001__randomdiffavg_003_fineweb_60deg_dirrandomdiffavg_fineweb.pkl,2.207658686041361,0.013288728864354178,-0.06467376654024982,0.012803317485307893
Random-diff,sweep2d_gemma_L2_randomdiffavg_001__randomdiffavg_004_fineweb_60deg_dirrandomdiffavg_fineweb.pkl,1.8278634319130047,0.010653001012899604,0.06249998896381762,0.00955612261358834
Random-diff,sweep2d_gemma_L2_randomdiffavg_001__randomdiffavg_005_fineweb_60deg_dirrandomdiffavg_fineweb.pkl,1.8195220554131228,0.006606335148553136,0.06655066938209185,0.006483257509638091
Random-diff,sweep2d_gemma_L2_randomdiffavg_001__randomdiffavg_006_fineweb_60deg_dirrandomdiffavg_fineweb.pkl,2.3784477102533748,0.014298269328692194,-0.09953786680360313,0.014282824337510325
Random-diff,sweep2d_gemma_L2_randomdiffavg_001__randomdiffavg_007_fineweb_60deg_dirrandomdiffavg_fineweb.pkl,2.267347860954172,0.008884851959024219,-0.07496491685995399,0.008645859142785402
Random-diff,sweep2d_gemma_L2_randomdiffavg_001__randomdiffavg_008_fineweb_60deg_dirrandomdiffavg_fineweb.pkl,1.8499247949740492,0.00549930427354849,0.05299276464419667,0.005927454508026665
Random-diff,sweep2d_gemma_L2_randomdiffavg_001__randomdiffavg_009_fineweb_60deg_dirrandomdiffavg_fineweb.pkl,1.9460005261260658,0.010237569297526856,0.014393098978097745,0.010876303345728654
Random-diff,sweep2d_gemma_L2_randomdiffavg_001__randomdiffavg_010_fineweb_60deg_dirrandomdiffavg_fineweb.pkl,1.7185421892948132,0.013173607778352778,0.10767766149150465,0.015652144595764826
Random-diff,sweep2d_gemma_L2_randomdiffavg_001__randomdiffavg_011_fineweb_60deg_dirrandomdiffavg_fineweb.pkl,2.538466852802855,0.00895492163354451,-0.12700424146831663,0.009418900470131778
Random-diff,sweep2d_gemma_L2_randomdiffavg_001__randomdiffavg_012_fineweb_60deg_dirrandomdiffavg_fineweb.pkl,2.2580523939112784,0.004249333352092269,-0.07083515954198794,0.00426364664106762
Random-diff,sweep2d_gemma_L2_randomdiffavg_001__randomdiffavg_013_fineweb_60deg_dirrandomdiffavg_fineweb.pkl,1.7247109099785958,0.008674468447497868,0.10866066355750652,0.008494755241214685
Random-diff,sweep2d_gemma_L2_randomdiffavg_001__randomdiffavg_014_fineweb_60deg_dirrandomdiffavg_fineweb.pkl,1.9662961381145245,0.00285295590088243,0.011631216938718882,0.0025509857847254465
Random-diff,sweep2d_gemma_L2_randomdiffavg_001__randomdiffavg_015_fineweb_60deg_dirrandomdiffavg_fineweb.pkl,1.9151576119645788,0.00803301057298336,0.02885323880028465,0.008062756222056502
Random-diff,sweep2d_gemma_L2_randomdiffavg_001__randomdiffavg_016_fineweb_60deg_dirrandomdiffavg_fineweb.pkl,2.1694259188312652,0.004528026915138267,-0.050194617315166216,0.0028462676115075295
Random-diff,sweep2d_gemma_L2_randomdiffavg_001__randomdiffavg_017_fineweb_60deg_dirrandomdiffavg_fineweb.pkl,2.0101490136636224,0.00840396858046943,-0.00609231967542794,0.008469501573364558
Random-diff,sweep2d_gemma_L2_randomdiffavg_001__randomdiffavg_018_fineweb_60deg_dirrandomdiffavg_fineweb.pkl,2.04449834806789,0.010555793905651558,-0.01896663996326964,0.009901703039939758
Random-diff,sweep2d_gemma_L2_randomdiffavg_001__randomdiffavg_019_fineweb_60deg_dirrandomdiffavg_fineweb.pkl,1.7748142200299775,0.004240875157692135,0.08452928475083386,0.006437759491202405
Random-diff,sweep2d_gemma_L2_randomdiffavg_001__randomdiffavg_020_fineweb_60deg_dirrandomdiffavg_fineweb.pkl,1.8493878287717243,0.0186574480802489,0.04971415832236401,0.018432290726315668
Random-diff,sweep2d_gemma_L2_randomdiffavg_001__randomdiffavg_021_fineweb_60deg_dirrandomdiffavg_fineweb.pkl,1.9768754421520096,0.006020407706196271,0.006413512671540111,0.0060788643275342955
Random-diff,sweep2d_gemma_L2_randomdiffavg_001__randomdiffavg_022_fineweb_60deg_dirrandomdiffavg_fineweb.pkl,1.8308497129273174,0.008730532404540607,0.060116833480385025,0.009090388504474974
Random-diff,sweep2d_gemma_L2_randomdiffavg_001__randomdiffavg_023_fineweb_60deg_dirrandomdiffavg_fineweb.pkl,1.9973371445800572,0.008646258522206107,-0.0010557241392213652,0.008771004460635237
Random-diff,sweep2d_gemma_L2_randomdiffavg_001__randomdiffavg_024_fineweb_60deg_dirrandomdiffavg_fineweb.pkl,2.0660759955522097,0.006658052271233677,-0.019543616816615053,0.007211849474664653
Random-diff,sweep2d_gemma_L2_randomdiffavg_001__randomdiffavg_025_fineweb_60deg_dirrandomdiffavg_fineweb.pkl,2.037260725952728,0.008608194336650232,-0.012666132851024907,0.008600550869348175
Random-diff,sweep2d_gemma_L2_randomdiffavg_001__randomdiffavg_026_fineweb_60deg_dirrandomdiffavg_fineweb.pkl,1.7990099120547183,0.003564624735421735,0.07491540034999698,0.003764883065077066
Random-diff,sweep2d_gemma_L2_randomdiffavg_001__randomdiffavg_027_fineweb_60deg_dirrandomdiffavg_fineweb.pkl,2.1288125662138895,0.006127256337840051,-0.0391572394584333,0.006210114833126966
Random-diff,sweep2d_gemma_L2_randomdiffavg_001__randomdiffavg_028_fineweb_60deg_dirrandomdiffavg_fineweb.pkl,1.830498223305606,0.0050762408950643274,0.06114547347629101,0.005410440836977007
Random-diff,sweep2d_gemma_L2_randomdiffavg_001__randomdiffavg_029_fineweb_60deg_dirrandomdiffavg_fineweb.pkl,1.8861744917748215,0.002135512784810402,0.03960592189894942,0.002292628313615506
Random-diff,sweep2d_gemma_L2_randomdiffavg_001__randomdiffavg_030_fineweb_60deg_dirrandomdiffavg_fineweb.pkl,2.268158341109849,0.006527060263117096,-0.07324757160347592,0.007151265872985214
Random-diff,sweep2d_gemma_L2_randomdiffavg_001__randomdiffavg_031_fineweb_60deg_dirrandomdiffavg_fineweb.pkl,2.392320396303096,0.016917846129915856,-0.10639486810774967,0.014002874697510211
Random-diff,sweep2d_gemma_L2_randomdiffavg_001__randomdiffavg_032_fineweb_60deg_dirrandomdiffavg_fineweb.pkl,1.9504645931767575,0.010567704396546607,0.011814199529256367,0.011037254641688756
Random-diff,sweep2d_gemma_L2_randomdiffavg_001__randomdiffavg_034_fineweb_60deg_dirrandomdiffavg_fineweb.pkl,2.066868565444894,0.0053745810015859135,-0.020438461476647143,0.005640856609056388
Random-diff,sweep2d_gemma_L2_randomdiffavg_001__randomdiffavg_035_fineweb_60deg_dirrandomdiffavg_fineweb.pkl,2.0161803227592445,0.007332936742285708,-0.004758304039235248,0.007489826652801249
Random-diff,sweep2d_gemma_L2_randomdiffavg_001__randomdiffavg_036_fineweb_60deg_dirrandomdiffavg_fineweb.pkl,2.1055653871397766,0.004886544521124679,-0.032647446715336814,0.004299680935902373
Random-diff,sweep2d_gemma_L2_randomdiffavg_001__randomdiffavg_038_fineweb_60deg_dirrandomdiffavg_fineweb.pkl,1.7368150784073944,0.0033430524671577673,0.10332547152179918,0.004847801026062062
Random-diff,sweep2d_gemma_L2_randomdiffavg_001__randomdiffavg_039_fineweb_60deg_dirrandomdiffavg_fineweb.pkl,2.281926097553793,0.004044188407602077,-0.07691069920837793,0.0019183174692526902
Random-diff,sweep2d_gemma_L2_randomdiffavg_002__randomdiffavg_003_fineweb_60deg_dirrandomdiffavg_fineweb.pkl,2.0505419506843365,0.009331811443293031,-0.015968783569686316,0.00961293985536367
Random-diff,sweep2d_gemma_L2_randomdiffavg_002__randomdiffavg_004_fineweb_60deg_dirrandomdiffavg_fineweb.pkl,1.918126050955121,0.017606924701010464,0.022537920087751736,0.017687435223194267
Random-diff,sweep2d_gemma_L2_randomdiffavg_002__randomdiffavg_005_fineweb_60deg_dirrandomdiffavg_fineweb.pkl,1.7586238231668754,0.004777393453071764,0.09370935035532815,0.0038032170135349425
Random-diff,sweep2d_gemma_L2_randomdiffavg_002__randomdiffavg_006_fineweb_60deg_dirrandomdiffavg_fineweb.pkl,2.0297229076875025,0.014134021934815407,-0.012245308453719808,0.014182946505076146
Random-diff,sweep2d_gemma_L2_randomdiffavg_002__randomdiffavg_007_fineweb_60deg_dirrandomdiffavg_fineweb.pkl,2.0020521764600385,0.005766316238858166,-0.001209073342066261,0.005789212621653685
Random-diff,sweep2d_gemma_L2_randomdiffavg_002__randomdiffavg_008_fineweb_60deg_dirrandomdiffavg_fineweb.pkl,2.0563854072704784,0.021358285208424005,-0.022549359485943186,0.02141961300729788
Random-diff,sweep2d_gemma_L2_randomdiffavg_002__randomdiffavg_009_fineweb_60deg_dirrandomdiffavg_fineweb.pkl,1.8375392404120097,0.011033342321325065,0.058099604965431755,0.010936977580797296
Random-diff,sweep2d_gemma_L2_randomdiffavg_002__randomdiffavg_010_fineweb_60deg_dirrandomdiffavg_fineweb.pkl,2.2755828383386283,0.009717862501775741,-0.07749590270682397,0.008622115922794013
Random-diff,sweep2d_gemma_L2_randomdiffavg_002__randomdiffavg_011_fineweb_60deg_dirrandomdiffavg_fineweb.pkl,1.9349639080591392,0.01444865062616113,0.018891135598036346,0.014650469240141815
Random-diff,sweep2d_gemma_L2_randomdiffavg_002__randomdiffavg_012_fineweb_60deg_dirrandomdiffavg_fineweb.pkl,1.8514399020095462,0.0075938850613993195,0.05302442575699494,0.007566801408292484
Random-diff,sweep2d_gemma_L2_randomdiffavg_002__randomdiffavg_013_fineweb_60deg_dirrandomdiffavg_fineweb.pkl,2.587235937980499,0.011315345244577772,-0.13684130339540876,0.010956052022593983
Random-diff,sweep2d_gemma_L2_randomdiffavg_002__randomdiffavg_014_fineweb_60deg_dirrandomdiffavg_fineweb.pkl,2.140581224837679,0.006234646895014187,-0.04113655536389096,0.006492849944627954
Random-diff,sweep2d_gemma_L2_randomdiffavg_002__randomdiffavg_015_fineweb_60deg_dirrandomdiffavg_fineweb.pkl,2.246598235511535,0.016800978210470215,-0.07404622678954098,0.016499153797762286
Random-diff,sweep2d_gemma_L2_randomdiffavg_002__randomdiffavg_016_fineweb_60deg_dirrandomdiffavg_fineweb.pkl,2.248878618593995,0.006721720019527579,-0.07106050297738607,0.0064804052813196246
Random-diff,sweep2d_gemma_L2_randomdiffavg_002__randomdiffavg_017_fineweb_60deg_dirrandomdiffavg_fineweb.pkl,2.153489168921762,0.004145194878495858,-0.04487290345564686,0.004417641064570533
Random-diff,sweep2d_gemma_L2_randomdiffavg_002__randomdiffavg_018_fineweb_60deg_dirrandomdiffavg_fineweb.pkl,2.346647833676219,0.011637428904210633,-0.0898231175207866,0.011805273652733346
Random-diff,sweep2d_gemma_L2_randomdiffavg_002__randomdiffavg_019_fineweb_60deg_dirrandomdiffavg_fineweb.pkl,2.0066222462503784,0.01571971005046447,-0.004074178356472157,0.015676491104812063
Random-diff,sweep2d_gemma_L2_randomdiffavg_002__randomdiffavg_020_fineweb_60deg_dirrandomdiffavg_fineweb.pkl,2.163938259729985,0.020745326485217788,-0.05723048805774182,0.020388627332997573
Random-diff,sweep2d_gemma_L2_randomdiffavg_002__randomdiffavg_021_fineweb_60deg_dirrandomdiffavg_fineweb.pkl,1.631682723873403,0.010150032492016908,0.15798134886629275,0.010409301393930686
Random-diff,sweep2d_gemma_L2_randomdiffavg_002__randomdiffavg_022_fineweb_60deg_dirrandomdiffavg_fineweb.pkl,1.8418399910652834,0.00640953096575619,0.05539876446053853,0.007605224413134434
Random-diff,sweep2d_gemma_L2_randomdiffavg_002__randomdiffavg_023_fineweb_60deg_dirrandomdiffavg_fineweb.pkl,2.312276011107729,0.0054500209703038215,-0.08251733900769438,0.0059250835245320465
Random-diff,sweep2d_gemma_L2_randomdiffavg_002__randomdiffavg_024_fineweb_60deg_dirrandomdiffavg_fineweb.pkl,2.379654274756322,0.008314344309122918,-0.09962202895219044,0.006335582168833248
Random-diff,sweep2d_gemma_L2_randomdiffavg_002__randomdiffavg_025_fineweb_60deg_dirrandomdiffavg_fineweb.pkl,1.8164844520895884,0.008486176501751144,0.06808045194183118,0.007450712174203463
Random-diff,sweep2d_gemma_L2_randomdiffavg_002__randomdiffavg_026_fineweb_60deg_dirrandomdiffavg_fineweb.pkl,2.3670823756983053,0.008215410254465495,-0.0950805531983778,0.008112167971211889
Random-diff,sweep2d_gemma_L2_randomdiffavg_002__randomdiffavg_027_fineweb_60deg_dirrandomdiffavg_fineweb.pkl,2.2460052841870497,0.009285836333776058,-0.06888928684028027,0.009043431918493623
Random-diff,sweep2d_gemma_L2_randomdiffavg_002__randomdiffavg_028_fineweb_60deg_dirrandomdiffavg_fineweb.pkl,2.1136795981678067,0.014340023196123113,-0.03634875829669885,0.015113828000107061
Random-diff,sweep2d_gemma_L2_randomdiffavg_002__randomdiffavg_029_fineweb_60deg_dirrandomdiffavg_fineweb.pkl,2.4324243797174847,0.005755298205915226,-0.10427917196394182,0.010752561232225424
Random-diff,sweep2d_gemma_L2_randomdiffavg_002__randomdiffavg_030_fineweb_60deg_dirrandomdiffavg_fineweb.pkl,2.210209052567443,0.016804906921284214,-0.06542210536311861,0.016533376158647303
Random-diff,sweep2d_gemma_L2_randomdiffavg_002__randomdiffavg_031_fineweb_60deg_dirrandomdiffavg_fineweb.pkl,1.809970605287288,0.014308084184638302,0.06642758126045464,0.01489600627572095
Random-diff,sweep2d_gemma_L2_randomdiffavg_002__randomdiffavg_033_fineweb_60deg_dirrandomdiffavg_fineweb.pkl,2.4893340202403214,0.017646116667077348,-0.1214068234599701,0.017166604043162947
Random-diff,sweep2d_gemma_L2_randomdiffavg_002__randomdiffavg_034_fineweb_60deg_dirrandomdiffavg_fineweb.pkl,1.882469547701858,0.007854312646627212,0.040096833649845044,0.007940974196587647
Random-diff,sweep2d_gemma_L2_randomdiffavg_002__randomdiffavg_035_fineweb_60deg_dirrandomdiffavg_fineweb.pkl,2.2852505143294777,0.022512164214144436,-0.08462765221989545,0.02254296721257326
Random-diff,sweep2d_gemma_L2_randomdiffavg_002__randomdiffavg_036_fineweb_60deg_dirrandomdiffavg_fineweb.pkl,2.0591582517416875,0.007721978374365189,-0.01826107758463913,0.007848768938829178
Random-diff,sweep2d_gemma_L2_randomdiffavg_002__randomdiffavg_037_fineweb_60deg_dirrandomdiffavg_fineweb.pkl,1.9021543769301221,0.01042227942298612,0.032342872002907364,0.010276898261255267
Random-diff,sweep2d_gemma_L2_randomdiffavg_002__randomdiffavg_038_fineweb_60deg_dirrandomdiffavg_fineweb.pkl,2.1181214314372596,0.008545280846093512,-0.03783607483363375,0.008727837035457136
Random-diff,sweep2d_gemma_L2_randomdiffavg_002__randomdiffavg_039_fineweb_60deg_dirrandomdiffavg_fineweb.pkl,1.8344296342024,0.005648102313873151,0.059057732683861795,0.006497895026988746
Random-diff,sweep2d_gemma_L2_randomdiffavg_003__randomdiffavg_004_fineweb_60deg_dirrandomdiffavg_fineweb.pkl,1.7922355020763583,0.025956333069448948,0.06468855043666773,0.027009670385356694
Random-diff,sweep2d_gemma_L2_randomdiffavg_003__randomdiffavg_006_fineweb_60deg_dirrandomdiffavg_fineweb.pkl,1.7476509326208776,0.011355845206257573,0.09661651950282243,0.010900377575757726
Random-diff,sweep2d_gemma_L2_randomdiffavg_003__randomdiffavg_007_fineweb_60deg_dirrandomdiffavg_fineweb.pkl,2.149493147890109,0.024380921332374673,-0.06469813047197398,0.02400889727698923
Random-diff,sweep2d_gemma_L2_randomdiffavg_003__randomdiffavg_008_fineweb_60deg_dirrandomdiffavg_fineweb.pkl,1.939241137176624,0.01875088288791899,0.013047897185505074,0.01890555004585552
Random-diff,sweep2d_gemma_L2_randomdiffavg_003__randomdiffavg_009_fineweb_60deg_dirrandomdiffavg_fineweb.pkl,2.684544775356142,0.014456165057846693,-0.14916198529445626,0.015697943398967608
Random-diff,sweep2d_gemma_L2_randomdiffavg_003__randomdiffavg_010_fineweb_60deg_dirrandomdiffavg_fineweb.pkl,1.7323596328038182,0.012282504867595537,0.10140679774092662,0.014290664029887643
Random-diff,sweep2d_gemma_L2_randomdiffavg_003__randomdiffavg_011_fineweb_60deg_dirrandomdiffavg_fineweb.pkl,1.7701987265600252,0.02691371964614556,0.08086106560689656,0.025907430996125302
Random-diff,sweep2d_gemma_L2_randomdiffavg_003__randomdiffavg_013_fineweb_60deg_dirrandomdiffavg_fineweb.pkl,2.2743444355989655,0.007806287632951129,-0.07304687080693062,0.010036213015841514
Random-diff,sweep2d_gemma_L2_randomdiffavg_003__randomdiffavg_014_fineweb_60deg_dirrandomdiffavg_fineweb.pkl,1.958971093152257,0.0101435944756577,0.010170589212594089,0.01053604927031368
Random-diff,sweep2d_gemma_L2_randomdiffavg_003__randomdiffavg_016_fineweb_60deg_dirrandomdiffavg_fineweb.pkl,2.0260613228634408,0.01759330305905033,-0.01609342640511414,0.01721287524387517
Random-diff,sweep2d_gemma_L2_randomdiffavg_003__randomdiffavg_017_fineweb_60deg_dirrandomdiffavg_fineweb.pkl,1.7943721234081735,0.01066247374095674,0.0740879996561615,0.011840861534656794
Random-diff,sweep2d_gemma_L2_randomdiffavg_003__randomdiffavg_018_fineweb_60deg_dirrandomdiffavg_fineweb.pkl,2.6054442247860297,0.024650002508746036,-0.15446243701109688,0.01936071284800629
Random-diff,sweep2d_gemma_L2_randomdiffavg_003__randomdiffavg_019_fineweb_60deg_dirrandomdiffavg_fineweb.pkl,1.6101472167356576,0.006204023359931824,0.17116031244883026,0.008493776418160556
Random-diff,sweep2d_gemma_L2_randomdiffavg_003__randomdiffavg_020_fineweb_60deg_dirrandomdiffavg_fineweb.pkl,2.6073188579478503,0.01659038022572483,-0.15058444455101136,0.012073773496582502
Random-diff,sweep2d_gemma_L2_randomdiffavg_003__randomdiffavg_021_fineweb_60deg_dirrandomdiffavg_fineweb.pkl,2.088597325920471,0.012890841238603285,-0.0319491162298497,0.012006007642735586
Random-diff,sweep2d_gemma_L2_randomdiffavg_003__randomdiffavg_023_fineweb_60deg_dirrandomdiffavg_fineweb.pkl,2.064165075450025,0.0098219516229088,-0.020782919015883965,0.009968290437378005
Random-diff,sweep2d_gemma_L2_randomdiffavg_003__randomdiffavg_024_fineweb_60deg_dirrandomdiffavg_fineweb.pkl,1.997419533478892,0.017724626418150324,-0.002459931956348776,0.01753749439361965
Random-diff,sweep2d_gemma_L2_randomdiffavg_003__randomdiffavg_025_fineweb_60deg_dirrandomdiffavg_fineweb.pkl,1.8401892668806146,0.01088821814110003,0.05459176629416227,0.011953462395760249
Random-diff,sweep2d_gemma_L2_randomdiffavg_003__randomdiffavg_026_fineweb_60deg_dirrandomdiffavg_fineweb.pkl,2.013907770268143,0.00654330145179574,-0.00522265061699278,0.006589078729070368
Random-diff,sweep2d_gemma_L2_randomdiffavg_003__randomdiffavg_027_fineweb_60deg_dirrandomdiffavg_fineweb.pkl,2.3440854995347125,0.04360133557581962,-0.14145006519981623,0.041236204446111265
Random-diff,sweep2d_gemma_L2_randomdiffavg_003__randomdiffavg_028_fineweb_60deg_dirrandomdiffavg_fineweb.pkl,1.7861770902018463,0.02369612652648941,0.07441656434325004,0.022600209904545154
Random-diff,sweep2d_gemma_L2_randomdiffavg_003__randomdiffavg_029_fineweb_60deg_dirrandomdiffavg_fineweb.pkl,1.8161761681489628,0.015485175439437676,0.06533182593747755,0.015750271249156372
Random-diff,sweep2d_gemma_L2_randomdiffavg_003__randomdiffavg_030_fineweb_60deg_dirrandomdiffavg_fineweb.pkl,1.8505954753700522,0.01636338510572437,0.0448919378903933,0.017730996808938467
Random-diff,sweep2d_gemma_L2_randomdiffavg_003__randomdiffavg_031_fineweb_60deg_dirrandomdiffavg_fineweb.pkl,2.1557483317351083,0.01595702240217249,-0.05340254110016212,0.015632148658874776
Random-diff,sweep2d_gemma_L2_randomdiffavg_003__randomdiffavg_032_fineweb_60deg_dirrandomdiffavg_fineweb.pkl,1.908618744496224,0.011913692175586089,0.028713430492292472,0.011889844944475477
Random-diff,sweep2d_gemma_L2_randomdiffavg_003__randomdiffavg_033_fineweb_60deg_dirrandomdiffavg_fineweb.pkl,2.31834729475851,0.0153254930013789,-0.09476033226030565,0.013342599576310699
Random-diff,sweep2d_gemma_L2_randomdiffavg_003__randomdiffavg_034_fineweb_60deg_dirrandomdiffavg_fineweb.pkl,2.1129714184026627,0.009366360883427044,-0.033198932812090326,0.009912406434979294
Random-diff,sweep2d_gemma_L2_randomdiffavg_003__randomdiffavg_035_fineweb_60deg_dirrandomdiffavg_fineweb.pkl,1.8770677958450395,0.004446620169620288,0.04196679117343471,0.005348906718749468
Random-diff,sweep2d_gemma_L2_randomdiffavg_003__randomdiffavg_036_fineweb_60deg_dirrandomdiffavg_fineweb.pkl,1.9238246671594983,0.0110801349234772,0.020849845665624905,0.01142180084000845
Random-diff,sweep2d_gemma_L2_randomdiffavg_003__randomdiffavg_037_fineweb_60deg_dirrandomdiffavg_fineweb.pkl,1.999707659850936,0.012970993509237541,-0.0035819709914418764,0.012923415089159937
Random-diff,sweep2d_gemma_L2_randomdiffavg_003__randomdiffavg_038_fineweb_60deg_dirrandomdiffavg_fineweb.pkl,1.7451033302614005,0.007568460898030006,0.09637377994778698,0.009771919608346865
Random-diff,sweep2d_gemma_L2_randomdiffavg_003__randomdiffavg_039_fineweb_60deg_dirrandomdiffavg_fineweb.pkl,1.7712584695109812,0.0214105963273922,0.0795643293813895,0.022111996368491437
Random-diff,sweep2d_gemma_L2_randomdiffavg_004__randomdiffavg_005_fineweb_60deg_dirrandomdiffavg_fineweb.pkl,2.158780850639622,0.008497080907484448,-0.049563751938346,0.007468124568418332
Random-diff,sweep2d_gemma_L2_randomdiffavg_004__randomdiffavg_006_fineweb_60deg_dirrandomdiffavg_fineweb.pkl,1.7250694278292678,0.016473065533077005,0.10698416332796004,0.01622824611263016
Random-diff,sweep2d_gemma_L2_randomdiffavg_004__randomdiffavg_007_fineweb_60deg_dirrandomdiffavg_fineweb.pkl,2.092617986416612,0.013517959672205815,-0.030073017613448893,0.01349790106531974
Random-diff,sweep2d_gemma_L2_randomdiffavg_004__randomdiffavg_008_fineweb_60deg_dirrandomdiffavg_fineweb.pkl,1.9800422666895447,0.0090501466472388,0.003717290508903897,0.00890806017750696
Random-diff,sweep2d_gemma_L2_randomdiffavg_004__randomdiffavg_009_fineweb_60deg_dirrandomdiffavg_fineweb.pkl,2.045833463901479,0.00391096472534511,-0.013646737523003135,0.004283165141524224
Random-diff,sweep2d_gemma_L2_randomdiffavg_004__randomdiffavg_010_fineweb_60deg_dirrandomdiffavg_fineweb.pkl,1.9989226170029137,0.00984894481860173,-8.406262089599766e-05,0.009853658318743448
Random-diff,sweep2d_gemma_L2_randomdiffavg_004__randomdiffavg_011_fineweb_60deg_dirrandomdiffavg_fineweb.pkl,1.9438622956436846,0.014450739061251086,0.01724254204138054,0.014124261522113697
Random-diff,sweep2d_gemma_L2_randomdiffavg_004__randomdiffavg_012_fineweb_60deg_dirrandomdiffavg_fineweb.pkl,1.5617219933997752,0.007976930894751646,0.20376863985407068,0.004634521651140697
Random-diff,sweep2d_gemma_L2_randomdiffavg_004__randomdiffavg_013_fineweb_60deg_dirrandomdiffavg_fineweb.pkl,2.195251388354132,0.007293406551663839,-0.0565941444460986,0.007430258826172873
Random-diff,sweep2d_gemma_L2_randomdiffavg_004__randomdiffavg_014_fineweb_60deg_dirrandomdiffavg_fineweb.pkl,1.9511732905877266,0.005858585898318103,0.01576159393289043,0.005794451048996304
Random-diff,sweep2d_gemma_L2_randomdiffavg_004__randomdiffavg_015_fineweb_60deg_dirrandomdiffavg_fineweb.pkl,1.7095741255595338,0.011293075399235736,0.1176345787866531,0.009571746019973432
Random-diff,sweep2d_gemma_L2_randomdiffavg_004__randomdiffavg_016_fineweb_60deg_dirrandomdiffavg_fineweb.pkl,1.787917012018918,0.010865976638208827,0.07903778279580395,0.01053572120918655
Random-diff,sweep2d_gemma_L2_randomdiffavg_004__randomdiffavg_017_fineweb_60deg_dirrandomdiffavg_fineweb.pkl,1.8085255821729693,0.016522054538019526,0.06654626658469777,0.017004208802577147
Random-diff,sweep2d_gemma_L2_randomdiffavg_004__randomdiffavg_018_fineweb_60deg_dirrandomdiffavg_fineweb.pkl,2.1764660074517352,0.020526671832389057,-0.057655610928234687,0.020317572673890463
Random-diff,sweep2d_gemma_L2_randomdiffavg_004__randomdiffavg_019_fineweb_60deg_dirrandomdiffavg_fineweb.pkl,2.189919745546403,0.01855075630276412,-0.05953180200034179,0.018324565063248435
Random-diff,sweep2d_gemma_L2_randomdiffavg_004__randomdiffavg_020_fineweb_60deg_dirrandomdiffavg_fineweb.pkl,2.363502982322334,0.007802700576592005,-0.09592735634489269,0.005193700195512449
Random-diff,sweep2d_gemma_L2_randomdiffavg_004__randomdiffavg_021_fineweb_60deg_dirrandomdiffavg_fineweb.pkl,2.396718149752376,0.015532641484993507,-0.10785033718258509,0.014133107720744002
Random-diff,sweep2d_gemma_L2_randomdiffavg_004__randomdiffavg_022_fineweb_60deg_dirrandomdiffavg_fineweb.pkl,2.2214108513788284,0.01381149175854774,-0.06877952390009504,0.012851562916034268
Random-diff,sweep2d_gemma_L2_randomdiffavg_004__randomdiffavg_023_fineweb_60deg_dirrandomdiffavg_fineweb.pkl,2.0517255732945263,0.02258303882452477,-0.023930700830155752,0.02276942367741551
Random-diff,sweep2d_gemma_L2_randomdiffavg_004__randomdiffavg_024_fineweb_60deg_dirrandomdiffavg_fineweb.pkl,1.93027285215311,0.015899684140202635,0.020260205525061817,0.01574401591874988
Random-diff,sweep2d_gemma_L2_randomdiffavg_004__randomdiffavg_025_fineweb_60deg_dirrandomdiffavg_fineweb.pkl,1.771984357191443,0.006251826156341164,0.08725694540738764,0.005638408174908703
Random-diff,sweep2d_gemma_L2_randomdiffavg_004__randomdiffavg_026_fineweb_60deg_dirrandomdiffavg_fineweb.pkl,2.134189781802931,0.006538336922474839,-0.03958014272170048,0.006889712248462743
Random-diff,sweep2d_gemma_L2_randomdiffavg_004__randomdiffavg_027_fineweb_60deg_dirrandomdiffavg_fineweb.pkl,2.291936645736657,0.01797067913337455,-0.08444639569442532,0.017488679002501707
Random-diff,sweep2d_gemma_L2_randomdiffavg_004__randomdiffavg_028_fineweb_60deg_dirrandomdiffavg_fineweb.pkl,1.813017809924845,0.01444406665262711,0.06770540277785558,0.013866020908227411
Random-diff,sweep2d_gemma_L2_randomdiffavg_004__randomdiffavg_029_fineweb_60deg_dirrandomdiffavg_fineweb.pkl,1.771402577433747,0.006107325911257622,0.08761600953456306,0.005335628874966641
Random-diff,sweep2d_gemma_L2_randomdiffavg_004__randomdiffavg_030_fineweb_60deg_dirrandomdiffavg_fineweb.pkl,1.83907957179146,0.01030481814756466,0.058364428357318934,0.009483120604190126
Random-diff,sweep2d_gemma_L2_randomdiffavg_004__randomdiffavg_031_fineweb_60deg_dirrandomdiffavg_fineweb.pkl,1.8042282664417864,0.003345237021016878,0.0734480398237235,0.0023155630864765075
Random-diff,sweep2d_gemma_L2_randomdiffavg_004__randomdiffavg_032_fineweb_60deg_dirrandomdiffavg_fineweb.pkl,1.7165242671540524,0.018099714681333236,0.10854432200766172,0.018052263587347035
Random-diff,sweep2d_gemma_L2_randomdiffavg_004__randomdiffavg_033_fineweb_60deg_dirrandomdiffavg_fineweb.pkl,2.0190749604058698,0.009260380783655622,-0.005517490781370573,0.009418304411539808
Random-diff,sweep2d_gemma_L2_randomdiffavg_004__randomdiffavg_034_fineweb_60deg_dirrandomdiffavg_fineweb.pkl,1.969130792772619,0.0050778788434465445,0.009644244282183807,0.005180010507948567
Random-diff,sweep2d_gemma_L2_randomdiffavg_004__randomdiffavg_035_fineweb_60deg_dirrandomdiffavg_fineweb.pkl,1.8096537052688544,0.007066325564498552,0.0703250602361091,0.006922858836633778
Random-diff,sweep2d_gemma_L2_randomdiffavg_004__randomdiffavg_036_fineweb_60deg_dirrandomdiffavg_fineweb.pkl,1.858864713123424,0.011639074673354954,0.0487175876461682,0.011240663594598214
Random-diff,sweep2d_gemma_L2_randomdiffavg_004__randomdiffavg_037_fineweb_60deg_dirrandomdiffavg_fineweb.pkl,2.2535802027169116,0.017877593431437654,-0.0743591299752324,0.01777969756824135
Random-diff,sweep2d_gemma_L2_randomdiffavg_004__randomdiffavg_038_fineweb_60deg_dirrandomdiffavg_fineweb.pkl,1.7929136635759357,0.004668108744881615,0.07850355073056016,0.003094474991440209
Random-diff,sweep2d_gemma_L2_randomdiffavg_004__randomdiffavg_039_fineweb_60deg_dirrandomdiffavg_fineweb.pkl,1.7292720569472413,0.002174939405058658,0.10778116519669176,0.001402155079516518
Random-diff,sweep2d_gemma_L2_randomdiffavg_005__randomdiffavg_006_fineweb_60deg_dirrandomdiffavg_fineweb.pkl,2.4002143043462714,0.009556808769016458,-0.09973142481927631,0.011887598325709911
Random-diff,sweep2d_gemma_L2_randomdiffavg_005__randomdiffavg_007_fineweb_60deg_dirrandomdiffavg_fineweb.pkl,1.868974021015693,0.00578139762230849,0.046151836193640224,0.0054418195797215334
Random-diff,sweep2d_gemma_L2_randomdiffavg_005__randomdiffavg_008_fineweb_60deg_dirrandomdiffavg_fineweb.pkl,1.7175077551443538,0.005556820824452146,0.11180231319643744,0.007958173043731248
Random-diff,sweep2d_gemma_L2_randomdiffavg_005__randomdiffavg_009_fineweb_60deg_dirrandomdiffavg_fineweb.pkl,1.7473379881774163,0.011271546062147465,0.096681578236087,0.011741220440570122
Random-diff,sweep2d_gemma_L2_randomdiffavg_005__randomdiffavg_010_fineweb_60deg_dirrandomdiffavg_fineweb.pkl,2.013144918761154,0.004085071783890647,-0.005188426250464817,0.003946880668064875
Random-diff,sweep2d_gemma_L2_randomdiffavg_005__randomdiffavg_011_fineweb_60deg_dirrandomdiffavg_fineweb.pkl,2.4336955226443577,0.011947819243860389,-0.10592281451921244,0.013839598573826275
Random-diff,sweep2d_gemma_L2_randomdiffavg_005__randomdiffavg_014_fineweb_60deg_dirrandomdiffavg_fineweb.pkl,1.8350373002944742,0.005739250727229121,0.06073804942592654,0.004486499136974919
Random-diff,sweep2d_gemma_L2_randomdiffavg_005__randomdiffavg_015_fineweb_60deg_dirrandomdiffavg_fineweb.pkl,2.387030829759113,0.006404996323191235,-0.09974457832303957,0.005575215404126331
Random-diff,sweep2d_gemma_L2_randomdiffavg_005__randomdiffavg_016_fineweb_60deg_dirrandomdiffavg_fineweb.pkl,2.1787045558733613,0.00798204587125772,-0.05300324077400697,0.007674905669800698
Random-diff,sweep2d_gemma_L2_randomdiffavg_005__randomdiffavg_017_fineweb_60deg_dirrandomdiffavg_fineweb.pkl,2.1681449767421195,0.012302357782562562,-0.05346236104449756,0.012289944954342293
Random-diff,sweep2d_gemma_L2_randomdiffavg_005__randomdiffavg_018_fineweb_60deg_dirrandomdiffavg_fineweb.pkl,1.7619114249831196,0.010882737143007156,0.08974023799449993,0.01120776620006039
Random-diff,sweep2d_gemma_L2_randomdiffavg_005__randomdiffavg_020_fineweb_60deg_dirrandomdiffavg_fineweb.pkl,1.891013789752876,0.0076952717506076455,0.037124272000633896,0.007612538109734361
Random-diff,sweep2d_gemma_L2_randomdiffavg_005__randomdiffavg_021_fineweb_60deg_dirrandomdiffavg_fineweb.pkl,1.72463628815465,0.006745714838587791,0.1101094344550818,0.006062691653989181
Random-diff,sweep2d_gemma_L2_randomdiffavg_005__randomdiffavg_023_fineweb_60deg_dirrandomdiffavg_fineweb.pkl,1.7280041841843679,0.006430271494538667,0.10877043487648513,0.0045501238069830955
Random-diff,sweep2d_gemma_L2_randomdiffavg_005__randomdiffavg_024_fineweb_60deg_dirrandomdiffavg_fineweb.pkl,1.9571338850218947,0.005738020283911193,0.012727109230683256,0.006079584787844673
Random-diff,sweep2d_gemma_L2_randomdiffavg_005__randomdiffavg_026_fineweb_60deg_dirrandomdiffavg_fineweb.pkl,1.7614024324994395,0.005859770243900582,0.09263604571291915,0.004361163293454808
Random-diff,sweep2d_gemma_L2_randomdiffavg_005__randomdiffavg_027_fineweb_60deg_dirrandomdiffavg_fineweb.pkl,1.5676170162468626,0.006954262450480851,0.1985921241569578,0.007823856054462218
Random-diff,sweep2d_gemma_L2_randomdiffavg_005__randomdiffavg_028_fineweb_60deg_dirrandomdiffavg_fineweb.pkl,1.8272589316615269,0.005605532205614194,0.06332351947666395,0.005185224359802154
Random-diff,sweep2d_gemma_L2_randomdiffavg_005__randomdiffavg_029_fineweb_60deg_dirrandomdiffavg_fineweb.pkl,1.994511514837777,0.005041489620339059,5.249758211141351e-05,0.005041380304843954
Random-diff,sweep2d_gemma_L2_randomdiffavg_005__randomdiffavg_030_fineweb_60deg_dirrandomdiffavg_fineweb.pkl,2.263604182597845,0.0115188904327842,-0.07571067263595337,0.00947421158788009
Random-diff,sweep2d_gemma_L2_randomdiffavg_005__randomdiffavg_032_fineweb_60deg_dirrandomdiffavg_fineweb.pkl,1.8370889131698613,0.0057177745195334225,0.05983385418092573,0.004720034832224518
Random-diff,sweep2d_gemma_L2_randomdiffavg_005__randomdiffavg_033_fineweb_60deg_dirrandomdiffavg_fineweb.pkl,1.9241770487595664,0.0060662791438204616,0.0245183466357489,0.006003487075423901
Random-diff,sweep2d_gemma_L2_randomdiffavg_005__randomdiffavg_034_fineweb_60deg_dirrandomdiffavg_fineweb.pkl,2.5233854389325443,0.015624779431028833,-0.13173336431117671,0.01247251383968158
Random-diff,sweep2d_gemma_L2_randomdiffavg_005__randomdiffavg_035_fineweb_60deg_dirrandomdiffavg_fineweb.pkl,1.9136534733127295,0.022271836862372062,0.020338520045791238,0.023123519249179825
Random-diff,sweep2d_gemma_L2_randomdiffavg_005__randomdiffavg_036_fineweb_60deg_dirrandomdiffavg_fineweb.pkl,2.0236740088858394,0.007044106062897892,-0.008105400916942984,0.007038394800918001
Random-diff,sweep2d_gemma_L2_randomdiffavg_005__randomdiffavg_038_fineweb_60deg_dirrandomdiffavg_fineweb.pkl,2.0757080140362922,0.0030885361152661914,-0.022995146496910437,0.0035877414992343975
Random-diff,sweep2d_gemma_L2_randomdiffavg_005__randomdiffavg_039_fineweb_60deg_dirrandomdiffavg_fineweb.pkl,1.7449262411168889,0.004191908263775165,0.10055093617349359,0.0016920774252630435
Random-diff,sweep2d_gemma_L2_randomdiffavg_006__randomdiffavg_007_fineweb_60deg_dirrandomdiffavg_fineweb.pkl,2.145822652302396,0.004255402722272822,-0.04299266407237444,0.00379414471663063
Random-diff,sweep2d_gemma_L2_randomdiffavg_006__randomdiffavg_008_fineweb_60deg_dirrandomdiffavg_fineweb.pkl,2.2439681983049353,0.016825175077593,-0.07248273630610212,0.016779418733553878
Random-diff,sweep2d_gemma_L2_randomdiffavg_006__randomdiffavg_009_fineweb_60deg_dirrandomdiffavg_fineweb.pkl,1.8887595904737136,0.007573286436847751,0.03799266241779983,0.007656475507891711
Random-diff,sweep2d_gemma_L2_randomdiffavg_006__randomdiffavg_010_fineweb_60deg_dirrandomdiffavg_fineweb.pkl,1.8759450795460502,0.01508114465050083,0.04032972106744861,0.015080530001315215
Random-diff,sweep2d_gemma_L2_randomdiffavg_006__randomdiffavg_011_fineweb_60deg_dirrandomdiffavg_fineweb.pkl,1.8388607557285594,0.00869143399070189,0.05883387840686787,0.00815540467395611
Random-diff,sweep2d_gemma_L2_randomdiffavg_006__randomdiffavg_012_fineweb_60deg_dirrandomdiffavg_fineweb.pkl,1.6807349679933474,0.012133223251762073,0.1304451834203872,0.012181806108272759
Random-diff,sweep2d_gemma_L2_randomdiffavg_006__randomdiffavg_013_fineweb_60deg_dirrandomdiffavg_fineweb.pkl,3.1356895803289575,0.02314668545753449,-0.2208240343549375,0.022500060439956067
Random-diff,sweep2d_gemma_L2_randomdiffavg_006__randomdiffavg_014_fineweb_60deg_dirrandomdiffavg_fineweb.pkl,2.214352991076307,0.006235697608766894,-0.05919287928293382,0.007710302178119785
Random-diff,sweep2d_gemma_L2_randomdiffavg_006__randomdiffavg_015_fineweb_60deg_dirrandomdiffavg_fineweb.pkl,1.839833644145273,0.02113518750236326,0.05268787115994362,0.020963168158946895
Random-diff,sweep2d_gemma_L2_randomdiffavg_006__randomdiffavg_016_fineweb_60deg_dirrandomdiffavg_fineweb.pkl,1.8174794635878364,0.008763327093534706,0.06643947263837886,0.008556725767240002
Random-diff,sweep2d_gemma_L2_randomdiffavg_006__randomdiffavg_017_fineweb_60deg_dirrandomdiffavg_fineweb.pkl,1.779271075174873,0.006242589252359601,0.08422311028701897,0.005552404141154979
Random-diff,sweep2d_gemma_L2_randomdiffavg_006__randomdiffavg_018_fineweb_60deg_dirrandomdiffavg_fineweb.pkl,2.7237628697644753,0.00878102892538042,-0.1545508384666732,0.009367698147669625
Random-diff,sweep2d_gemma_L2_randomdiffavg_006__randomdiffavg_019_fineweb_60deg_dirrandomdiffavg_fineweb.pkl,2.174186162260546,0.008398107753954368,-0.05170441901305179,0.008336515372674333
Random-diff,sweep2d_gemma_L2_randomdiffavg_006__randomdiffavg_020_fineweb_60deg_dirrandomdiffavg_fineweb.pkl,2.23231808196104,0.012307055609376658,-0.06712392886387974,0.01153271399266877
Random-diff,sweep2d_gemma_L2_randomdiffavg_006__randomdiffavg_021_fineweb_60deg_dirrandomdiffavg_fineweb.pkl,2.1303005937371977,0.006544533326495364,-0.040608482718856774,0.005438390962618986
Random-diff,sweep2d_gemma_L2_randomdiffavg_006__randomdiffavg_022_fineweb_60deg_dirrandomdiffavg_fineweb.pkl,2.162610822940044,0.004511861295796772,-0.04726294720412942,0.004529234135313116
Random-diff,sweep2d_gemma_L2_randomdiffavg_006__randomdiffavg_023_fineweb_60deg_dirrandomdiffavg_fineweb.pkl,2.305823577953825,0.005406466487643091,-0.08020682742353658,0.006510210861497404
Random-diff,sweep2d_gemma_L2_randomdiffavg_006__randomdiffavg_024_fineweb_60deg_dirrandomdiffavg_fineweb.pkl,1.8203193480107567,0.01051199897666789,0.0666091047097678,0.008783535067549069
Random-diff,sweep2d_gemma_L2_randomdiffavg_006__randomdiffavg_025_fineweb_60deg_dirrandomdiffavg_fineweb.pkl,1.9946077909507367,0.006699568830025959,0.0016524793092523755,0.0066749393548591555
Random-diff,sweep2d_gemma_L2_randomdiffavg_006__randomdiffavg_026_fineweb_60deg_dirrandomdiffavg_fineweb.pkl,2.262083069096761,0.012253225499443266,-0.0753794511499746,0.012027447156321891
Random-diff,sweep2d_gemma_L2_randomdiffavg_006__randomdiffavg_027_fineweb_60deg_dirrandomdiffavg_fineweb.pkl,2.665808962972831,0.011543238040533645,-0.14966346255440044,0.008219603559067522
Random-diff,sweep2d_gemma_L2_randomdiffavg_006__randomdiffavg_028_fineweb_60deg_dirrandomdiffavg_fineweb.pkl,2.0181232927705754,0.01615642590504281,-0.00885509451952633,0.01625416717542778
Random-diff,sweep2d_gemma_L2_randomdiffavg_006__randomdiffavg_029_fineweb_60deg_dirrandomdiffavg_fineweb.pkl,2.211070455999068,0.009003828935038566,-0.06212801886257727,0.008153581847940383
Random-diff,sweep2d_gemma_L2_randomdiffavg_006__randomdiffavg_030_fineweb_60deg_dirrandomdiffavg_fineweb.pkl,1.8974336210166285,0.00445110962586479,0.0354829925716979,0.004293073128736729
Random-diff,sweep2d_gemma_L2_randomdiffavg_006__randomdiffavg_031_fineweb_60deg_dirrandomdiffavg_fineweb.pkl,1.8733408460191099,0.019607432185760727,0.043783791037722695,0.01829072908190634
Random-diff,sweep2d_gemma_L2_randomdiffavg_006__randomdiffavg_032_fineweb_60deg_dirrandomdiffavg_fineweb.pkl,1.876026542869142,0.008143422085428384,0.042511169032787184,0.008198695584695792
Random-diff,sweep2d_gemma_L2_randomdiffavg_006__randomdiffavg_033_fineweb_60deg_dirrandomdiffavg_fineweb.pkl,2.029652733263699,0.017610146825821047,-0.014964255208636602,0.017566723850581747
Random-diff,sweep2d_gemma_L2_randomdiffavg_006__randomdiffavg_034_fineweb_60deg_dirrandomdiffavg_fineweb.pkl,2.149173492686214,0.011313595591393376,-0.04325454602542717,0.011725874053352785
Random-diff,sweep2d_gemma_L2_randomdiffavg_006__randomdiffavg_035_fineweb_60deg_dirrandomdiffavg_fineweb.pkl,2.2944604538007773,0.011462622367742877,-0.0839991547915028,0.009125079723913505
Random-diff,sweep2d_gemma_L2_randomdiffavg_006__randomdiffavg_036_fineweb_60deg_dirrandomdiffavg_fineweb.pkl,2.082385078624051,0.004666600936450167,-0.025831399498997897,0.004378552240995535
Random-diff,sweep2d_gemma_L2_randomdiffavg_006__randomdiffavg_037_fineweb_60deg_dirrandomdiffavg_fineweb.pkl,2.1785783587943848,0.007021563591824444,-0.05219757098311396,0.00693258787762879
Random-diff,sweep2d_gemma_L2_randomdiffavg_006__randomdiffavg_038_fineweb_60deg_dirrandomdiffavg_fineweb.pkl,1.905117257512064,0.006641122811059132,0.03090948405637029,0.007396888582116983
Random-diff,sweep2d_gemma_L2_randomdiffavg_006__randomdiffavg_039_fineweb_60deg_dirrandomdiffavg_fineweb.pkl,1.7800033380871711,0.005961982372254022,0.08460910579617355,0.0038315054613352237
Random-diff,sweep2d_gemma_L2_randomdiffavg_007__randomdiffavg_008_fineweb_60deg_dirrandomdiffavg_fineweb.pkl,2.0667504984661638,0.007745534697450957,-0.02081041524471223,0.007872196992155949
Random-diff,sweep2d_gemma_L2_randomdiffavg_007__randomdiffavg_009_fineweb_60deg_dirrandomdiffavg_fineweb.pkl,1.77346498894075,0.009077451900686798,0.08628540563902433,0.008649582742837976
Random-diff,sweep2d_gemma_L2_randomdiffavg_007__randomdiffavg_010_fineweb_60deg_dirrandomdiffavg_fineweb.pkl,2.0069955039916687,0.0157218121474496,-0.009733255916735345,0.015515557451022257
Random-diff,sweep2d_gemma_L2_randomdiffavg_007__randomdiffavg_011_fineweb_60deg_dirrandomdiffavg_fineweb.pkl,2.0391819361288044,0.010294908864894108,-0.012535202617744072,0.010527405541167007
Random-diff,sweep2d_gemma_L2_randomdiffavg_007__randomdiffavg_012_fineweb_60deg_dirrandomdiffavg_fineweb.pkl,1.8605075514594323,0.003207961273926575,0.05007789827611184,0.002606007919446492
Random-diff,sweep2d_gemma_L2_randomdiffavg_007__randomdiffavg_013_fineweb_60deg_dirrandomdiffavg_fineweb.pkl,2.372605911525664,0.015465513573816252,-0.09922030936735528,0.015167469818563921
Random-diff,sweep2d_gemma_L2_randomdiffavg_007__randomdiffavg_014_fineweb_60deg_dirrandomdiffavg_fineweb.pkl,2.241392404744253,0.011276089228687529,-0.0709199144389585,0.008565213569074576
Random-diff,sweep2d_gemma_L2_randomdiffavg_007__randomdiffavg_015_fineweb_60deg_dirrandomdiffavg_fineweb.pkl,2.0333512314431625,0.01751521112228926,-0.013756513701183897,0.01746053337659898
Random-diff,sweep2d_gemma_L2_randomdiffavg_007__randomdiffavg_016_fineweb_60deg_dirrandomdiffavg_fineweb.pkl,1.8780351206995098,0.010994669774878408,0.041690713532984695,0.011034070806676836
Random-diff,sweep2d_gemma_L2_randomdiffavg_007__randomdiffavg_017_fineweb_60deg_dirrandomdiffavg_fineweb.pkl,2.0982028337671497,0.006561064803151614,-0.03187860960782589,0.0059018930074149715
Random-diff,sweep2d_gemma_L2_randomdiffavg_007__randomdiffavg_018_fineweb_60deg_dirrandomdiffavg_fineweb.pkl,2.4494084250775185,0.006573163516740897,-0.1119151295690984,0.005546557780393635
Random-diff,sweep2d_gemma_L2_randomdiffavg_007__randomdiffavg_019_fineweb_60deg_dirrandomdiffavg_fineweb.pkl,2.443119717789202,0.0032332315123701017,-0.10868005727220134,0.0030668379316834654
Random-diff,sweep2d_gemma_L2_randomdiffavg_007__randomdiffavg_020_fineweb_60deg_dirrandomdiffavg_fineweb.pkl,2.342932427433756,0.005704507588869954,-0.08949026496112626,0.006535857112093139
Random-diff,sweep2d_gemma_L2_randomdiffavg_007__randomdiffavg_021_fineweb_60deg_dirrandomdiffavg_fineweb.pkl,2.123343289626419,0.007364819661935357,-0.03628383100951522,0.007770380875896178
Random-diff,sweep2d_gemma_L2_randomdiffavg_007__randomdiffavg_022_fineweb_60deg_dirrandomdiffavg_fineweb.pkl,2.3979194297528403,0.00799449645576197,-0.10061511941993433,0.007116276748593703
Random-diff,sweep2d_gemma_L2_randomdiffavg_007__randomdiffavg_023_fineweb_60deg_dirrandomdiffavg_fineweb.pkl,2.193011590626825,0.0039032255774365926,-0.05469992338496917,0.004300415921784241
Random-diff,sweep2d_gemma_L2_randomdiffavg_007__randomdiffavg_024_fineweb_60deg_dirrandomdiffavg_fineweb.pkl,2.274693349566064,0.008011508444845218,-0.07631185328492551,0.006564176179173062
Random-diff,sweep2d_gemma_L2_randomdiffavg_007__randomdiffavg_025_fineweb_60deg_dirrandomdiffavg_fineweb.pkl,2.1003970486475665,0.003783175813211172,-0.030443087682244796,0.0037328612666246985
Random-diff,sweep2d_gemma_L2_randomdiffavg_007__randomdiffavg_026_fineweb_60deg_dirrandomdiffavg_fineweb.pkl,2.0206998839917985,0.01783763318370653,-0.012051412987316039,0.017996017668679812
Random-diff,sweep2d_gemma_L2_randomdiffavg_007__randomdiffavg_027_fineweb_60deg_dirrandomdiffavg_fineweb.pkl,2.165718128366669,0.01173036347210719,-0.050162873870678255,0.011630032972664656
Random-diff,sweep2d_gemma_L2_randomdiffavg_007__randomdiffavg_028_fineweb_60deg_dirrandomdiffavg_fineweb.pkl,2.1599456274490567,0.005386223892942904,-0.047368566692671275,0.00535283005070405
Random-diff,sweep2d_gemma_L2_randomdiffavg_007__randomdiffavg_029_fineweb_60deg_dirrandomdiffavg_fineweb.pkl,2.3320817631765935,0.0035503204039523117,-0.08684074180168089,0.0035398027427930435
Random-diff,sweep2d_gemma_L2_randomdiffavg_007__randomdiffavg_030_fineweb_60deg_dirrandomdiffavg_fineweb.pkl,1.8598916197133464,0.006482510847484679,0.04931298005926094,0.00660859154435769
Random-diff,sweep2d_gemma_L2_randomdiffavg_007__randomdiffavg_031_fineweb_60deg_dirrandomdiffavg_fineweb.pkl,1.8289720745426612,0.008085681743773034,0.06252208744737295,0.007701132625869102
Random-diff,sweep2d_gemma_L2_randomdiffavg_007__randomdiffavg_032_fineweb_60deg_dirrandomdiffavg_fineweb.pkl,1.7743050223543007,0.006247319887840661,0.0864385787236738,0.0048468781806689605
Random-diff,sweep2d_gemma_L2_randomdiffavg_007__randomdiffavg_033_fineweb_60deg_dirrandomdiffavg_fineweb.pkl,2.1980382801981007,0.006200765714565184,-0.058580755440940414,0.004277469245272865
Random-diff,sweep2d_gemma_L2_randomdiffavg_007__randomdiffavg_034_fineweb_60deg_dirrandomdiffavg_fineweb.pkl,2.255887253041935,0.00695835935233848,-0.06965542709419326,0.006931331541739544
Random-diff,sweep2d_gemma_L2_randomdiffavg_007__randomdiffavg_035_fineweb_60deg_dirrandomdiffavg_fineweb.pkl,2.4154392710769987,0.010646177726616069,-0.10671101249065885,0.008182909542758523
Random-diff,sweep2d_gemma_L2_randomdiffavg_007__randomdiffavg_036_fineweb_60deg_dirrandomdiffavg_fineweb.pkl,2.239449299472863,0.012626021672714458,-0.07063332048619311,0.01234308803421167
Random-diff,sweep2d_gemma_L2_randomdiffavg_007__randomdiffavg_037_fineweb_60deg_dirrandomdiffavg_fineweb.pkl,2.3544816887604636,0.004295716706955972,-0.09205019044899958,0.0037020425463925697
Random-diff,sweep2d_gemma_L2_randomdiffavg_007__randomdiffavg_038_fineweb_60deg_dirrandomdiffavg_fineweb.pkl,2.200415908552753,0.011704770047239757,-0.06059102661674804,0.011333231067459655
Random-diff,sweep2d_gemma_L2_randomdiffavg_007__randomdiffavg_039_fineweb_60deg_dirrandomdiffavg_fineweb.pkl,1.8798551758488746,0.004417549305910921,0.04260368104640174,0.0041583053127810885
Random-diff,sweep2d_gemma_L2_randomdiffavg_008__randomdiffavg_009_fineweb_60deg_dirrandomdiffavg_fineweb.pkl,2.0423262023817905,0.006621931355028939,-0.012166874157944825,0.00711037905951594
Random-diff,sweep2d_gemma_L2_randomdiffavg_008__randomdiffavg_011_fineweb_60deg_dirrandomdiffavg_fineweb.pkl,2.053124406627089,0.01079153804647591,-0.01820934746278882,0.011004994093377456
Random-diff,sweep2d_gemma_L2_randomdiffavg_008__randomdiffavg_012_fineweb_60deg_dirrandomdiffavg_fineweb.pkl,1.9456189839381424,0.004542440752957392,0.018989266153797736,0.003959070428408492
Random-diff,sweep2d_gemma_L2_randomdiffavg_008__randomdiffavg_013_fineweb_60deg_dirrandomdiffavg_fineweb.pkl,1.6558114414918275,0.005729510510669341,0.14607344668219344,0.00432067784975353
Random-diff,sweep2d_gemma_L2_randomdiffavg_008__randomdiffavg_014_fineweb_60deg_dirrandomdiffavg_fineweb.pkl,1.7691623978440807,0.004923423087535851,0.08829031626619781,0.005015270862593968
Random-diff,sweep2d_gemma_L2_randomdiffavg_008__randomdiffavg_015_fineweb_60deg_dirrandomdiffavg_fineweb.pkl,1.8672526790505262,0.010139835808740756,0.04532592193185701,0.0105283048746865
Random-diff,sweep2d_gemma_L2_randomdiffavg_008__randomdiffavg_016_fineweb_60deg_dirrandomdiffavg_fineweb.pkl,2.3744597419869606,0.006719833643695242,-0.09721840241348179,0.003682384826076829
Random-diff,sweep2d_gemma_L2_randomdiffavg_008__randomdiffavg_017_fineweb_60deg_dirrandomdiffavg_fineweb.pkl,2.1552689177880837,0.008679244846889363,-0.04687609649575037,0.008526453300732525
Random-diff,sweep2d_gemma_L2_randomdiffavg_008__randomdiffavg_018_fineweb_60deg_dirrandomdiffavg_fineweb.pkl,1.8184047333181508,0.013173882213317141,0.06402759278552718,0.013060554788778168
Random-diff,sweep2d_gemma_L2_randomdiffavg_008__randomdiffavg_020_fineweb_60deg_dirrandomdiffavg_fineweb.pkl,2.0760192523330168,0.02819691640914805,-0.03094248673510767,0.02772963675725484
Random-diff,sweep2d_gemma_L2_randomdiffavg_008__randomdiffavg_021_fineweb_60deg_dirrandomdiffavg_fineweb.pkl,1.8047614413652135,0.0055311352770542836,0.07358588949082703,0.0038284056922727977
Random-diff,sweep2d_gemma_L2_randomdiffavg_008__randomdiffavg_022_fineweb_60deg_dirrandomdiffavg_fineweb.pkl,1.7621111726092833,0.017690337356324727,0.08895255204405765,0.017002234834285517
Random-diff,sweep2d_gemma_L2_randomdiffavg_008__randomdiffavg_023_fineweb_60deg_dirrandomdiffavg_fineweb.pkl,1.7529435635030222,0.009303681047857601,0.09537378707560266,0.008859092676141806
Random-diff,sweep2d_gemma_L2_randomdiffavg_008__randomdiffavg_024_fineweb_60deg_dirrandomdiffavg_fineweb.pkl,1.9303591035994414,0.008577428421815496,0.021082661300845733,0.008936351335894438
Random-diff,sweep2d_gemma_L2_randomdiffavg_008__randomdiffavg_025_fineweb_60deg_dirrandomdiffavg_fineweb.pkl,1.893937894878578,0.008342583774362231,0.03360506611483492,0.009303365538544344
Random-diff,sweep2d_gemma_L2_randomdiffavg_008__randomdiffavg_026_fineweb_60deg_dirrandomdiffavg_fineweb.pkl,1.7401363471629392,0.014361192845684599,0.1008328487640922,0.013744578588766088
Random-diff,sweep2d_gemma_L2_randomdiffavg_008__randomdiffavg_027_fineweb_60deg_dirrandomdiffavg_fineweb.pkl,1.9057444685559537,0.0040934181296024795,0.03203651697537209,0.003956821584389444
Random-diff,sweep2d_gemma_L2_randomdiffavg_008__randomdiffavg_028_fineweb_60deg_dirrandomdiffavg_fineweb.pkl,1.6872563704519534,0.003497906748426484,0.12915620147846132,0.002644968498927612
Random-diff,sweep2d_gemma_L2_randomdiffavg_008__randomdiffavg_029_fineweb_60deg_dirrandomdiffavg_fineweb.pkl,1.7216860240904666,0.007378188219167173,0.11178081522349806,0.005508505055921246
Random-diff,sweep2d_gemma_L2_randomdiffavg_008__randomdiffavg_030_fineweb_60deg_dirrandomdiffavg_fineweb.pkl,2.2029749317555285,0.0037396663610939763,-0.0574582272518486,0.003445248042833351
Random-diff,sweep2d_gemma_L2_randomdiffavg_008__randomdiffavg_031_fineweb_60deg_dirrandomdiffavg_fineweb.pkl,2.3164164157961498,0.015153560172288204,-0.08529983490446334,0.015327333582642039
Random-diff,sweep2d_gemma_L2_randomdiffavg_008__randomdiffavg_032_fineweb_60deg_dirrandomdiffavg_fineweb.pkl,2.0677816080713685,0.010722571741065248,-0.025018321863651195,0.010878306501289747
Random-diff,sweep2d_gemma_L2_randomdiffavg_008__randomdiffavg_033_fineweb_60deg_dirrandomdiffavg_fineweb.pkl,1.9492841275758759,0.014059661866079326,0.013752408795116732,0.014241805856433754
Random-diff,sweep2d_gemma_L2_randomdiffavg_008__randomdiffavg_034_fineweb_60deg_dirrandomdiffavg_fineweb.pkl,2.565707769390984,0.011618530673874156,-0.13156600072324953,0.011083108539520697
Random-diff,sweep2d_gemma_L2_randomdiffavg_008__randomdiffavg_035_fineweb_60deg_dirrandomdiffavg_fineweb.pkl,1.772814491173726,0.0031836177213237617,0.08632453399226934,0.004530341350118928
Random-diff,sweep2d_gemma_L2_randomdiffavg_008__randomdiffavg_037_fineweb_60deg_dirrandomdiffavg_fineweb.pkl,2.0081947922158494,0.005358435168544608,-0.003750959189540437,0.005271951640369705
Random-diff,sweep2d_gemma_L2_randomdiffavg_008__randomdiffavg_038_fineweb_60deg_dirrandomdiffavg_fineweb.pkl,1.9266613236572776,0.005421211090694595,0.023813341164256832,0.005610442432508966
Random-diff,sweep2d_gemma_L2_randomdiffavg_008__randomdiffavg_039_fineweb_60deg_dirrandomdiffavg_fineweb.pkl,1.8549244504617652,0.005212338821776217,0.052105707927692584,0.004865982582713335
Random-diff,sweep2d_gemma_L2_randomdiffavg_009__randomdiffavg_011_fineweb_60deg_dirrandomdiffavg_fineweb.pkl,2.199487126998982,0.011737911099294793,-0.058948519751302775,0.011511611008210167
Random-diff,sweep2d_gemma_L2_randomdiffavg_009__randomdiffavg_012_fineweb_60deg_dirrandomdiffavg_fineweb.pkl,1.7451146324704503,0.006354739637246666,0.10048988837024178,0.0038606657499146105
Random-diff,sweep2d_gemma_L2_randomdiffavg_009__randomdiffavg_013_fineweb_60deg_dirrandomdiffavg_fineweb.pkl,2.9754178938464446,0.01775628478213975,-0.19369119893431916,0.01468790534537936
Random-diff,sweep2d_gemma_L2_randomdiffavg_009__randomdiffavg_015_fineweb_60deg_dirrandomdiffavg_fineweb.pkl,2.387594495274755,0.0023787114385324672,-0.09734204593952259,0.004091039996156735
Random-diff,sweep2d_gemma_L2_randomdiffavg_009__randomdiffavg_016_fineweb_60deg_dirrandomdiffavg_fineweb.pkl,1.8158784958246714,0.007062977256613367,0.06756809747679388,0.006974307712252513
Random-diff,sweep2d_gemma_L2_randomdiffavg_009__randomdiffavg_017_fineweb_60deg_dirrandomdiffavg_fineweb.pkl,2.064398842118615,0.0067519122081655955,-0.022229316142250054,0.00611203294312368
Random-diff,sweep2d_gemma_L2_randomdiffavg_009__randomdiffavg_018_fineweb_60deg_dirrandomdiffavg_fineweb.pkl,2.016910636190505,0.005638964183785371,-0.006123745704644817,0.005595019805951477
Random-diff,sweep2d_gemma_L2_randomdiffavg_009__randomdiffavg_020_fineweb_60deg_dirrandomdiffavg_fineweb.pkl,2.0101392686104327,0.01006660894833495,-0.005530160997614604,0.010029467191130573
Random-diff,sweep2d_gemma_L2_randomdiffavg_009__randomdiffavg_021_fineweb_60deg_dirrandomdiffavg_fineweb.pkl,1.7553150368024129,0.006992228415176554,0.09551264850149573,0.004992468172533161
Random-diff,sweep2d_gemma_L2_randomdiffavg_009__randomdiffavg_022_fineweb_60deg_dirrandomdiffavg_fineweb.pkl,2.1194988522748717,0.0089154316087482,-0.038537091710553674,0.00806445989725715
Random-diff,sweep2d_gemma_L2_randomdiffavg_009__randomdiffavg_023_fineweb_60deg_dirrandomdiffavg_fineweb.pkl,2.42255480643196,0.008647249883735254,-0.10711609060459883,0.006309947136453081
Random-diff,sweep2d_gemma_L2_randomdiffavg_009__randomdiffavg_024_fineweb_60deg_dirrandomdiffavg_fineweb.pkl,2.416852592895244,0.006014435954511179,-0.10211891896342984,0.009133117375834188
Random-diff,sweep2d_gemma_L2_randomdiffavg_009__randomdiffavg_025_fineweb_60deg_dirrandomdiffavg_fineweb.pkl,2.0087058844678443,0.006815790598889254,-0.00356866931047738,0.006781666814273812
Random-diff,sweep2d_gemma_L2_randomdiffavg_009__randomdiffavg_026_fineweb_60deg_dirrandomdiffavg_fineweb.pkl,2.5529049700791573,0.004581540642966667,-0.1273704977754226,0.007029170468215362
Random-diff,sweep2d_gemma_L2_randomdiffavg_009__randomdiffavg_027_fineweb_60deg_dirrandomdiffavg_fineweb.pkl,1.872552087360634,0.01288781638406301,0.04329739646089047,0.012572100179207308
Random-diff,sweep2d_gemma_L2_randomdiffavg_009__randomdiffavg_028_fineweb_60deg_dirrandomdiffavg_fineweb.pkl,2.5332136653851345,0.010767366299445512,-0.12712431674980731,0.008146641064135596
Random-diff,sweep2d_gemma_L2_randomdiffavg_009__randomdiffavg_029_fineweb_60deg_dirrandomdiffavg_fineweb.pkl,3.090862229780924,0.007796682044779428,-0.19660675413359935,0.011479863981683712
Random-diff,sweep2d_gemma_L2_randomdiffavg_009__randomdiffavg_030_fineweb_60deg_dirrandomdiffavg_fineweb.pkl,1.923232695391009,0.007729933666784761,0.02697507184308918,0.006968611738244085
Random-diff,sweep2d_gemma_L2_randomdiffavg_009__randomdiffavg_032_fineweb_60deg_dirrandomdiffavg_fineweb.pkl,1.541891585408256,0.008331398432151796,0.21565393168617017,0.009464572521469348
Random-diff,sweep2d_gemma_L2_randomdiffavg_009__randomdiffavg_033_fineweb_60deg_dirrandomdiffavg_fineweb.pkl,2.5525151356998412,0.008908791777494148,-0.1301374000979031,0.006291480637714993
Random-diff,sweep2d_gemma_L2_randomdiffavg_009__randomdiffavg_034_fineweb_60deg_dirrandomdiffavg_fineweb.pkl,2.385218776948775,0.016769319210866485,-0.10345540722716759,0.01663959670388076
Random-diff,sweep2d_gemma_L2_randomdiffavg_009__randomdiffavg_036_fineweb_60deg_dirrandomdiffavg_fineweb.pkl,2.0670301505799693,0.010088562574523835,-0.021344307048899055,0.010103446989443158
Random-diff,sweep2d_gemma_L2_randomdiffavg_009__randomdiffavg_037_fineweb_60deg_dirrandomdiffavg_fineweb.pkl,2.6212744064206923,0.02735343945596359,-0.15226777503448738,0.026427433333113773
Random-diff,sweep2d_gemma_L2_randomdiffavg_009__randomdiffavg_038_fineweb_60deg_dirrandomdiffavg_fineweb.pkl,2.162435460013077,0.004594527473320134,-0.04663460207067793,0.005016865901982931
Random-diff,sweep2d_gemma_L2_randomdiffavg_009__randomdiffavg_039_fineweb_60deg_dirrandomdiffavg_fineweb.pkl,1.938616899381926,0.010108430461414745,0.019576150983779482,0.009980586706800567
Random-diff,sweep2d_gemma_L2_randomdiffavg_010__randomdiffavg_011_fineweb_60deg_dirrandomdiffavg_fineweb.pkl,2.207570220178916,0.01344458680360269,-0.05941477028156901,0.013743721538890625
Random-diff,sweep2d_gemma_L2_randomdiffavg_010__randomdiffavg_012_fineweb_60deg_dirrandomdiffavg_fineweb.pkl,1.9983302834319516,0.00389818191404393,-2.4061844122470695e-06,0.003862747467825056
Random-diff,sweep2d_gemma_L2_randomdiffavg_010__randomdiffavg_014_fineweb_60deg_dirrandomdiffavg_fineweb.pkl,1.7295030489186873,0.009490322523077552,0.1075200627965269,0.007866804118967202
Random-diff,sweep2d_gemma_L2_randomdiffavg_010__randomdiffavg_015_fineweb_60deg_dirrandomdiffavg_fineweb.pkl,1.993742984399096,0.009852073190826515,0.0028323889452220837,0.009891270417853164
Random-diff,sweep2d_gemma_L2_randomdiffavg_010__randomdiffavg_016_fineweb_60deg_dirrandomdiffavg_fineweb.pkl,2.323420060892474,0.008294001943946255,-0.08587967241827274,0.008478749087884731
Random-diff,sweep2d_gemma_L2_randomdiffavg_010__randomdiffavg_017_fineweb_60deg_dirrandomdiffavg_fineweb.pkl,2.140163526314314,0.008284281675058363,-0.04020730701660428,0.00916776661765466
Random-diff,sweep2d_gemma_L2_randomdiffavg_010__randomdiffavg_018_fineweb_60deg_dirrandomdiffavg_fineweb.pkl,2.1383960443654035,0.008207858485962168,-0.039699885886687734,0.00928424602397826
Random-diff,sweep2d_gemma_L2_randomdiffavg_010__randomdiffavg_019_fineweb_60deg_dirrandomdiffavg_fineweb.pkl,1.7066122440141371,0.010465739900987276,0.11808730531657159,0.009996570705144762
Random-diff,sweep2d_gemma_L2_randomdiffavg_010__randomdiffavg_020_fineweb_60deg_dirrandomdiffavg_fineweb.pkl,2.169435617141679,0.006877098589623619,-0.048251130362735206,0.007765331296216947
Random-diff,sweep2d_gemma_L2_randomdiffavg_010__randomdiffavg_021_fineweb_60deg_dirrandomdiffavg_fineweb.pkl,2.1488450757584316,0.005718878128992218,-0.042396547443293395,0.00678969459350846
Random-diff,sweep2d_gemma_L2_randomdiffavg_010__randomdiffavg_022_fineweb_60deg_dirrandomdiffavg_fineweb.pkl,1.7925056486141837,0.01924104677312891,0.07054388320054449,0.01925629523156689
Random-diff,sweep2d_gemma_L2_randomdiffavg_010__randomdiffavg_023_fineweb_60deg_dirrandomdiffavg_fineweb.pkl,1.866407218154208,0.002922229147947308,0.047389258584750155,0.0028701746943062046
Random-diff,sweep2d_gemma_L2_randomdiffavg_010__randomdiffavg_024_fineweb_60deg_dirrandomdiffavg_fineweb.pkl,1.8922863226566649,0.008442779517478845,0.03593660715151857,0.008703231515526377
Random-diff,sweep2d_gemma_L2_randomdiffavg_010__randomdiffavg_025_fineweb_60deg_dirrandomdiffavg_fineweb.pkl,1.8210526558836406,0.0055838713064676184,0.06447901398467214,0.006891967972720852
Random-diff,sweep2d_gemma_L2_randomdiffavg_010__randomdiffavg_026_fineweb_60deg_dirrandomdiffavg_fineweb.pkl,1.7547092054699127,0.0072853678901079475,0.09462000610754309,0.007155502606058438
Random-diff,sweep2d_gemma_L2_randomdiffavg_010__randomdiffavg_027_fineweb_60deg_dirrandomdiffavg_fineweb.pkl,2.377177694778795,0.009435731974979262,-0.09559883262551641,0.00973080704023551
Random-diff,sweep2d_gemma_L2_randomdiffavg_010__randomdiffavg_028_fineweb_60deg_dirrandomdiffavg_fineweb.pkl,1.6792259696731928,0.00927669469609267,0.1316451061386473,0.00988218662605836
Random-diff,sweep2d_gemma_L2_randomdiffavg_010__randomdiffavg_029_fineweb_60deg_dirrandomdiffavg_fineweb.pkl,1.78342372438642,0.012999194034197872,0.07858575529404672,0.013718339219960745
Random-diff,sweep2d_gemma_L2_randomdiffavg_010__randomdiffavg_030_fineweb_60deg_dirrandomdiffavg_fineweb.pkl,2.286762466720027,0.007362245062887327,-0.0778218952791101,0.007459165769232768
Random-diff,sweep2d_gemma_L2_randomdiffavg_010__randomdiffavg_031_fineweb_60deg_dirrandomdiffavg_fineweb.pkl,2.288923808468772,0.013424369027893639,-0.08357199380742364,0.012449732380179117
Random-diff,sweep2d_gemma_L2_randomdiffavg_010__randomdiffavg_033_fineweb_60deg_dirrandomdiffavg_fineweb.pkl,1.9644160792636343,0.0066733141610150785,0.009929382407608666,0.006703276317228987
Random-diff,sweep2d_gemma_L2_randomdiffavg_010__randomdiffavg_034_fineweb_60deg_dirrandomdiffavg_fineweb.pkl,2.075112435288683,0.006450965636765671,-0.02311467444302132,0.006864219833975238
Random-diff,sweep2d_gemma_L2_randomdiffavg_010__randomdiffavg_035_fineweb_60deg_dirrandomdiffavg_fineweb.pkl,1.7983143283169982,0.012269828467658898,0.07302146475367058,0.012755037432831042
Random-diff,sweep2d_gemma_L2_randomdiffavg_010__randomdiffavg_036_fineweb_60deg_dirrandomdiffavg_fineweb.pkl,2.1053669501612586,0.0025879748921288637,-0.0314292459399411,0.0029626369670627023
Random-diff,sweep2d_gemma_L2_randomdiffavg_010__randomdiffavg_037_fineweb_60deg_dirrandomdiffavg_fineweb.pkl,1.8893553064042627,0.0053625811298245,0.03924781998714544,0.004301177943274687
Random-diff,sweep2d_gemma_L2_randomdiffavg_010__randomdiffavg_038_fineweb_60deg_dirrandomdiffavg_fineweb.pkl,1.6956701614347447,0.00501307086051941,0.12367432255878076,0.006064342464851247
Random-diff,sweep2d_gemma_L2_randomdiffavg_010__randomdiffavg_039_fineweb_60deg_dirrandomdiffavg_fineweb.pkl,2.0517703118227186,0.009562151252227412,-0.017544684715437398,0.009536910467540028
Random-diff,sweep2d_gemma_L2_randomdiffavg_011__randomdiffavg_013_fineweb_60deg_dirrandomdiffavg_fineweb.pkl,2.233195380888421,0.012185700408737165,-0.06948787389802376,0.01215710211316585
Random-diff,sweep2d_gemma_L2_randomdiffavg_011__randomdiffavg_014_fineweb_60deg_dirrandomdiffavg_fineweb.pkl,2.3343743757432285,0.011325256482085343,-0.08972288020770394,0.01126430195975947
Random-diff,sweep2d_gemma_L2_randomdiffavg_011__randomdiffavg_015_fineweb_60deg_dirrandomdiffavg_fineweb.pkl,2.011804092714886,0.024521126136598743,-0.011316082571957905,0.02362944061392657
Random-diff,sweep2d_gemma_L2_randomdiffavg_011__randomdiffavg_016_fineweb_60deg_dirrandomdiffavg_fineweb.pkl,1.9343457675403317,0.009337770439606987,0.021503027881360815,0.009051126993861564
Random-diff,sweep2d_gemma_L2_randomdiffavg_011__randomdiffavg_017_fineweb_60deg_dirrandomdiffavg_fineweb.pkl,1.9232890023221476,0.006426636236278912,0.025532518524955153,0.006502341620801646
Random-diff,sweep2d_gemma_L2_randomdiffavg_011__randomdiffavg_019_fineweb_60deg_dirrandomdiffavg_fineweb.pkl,2.0460893407521548,0.02411784620226077,-0.02038419013476648,0.02341871121723345
Random-diff,sweep2d_gemma_L2_randomdiffavg_011__randomdiffavg_020_fineweb_60deg_dirrandomdiffavg_fineweb.pkl,3.589046167806503,0.03189342651272265,-0.28417521344839564,0.02090672483910511
Random-diff,sweep2d_gemma_L2_randomdiffavg_011__randomdiffavg_021_fineweb_60deg_dirrandomdiffavg_fineweb.pkl,2.198685126395446,0.00897629544784801,-0.05499932995017497,0.01112035966328308
Random-diff,sweep2d_gemma_L2_randomdiffavg_011__randomdiffavg_023_fineweb_60deg_dirrandomdiffavg_fineweb.pkl,1.9432102371619346,0.008262294301126027,0.018546988297405982,0.008040782445347255
Random-diff,sweep2d_gemma_L2_randomdiffavg_011__randomdiffavg_024_fineweb_60deg_dirrandomdiffavg_fineweb.pkl,1.8068424705288042,0.00828019141017931,0.07083746948754366,0.00818886109268258
Random-diff,sweep2d_gemma_L2_randomdiffavg_011__randomdiffavg_026_fineweb_60deg_dirrandomdiffavg_fineweb.pkl,2.118456833565476,0.015222602710164432,-0.043169755714803214,0.015530689291356361
Random-diff,sweep2d_gemma_L2_randomdiffavg_011__randomdiffavg_027_fineweb_60deg_dirrandomdiffavg_fineweb.pkl,2.2073305728118604,0.022616321683227827,-0.06954896276202095,0.022602114339118625
Random-diff,sweep2d_gemma_L2_randomdiffavg_011__randomdiffavg_028_fineweb_60deg_dirrandomdiffavg_fineweb.pkl,2.155211971008414,0.021242942004368208,-0.046629785716231956,0.022348763406433284
Random-diff,sweep2d_gemma_L2_randomdiffavg_011__randomdiffavg_029_fineweb_60deg_dirrandomdiffavg_fineweb.pkl,2.0821033075783504,0.008798804972614205,-0.02317690027876597,0.009732431311465778
Random-diff,sweep2d_gemma_L2_randomdiffavg_011__randomdiffavg_030_fineweb_60deg_dirrandomdiffavg_fineweb.pkl,2.435309156483632,0.0059832615569866245,-0.1079461947338524,0.0063136659956001375
Random-diff,sweep2d_gemma_L2_randomdiffavg_011__randomdiffavg_031_fineweb_60deg_dirrandomdiffavg_fineweb.pkl,1.9426503510625885,0.00679039726771822,0.02014731647954601,0.006348283352659798
Random-diff,sweep2d_gemma_L2_randomdiffavg_011__randomdiffavg_032_fineweb_60deg_dirrandomdiffavg_fineweb.pkl,1.9917476303867307,0.012873667002458646,0.0022963121218460354,0.012790101363766076
Random-diff,sweep2d_gemma_L2_randomdiffavg_011__randomdiffavg_033_fineweb_60deg_dirrandomdiffavg_fineweb.pkl,2.4069774341767785,0.014326115819749572,-0.10353245496336029,0.014608874103032691
Random-diff,sweep2d_gemma_L2_randomdiffavg_011__randomdiffavg_034_fineweb_60deg_dirrandomdiffavg_fineweb.pkl,2.6051667859998666,0.01082854502489663,-0.13515693807938078,0.012622567434000502
Random-diff,sweep2d_gemma_L2_randomdiffavg_011__randomdiffavg_035_fineweb_60deg_dirrandomdiffavg_fineweb.pkl,2.4146906758840143,0.0035594273004751374,-0.10140949257334018,0.00791231397382465
Random-diff,sweep2d_gemma_L2_randomdiffavg_011__randomdiffavg_036_fineweb_60deg_dirrandomdiffavg_fineweb.pkl,2.126895615700536,0.013941177329581488,-0.04602991599043617,0.014965461087368423
Random-diff,sweep2d_gemma_L2_randomdiffavg_011__randomdiffavg_037_fineweb_60deg_dirrandomdiffavg_fineweb.pkl,2.154033113647794,0.02000863163886715,-0.049588685878096256,0.019943605494027912
Random-diff,sweep2d_gemma_L2_randomdiffavg_011__randomdiffavg_038_fineweb_60deg_dirrandomdiffavg_fineweb.pkl,2.2424344877050113,0.018312883066600408,-0.07177204602695292,0.018217546299367022
Random-diff,sweep2d_gemma_L2_randomdiffavg_011__randomdiffavg_039_fineweb_60deg_dirrandomdiffavg_fineweb.pkl,1.7182445671776139,0.0046201759264405395,0.11243173658295803,0.0046094775159184805
Random-diff,sweep2d_gemma_L2_randomdiffavg_012__randomdiffavg_014_fineweb_60deg_dirrandomdiffavg_fineweb.pkl,2.00399450084645,0.01100375573511472,-0.004484200369945042,0.011254284559370636
Random-diff,sweep2d_gemma_L2_randomdiffavg_012__randomdiffavg_016_fineweb_60deg_dirrandomdiffavg_fineweb.pkl,1.6361439264508693,0.007377933546187504,0.15673956432280664,0.007412426059675166
Random-diff,sweep2d_gemma_L2_randomdiffavg_012__randomdiffavg_017_fineweb_60deg_dirrandomdiffavg_fineweb.pkl,1.8896850142624468,0.008355932581072612,0.036907101433223705,0.008485125271089114
Random-diff,sweep2d_gemma_L2_randomdiffavg_012__randomdiffavg_018_fineweb_60deg_dirrandomdiffavg_fineweb.pkl,1.9423795694532495,0.013193693078924141,0.015324877295210594,0.013098995038936743
Random-diff,sweep2d_gemma_L2_randomdiffavg_012__randomdiffavg_019_fineweb_60deg_dirrandomdiffavg_fineweb.pkl,2.262907140922039,0.007943826239121182,-0.07356830121746237,0.00617440653968917
Random-diff,sweep2d_gemma_L2_randomdiffavg_012__randomdiffavg_020_fineweb_60deg_dirrandomdiffavg_fineweb.pkl,2.193331852111139,0.009503250217890308,-0.05674471611275475,0.009155104404024412
Random-diff,sweep2d_gemma_L2_randomdiffavg_012__randomdiffavg_021_fineweb_60deg_dirrandomdiffavg_fineweb.pkl,2.0573183854933927,0.0051822785796815755,-0.01959464098262265,0.00445398538960005
Random-diff,sweep2d_gemma_L2_randomdiffavg_012__randomdiffavg_022_fineweb_60deg_dirrandomdiffavg_fineweb.pkl,2.276157699504647,0.012554962463800366,-0.07794552719336968,0.012243094113409783
Random-diff,sweep2d_gemma_L2_randomdiffavg_012__randomdiffavg_023_fineweb_60deg_dirrandomdiffavg_fineweb.pkl,2.27292475328679,0.01319959074403712,-0.07964474654902266,0.011809055255739444
Random-diff,sweep2d_gemma_L2_randomdiffavg_012__randomdiffavg_024_fineweb_60deg_dirrandomdiffavg_fineweb.pkl,2.0078041394136124,0.0034381490475762872,-0.0030269800987457645,0.003408356448861505
Random-diff,sweep2d_gemma_L2_randomdiffavg_012__randomdiffavg_026_fineweb_60deg_dirrandomdiffavg_fineweb.pkl,2.0919133838249806,0.004630380553757758,-0.028806158732070958,0.004068628357516781
Random-diff,sweep2d_gemma_L2_randomdiffavg_012__randomdiffavg_027_fineweb_60deg_dirrandomdiffavg_fineweb.pkl,2.275431598934108,0.014396643992294556,-0.08213510119509612,0.014022641162154499
Random-diff,sweep2d_gemma_L2_randomdiffavg_012__randomdiffavg_028_fineweb_60deg_dirrandomdiffavg_fineweb.pkl,1.8822194295893393,0.006623477637288526,0.040591142533337746,0.006796558901834076
Random-diff,sweep2d_gemma_L2_randomdiffavg_012__randomdiffavg_029_fineweb_60deg_dirrandomdiffavg_fineweb.pkl,2.146912265136698,0.009844688857529833,-0.0441283300248692,0.009941459762101246
Random-diff,sweep2d_gemma_L2_randomdiffavg_012__randomdiffavg_030_fineweb_60deg_dirrandomdiffavg_fineweb.pkl,1.6995647804298275,0.010536157119533844,0.12171485596634109,0.00973117860408701
Random-diff,sweep2d_gemma_L2_randomdiffavg_012__randomdiffavg_033_fineweb_60deg_dirrandomdiffavg_fineweb.pkl,2.7897889652325025,0.021494994740739275,-0.17494933156335427,0.018726002127453567
Random-diff,sweep2d_gemma_L2_randomdiffavg_012__randomdiffavg_034_fineweb_60deg_dirrandomdiffavg_fineweb.pkl,2.17181050142311,0.007900717954183572,-0.049631551388732625,0.007847568952040316
Random-diff,sweep2d_gemma_L2_randomdiffavg_012__randomdiffavg_035_fineweb_60deg_dirrandomdiffavg_fineweb.pkl,2.0857984431539323,0.009818973277312243,-0.027281663495343764,0.009909810429198699
Random-diff,sweep2d_gemma_L2_randomdiffavg_012__randomdiffavg_036_fineweb_60deg_dirrandomdiffavg_fineweb.pkl,1.7988918499858115,0.004192707656506251,0.0755314188438744,0.003683836101124059
Random-diff,sweep2d_gemma_L2_randomdiffavg_012__randomdiffavg_037_fineweb_60deg_dirrandomdiffavg_fineweb.pkl,2.179966147338263,0.008036896515782765,-0.05400745071542578,0.0065691319036456745
Random-diff,sweep2d_gemma_L2_randomdiffavg_012__randomdiffavg_038_fineweb_60deg_dirrandomdiffavg_fineweb.pkl,1.8616475399115662,0.005277939005715447,0.04934014395088538,0.005253469132701156
Random-diff,sweep2d_gemma_L2_randomdiffavg_012__randomdiffavg_039_fineweb_60deg_dirrandomdiffavg_fineweb.pkl,1.8416817920558455,0.0056998711904878395,0.0580035428215942,0.004455636167781283
Random-diff,sweep2d_gemma_L2_randomdiffavg_013__randomdiffavg_014_fineweb_60deg_dirrandomdiffavg_fineweb.pkl,1.7690703436432187,0.007357989884616886,0.08830971558616979,0.007277269820747712
Random-diff,sweep2d_gemma_L2_randomdiffavg_013__randomdiffavg_015_fineweb_60deg_dirrandomdiffavg_fineweb.pkl,2.145845753858878,0.00964540257548634,-0.04256238836768253,0.01021917292880828
Random-diff,sweep2d_gemma_L2_randomdiffavg_013__randomdiffavg_017_fineweb_60deg_dirrandomdiffavg_fineweb.pkl,2.180987335757837,0.011019130932645824,-0.05342363418940163,0.011474133119314339
Random-diff,sweep2d_gemma_L2_randomdiffavg_013__randomdiffavg_018_fineweb_60deg_dirrandomdiffavg_fineweb.pkl,1.785488323384578,0.0075303752970885636,0.08036412216190288,0.007473688604504009
Random-diff,sweep2d_gemma_L2_randomdiffavg_013__randomdiffavg_020_fineweb_60deg_dirrandomdiffavg_fineweb.pkl,1.8237138276180003,0.01994288605118927,0.05895569572512668,0.019662531711129052
Random-diff,sweep2d_gemma_L2_randomdiffavg_013__randomdiffavg_021_fineweb_60deg_dirrandomdiffavg_fineweb.pkl,2.1571428055815316,0.009740163117629357,-0.04887426582901122,0.009621568388868096
Random-diff,sweep2d_gemma_L2_randomdiffavg_013__randomdiffavg_023_fineweb_60deg_dirrandomdiffavg_fineweb.pkl,1.7155830572423274,0.008278766635406809,0.11213717958812931,0.009350133828656565
Random-diff,sweep2d_gemma_L2_randomdiffavg_013__randomdiffavg_024_fineweb_60deg_dirrandomdiffavg_fineweb.pkl,1.7515664140063798,0.004867047574492734,0.09593462591698053,0.006256831827511998
Random-diff,sweep2d_gemma_L2_randomdiffavg_013__randomdiffavg_026_fineweb_60deg_dirrandomdiffavg_fineweb.pkl,1.662780034485216,0.0029339640311402387,0.14152724104541956,0.00533661423604942
Random-diff,sweep2d_gemma_L2_randomdiffavg_013__randomdiffavg_028_fineweb_60deg_dirrandomdiffavg_fineweb.pkl,1.7202021361904922,0.0074995046534703895,0.11168297978915093,0.00732528239755337
Random-diff,sweep2d_gemma_L2_randomdiffavg_013__randomdiffavg_029_fineweb_60deg_dirrandomdiffavg_fineweb.pkl,1.7955648673893454,0.010046875833563887,0.07703454154103678,0.008292630054672671
Random-diff,sweep2d_gemma_L2_randomdiffavg_013__randomdiffavg_033_fineweb_60deg_dirrandomdiffavg_fineweb.pkl,1.6404136188680996,0.014637070369924284,0.15255888354442662,0.01339097871358539
Random-diff,sweep2d_gemma_L2_randomdiffavg_013__randomdiffavg_034_fineweb_60deg_dirrandomdiffavg_fineweb.pkl,2.155260628218049,0.014788858181589034,-0.049652142316549415,0.014859927690732709
Random-diff,sweep2d_gemma_L2_randomdiffavg_013__randomdiffavg_036_fineweb_60deg_dirrandomdiffavg_fineweb.pkl,2.2161209167593583,0.02308600032103418,-0.0697627406245443,0.022808950974206488
Random-diff,sweep2d_gemma_L2_randomdiffavg_013__randomdiffavg_037_fineweb_60deg_dirrandomdiffavg_fineweb.pkl,1.7116386767705256,0.004327282774857806,0.11596552063093984,0.0042103969791288855
Random-diff,sweep2d_gemma_L2_randomdiffavg_013__randomdiffavg_038_fineweb_60deg_dirrandomdiffavg_fineweb.pkl,1.8339014674437015,0.006479600431142908,0.05914676107620994,0.006762464532954477
Random-diff,sweep2d_gemma_L2_randomdiffavg_013__randomdiffavg_039_fineweb_60deg_dirrandomdiffavg_fineweb.pkl,2.030448371242618,0.01016786927812581,-0.012087307251707213,0.010166281293593284
Random-diff,sweep2d_gemma_L2_randomdiffavg_014__randomdiffavg_015_fineweb_60deg_dirrandomdiffavg_fineweb.pkl,2.0216330217979044,0.005708231439958802,-0.0084438903954959,0.005554502857742859
Random-diff,sweep2d_gemma_L2_randomdiffavg_014__randomdiffavg_016_fineweb_60deg_dirrandomdiffavg_fineweb.pkl,2.052158252774165,0.0032444448174423247,-0.017005487991964136,0.0029200506634415166
Random-diff,sweep2d_gemma_L2_randomdiffavg_014__randomdiffavg_017_fineweb_60deg_dirrandomdiffavg_fineweb.pkl,2.086347660885241,0.00929701264944605,-0.026935821601079202,0.009259181890439434
Random-diff,sweep2d_gemma_L2_randomdiffavg_014__randomdiffavg_018_fineweb_60deg_dirrandomdiffavg_fineweb.pkl,1.6525378079433908,0.020117062336245828,0.14008657144909928,0.021207159128999276
Random-diff,sweep2d_gemma_L2_randomdiffavg_014__randomdiffavg_020_fineweb_60deg_dirrandomdiffavg_fineweb.pkl,1.756594707865918,0.01712492235903068,0.09057916441752757,0.017307400778813778
Random-diff,sweep2d_gemma_L2_randomdiffavg_014__randomdiffavg_022_fineweb_60deg_dirrandomdiffavg_fineweb.pkl,1.7812978266178394,0.003862130730406323,0.08245293432413038,0.004327237545730051
Random-diff,sweep2d_gemma_L2_randomdiffavg_014__randomdiffavg_023_fineweb_60deg_dirrandomdiffavg_fineweb.pkl,1.9380165493419825,0.012768779107990746,0.018471161407025313,0.012890222358950364
Random-diff,sweep2d_gemma_L2_randomdiffavg_014__randomdiffavg_025_fineweb_60deg_dirrandomdiffavg_fineweb.pkl,1.8570722337382748,0.010128852431544271,0.05028620250261998,0.009802398280484327
Random-diff,sweep2d_gemma_L2_randomdiffavg_014__randomdiffavg_026_fineweb_60deg_dirrandomdiffavg_fineweb.pkl,1.8104501111237676,0.006228399594106768,0.06826848772424991,0.0072592011639296275
Random-diff,sweep2d_gemma_L2_randomdiffavg_014__randomdiffavg_027_fineweb_60deg_dirrandomdiffavg_fineweb.pkl,1.8610281747684976,0.00860307344382281,0.05037622191955338,0.007223865195168447
Random-diff,sweep2d_gemma_L2_randomdiffavg_014__randomdiffavg_028_fineweb_60deg_dirrandomdiffavg_fineweb.pkl,1.7008165435953937,0.010984522212987739,0.12078729669131319,0.010388581447101839
Random-diff,sweep2d_gemma_L2_randomdiffavg_014__randomdiffavg_029_fineweb_60deg_dirrandomdiffavg_fineweb.pkl,1.9852955576113631,0.005538630749359719,0.004783440213695912,0.005490094024986395
Random-diff,sweep2d_gemma_L2_randomdiffavg_014__randomdiffavg_030_fineweb_60deg_dirrandomdiffavg_fineweb.pkl,2.2361644554303597,0.008726960434019984,-0.06478934051557786,0.009766984421900932
Random-diff,sweep2d_gemma_L2_randomdiffavg_014__randomdiffavg_031_fineweb_60deg_dirrandomdiffavg_fineweb.pkl,2.3169615661651224,0.015574193770255563,-0.0884495153334316,0.01447975168999014
Random-diff,sweep2d_gemma_L2_randomdiffavg_014__randomdiffavg_032_fineweb_60deg_dirrandomdiffavg_fineweb.pkl,2.043809129888261,0.012936477297639647,-0.016407143698632727,0.012945216611278369
Random-diff,sweep2d_gemma_L2_randomdiffavg_014__randomdiffavg_033_fineweb_60deg_dirrandomdiffavg_fineweb.pkl,2.129532906512785,0.003448255640637332,-0.037993681804565374,0.003917070963678773
Random-diff,sweep2d_gemma_L2_randomdiffavg_014__randomdiffavg_034_fineweb_60deg_dirrandomdiffavg_fineweb.pkl,2.245782751940307,0.007621867696096661,-0.06792193443691157,0.008004883400614244
Random-diff,sweep2d_gemma_L2_randomdiffavg_014__randomdiffavg_035_fineweb_60deg_dirrandomdiffavg_fineweb.pkl,2.0200447392065826,0.003795981173404345,-0.007106052956437968,0.003756960607781354
Random-diff,sweep2d_gemma_L2_randomdiffavg_014__randomdiffavg_036_fineweb_60deg_dirrandomdiffavg_fineweb.pkl,1.7448795418796965,0.004059698677368404,0.10026844445994895,0.0033219939574281356
Random-diff,sweep2d_gemma_L2_randomdiffavg_014__randomdiffavg_037_fineweb_60deg_dirrandomdiffavg_fineweb.pkl,1.8887712703318182,0.007177085403520189,0.03930943751010588,0.006376395494809708
Random-diff,sweep2d_gemma_L2_randomdiffavg_014__randomdiffavg_038_fineweb_60deg_dirrandomdiffavg_fineweb.pkl,1.8646765501183933,0.009349670399333928,0.047203810702753785,0.00898383716254774
Random-diff,sweep2d_gemma_L2_randomdiffavg_014__randomdiffavg_039_fineweb_60deg_dirrandomdiffavg_fineweb.pkl,1.7958788102675662,0.008876415248355193,0.07468210677219717,0.009924290252606095
Random-diff,sweep2d_gemma_L2_randomdiffavg_015__randomdiffavg_016_fineweb_60deg_dirrandomdiffavg_fineweb.pkl,1.8795069495839942,0.006372666383870806,0.04286963919143218,0.005908149943810191
Random-diff,sweep2d_gemma_L2_randomdiffavg_015__randomdiffavg_017_fineweb_60deg_dirrandomdiffavg_fineweb.pkl,1.7944156659971398,0.0110518767222792,0.07558751289990565,0.010928480410691093
Random-diff,sweep2d_gemma_L2_randomdiffavg_015__randomdiffavg_019_fineweb_60deg_dirrandomdiffavg_fineweb.pkl,2.1797588651783557,0.008792488938509443,-0.05347488318362063,0.008670029092833844
Random-diff,sweep2d_gemma_L2_randomdiffavg_015__randomdiffavg_020_fineweb_60deg_dirrandomdiffavg_fineweb.pkl,2.288752636360113,0.013621437308354542,-0.0833174486284918,0.011676944403324972
Random-diff,sweep2d_gemma_L2_randomdiffavg_015__randomdiffavg_021_fineweb_60deg_dirrandomdiffavg_fineweb.pkl,2.1421684874288847,0.012715305205321735,-0.04692437235461413,0.012412733007001563
Random-diff,sweep2d_gemma_L2_randomdiffavg_015__randomdiffavg_022_fineweb_60deg_dirrandomdiffavg_fineweb.pkl,2.244363026451997,0.019313070869744466,-0.07440491568341183,0.017699231373884967
Random-diff,sweep2d_gemma_L2_randomdiffavg_015__randomdiffavg_023_fineweb_60deg_dirrandomdiffavg_fineweb.pkl,2.316788648569474,0.02285375862713936,-0.0956575150647603,0.022075945440749277
Random-diff,sweep2d_gemma_L2_randomdiffavg_015__randomdiffavg_024_fineweb_60deg_dirrandomdiffavg_fineweb.pkl,1.8391230352756567,0.02998791294767841,0.04638597897010522,0.030255594699838975
Random-diff,sweep2d_gemma_L2_randomdiffavg_015__randomdiffavg_025_fineweb_60deg_dirrandomdiffavg_fineweb.pkl,1.720507626926808,0.0076374956740466364,0.11216023859493263,0.005947208180219787
Random-diff,sweep2d_gemma_L2_randomdiffavg_015__randomdiffavg_026_fineweb_60deg_dirrandomdiffavg_fineweb.pkl,1.974666932733503,0.004961431350865802,0.008063391605139168,0.004965481903978682
Random-diff,sweep2d_gemma_L2_randomdiffavg_015__randomdiffavg_027_fineweb_60deg_dirrandomdiffavg_fineweb.pkl,2.4856473215474395,0.014228546270634626,-0.1198885784369934,0.013613387797101948
Random-diff,sweep2d_gemma_L2_randomdiffavg_015__randomdiffavg_028_fineweb_60deg_dirrandomdiffavg_fineweb.pkl,1.960723315187571,0.013146157168204973,0.01309022015559405,0.012807906488539206
Random-diff,sweep2d_gemma_L2_randomdiffavg_015__randomdiffavg_029_fineweb_60deg_dirrandomdiffavg_fineweb.pkl,1.9436488203683175,0.013285606378099809,0.017391161069177614,0.013160940780445737
Random-diff,sweep2d_gemma_L2_randomdiffavg_015__randomdiffavg_030_fineweb_60deg_dirrandomdiffavg_fineweb.pkl,1.8904911693526674,0.017936143049373177,0.03589831805952536,0.017425882528705115
Random-diff,sweep2d_gemma_L2_randomdiffavg_015__randomdiffavg_031_fineweb_60deg_dirrandomdiffavg_fineweb.pkl,2.1670726704302514,0.01124821771760733,-0.04978128955460342,0.011605045011265986
Random-diff,sweep2d_gemma_L2_randomdiffavg_015__randomdiffavg_032_fineweb_60deg_dirrandomdiffavg_fineweb.pkl,2.0005131819659905,0.006684986816770797,0.000630129294597633,0.0067003934427611106
Random-diff,sweep2d_gemma_L2_randomdiffavg_015__randomdiffavg_033_fineweb_60deg_dirrandomdiffavg_fineweb.pkl,2.3621100156312966,0.007302838384099124,-0.09328132366129298,0.008218706748279176
Random-diff,sweep2d_gemma_L2_randomdiffavg_015__randomdiffavg_034_fineweb_60deg_dirrandomdiffavg_fineweb.pkl,2.1611928598675894,0.008800653492633297,-0.04702583145305068,0.009574489045886092
Random-diff,sweep2d_gemma_L2_randomdiffavg_015__randomdiffavg_035_fineweb_60deg_dirrandomdiffavg_fineweb.pkl,1.7263645121753302,0.006528556040699914,0.10715937777431919,0.008673258913976398
Random-diff,sweep2d_gemma_L2_randomdiffavg_015__randomdiffavg_036_fineweb_60deg_dirrandomdiffavg_fineweb.pkl,2.0817733828489264,0.005257813121568417,-0.023880443225492917,0.00608521670856529
Random-diff,sweep2d_gemma_L2_randomdiffavg_015__randomdiffavg_037_fineweb_60deg_dirrandomdiffavg_fineweb.pkl,2.1830157549649374,0.006388550309468416,-0.054046077122799775,0.005070755087480442
Random-diff,sweep2d_gemma_L2_randomdiffavg_015__randomdiffavg_038_fineweb_60deg_dirrandomdiffavg_fineweb.pkl,1.8678630928148166,0.005658071842966052,0.04750405317850719,0.004893371783162925
Random-diff,sweep2d_gemma_L2_randomdiffavg_015__randomdiffavg_039_fineweb_60deg_dirrandomdiffavg_fineweb.pkl,1.763334420171754,0.009666206349719417,0.09085099970823154,0.00848644065976984
Random-diff,sweep2d_gemma_L2_randomdiffavg_016__randomdiffavg_017_fineweb_60deg_dirrandomdiffavg_fineweb.pkl,2.046151310878013,0.005191082118168577,-0.015041000369416054,0.005285749487742538
Random-diff,sweep2d_gemma_L2_randomdiffavg_016__randomdiffavg_018_fineweb_60deg_dirrandomdiffavg_fineweb.pkl,2.268075106554138,0.00470644073635084,-0.0713782185112775,0.00669218872623212
Random-diff,sweep2d_gemma_L2_randomdiffavg_016__randomdiffavg_019_fineweb_60deg_dirrandomdiffavg_fineweb.pkl,2.574379518444993,0.008066138221615973,-0.1330949634775302,0.0029189810505849943
Random-diff,sweep2d_gemma_L2_randomdiffavg_016__randomdiffavg_020_fineweb_60deg_dirrandomdiffavg_fineweb.pkl,2.3368936954576607,0.0037889004599500724,-0.08687950918826293,0.005828486468335849
Random-diff,sweep2d_gemma_L2_randomdiffavg_016__randomdiffavg_021_fineweb_60deg_dirrandomdiffavg_fineweb.pkl,2.015387777809804,0.008529129236800848,-0.009063357072694574,0.00887632969970292
Random-diff,sweep2d_gemma_L2_randomdiffavg_016__randomdiffavg_022_fineweb_60deg_dirrandomdiffavg_fineweb.pkl,2.176464342738286,0.00711003844582537,-0.05098000180411033,0.006986766127007686
Random-diff,sweep2d_gemma_L2_randomdiffavg_016__randomdiffavg_024_fineweb_60deg_dirrandomdiffavg_fineweb.pkl,1.8613676956351357,0.0068815944013667215,0.049657033866721156,0.0060412856683339745
Random-diff,sweep2d_gemma_L2_randomdiffavg_016__randomdiffavg_025_fineweb_60deg_dirrandomdiffavg_fineweb.pkl,1.8730830538870176,0.003213386685893974,0.04481047077193596,0.0030306472965881417
Random-diff,sweep2d_gemma_L2_randomdiffavg_016__randomdiffavg_026_fineweb_60deg_dirrandomdiffavg_fineweb.pkl,2.172998647443563,0.0032543328986165674,-0.04954114860326566,0.003486428020616024
Random-diff,sweep2d_gemma_L2_randomdiffavg_016__randomdiffavg_027_fineweb_60deg_dirrandomdiffavg_fineweb.pkl,2.205320398782354,0.019476772956441634,-0.06244991290454082,0.019327175995429696
Random-diff,sweep2d_gemma_L2_randomdiffavg_016__randomdiffavg_028_fineweb_60deg_dirrandomdiffavg_fineweb.pkl,2.369004225511901,0.011258875759677213,-0.09505323550138546,0.012099361203912036
Random-diff,sweep2d_gemma_L2_randomdiffavg_016__randomdiffavg_029_fineweb_60deg_dirrandomdiffavg_fineweb.pkl,2.3460449149100135,0.004892726620194775,-0.08973587316901659,0.004480188706092984
Random-diff,sweep2d_gemma_L2_randomdiffavg_016__randomdiffavg_030_fineweb_60deg_dirrandomdiffavg_fineweb.pkl,1.7953590624769986,0.0067703510608857105,0.07507030405048333,0.00799540884506132
Random-diff,sweep2d_gemma_L2_randomdiffavg_016__randomdiffavg_031_fineweb_60deg_dirrandomdiffavg_fineweb.pkl,1.5782210465117683,0.0077777894734282205,0.19263616345437978,0.0058373140279479215
Random-diff,sweep2d_gemma_L2_randomdiffavg_016__randomdiffavg_032_fineweb_60deg_dirrandomdiffavg_fineweb.pkl,1.6715073203073838,0.011155042745165425,0.13614893765409913,0.010836194594270751
Random-diff,sweep2d_gemma_L2_randomdiffavg_016__randomdiffavg_033_fineweb_60deg_dirrandomdiffavg_fineweb.pkl,2.4953220355478387,0.008521200389635986,-0.11789557978362562,0.009104084787413825
Random-diff,sweep2d_gemma_L2_randomdiffavg_016__randomdiffavg_034_fineweb_60deg_dirrandomdiffavg_fineweb.pkl,2.0334682737705068,0.01133335737406259,-0.014257908995407262,0.011373783246414524
Random-diff,sweep2d_gemma_L2_randomdiffavg_016__randomdiffavg_035_fineweb_60deg_dirrandomdiffavg_fineweb.pkl,2.075567361965738,0.002938363775317315,-0.023721120324495373,0.0029166126828137893
Random-diff,sweep2d_gemma_L2_randomdiffavg_016__randomdiffavg_036_fineweb_60deg_dirrandomdiffavg_fineweb.pkl,2.162467150120952,0.002119315145156136,-0.04702068225296281,0.002282099468838278
Random-diff,sweep2d_gemma_L2_randomdiffavg_016__randomdiffavg_037_fineweb_60deg_dirrandomdiffavg_fineweb.pkl,2.3354863123475575,0.00589518888527402,-0.08932431453256862,0.003943662117571082
Random-diff,sweep2d_gemma_L2_randomdiffavg_016__randomdiffavg_038_fineweb_60deg_dirrandomdiffavg_fineweb.pkl,2.173621528823258,0.00463697431192746,-0.05071665860499157,0.0038538579153914623
Random-diff,sweep2d_gemma_L2_randomdiffavg_016__randomdiffavg_039_fineweb_60deg_dirrandomdiffavg_fineweb.pkl,1.8553194195567742,0.006276949116690674,0.051526128981832106,0.005925043157572463
Random-diff,sweep2d_gemma_L2_randomdiffavg_017__randomdiffavg_018_fineweb_60deg_dirrandomdiffavg_fineweb.pkl,2.5569781631002315,0.007638718013639514,-0.1314812736628538,0.0042792768209295425
Random-diff,sweep2d_gemma_L2_randomdiffavg_017__randomdiffavg_019_fineweb_60deg_dirrandomdiffavg_fineweb.pkl,1.9461895424223268,0.007987911957976669,0.015459832803373192,0.008413213156108278
Random-diff,sweep2d_gemma_L2_randomdiffavg_017__randomdiffavg_020_fineweb_60deg_dirrandomdiffavg_fineweb.pkl,2.43555878610644,0.011822194716267482,-0.1074107253446098,0.01274885691046104
Random-diff,sweep2d_gemma_L2_randomdiffavg_017__randomdiffavg_021_fineweb_60deg_dirrandomdiffavg_fineweb.pkl,2.3058440907976494,0.009846083930299412,-0.08186290596372438,0.009128924404338143
Random-diff,sweep2d_gemma_L2_randomdiffavg_017__randomdiffavg_022_fineweb_60deg_dirrandomdiffavg_fineweb.pkl,2.0666228491967056,0.010974781361728702,-0.024990079055162175,0.010322030045863772
Random-diff,sweep2d_gemma_L2_randomdiffavg_017__randomdiffavg_023_fineweb_60deg_dirrandomdiffavg_fineweb.pkl,2.1528789208759793,0.0050130175085250995,-0.042874444199585054,0.00683635530500929
Random-diff,sweep2d_gemma_L2_randomdiffavg_017__randomdiffavg_024_fineweb_60deg_dirrandomdiffavg_fineweb.pkl,1.9858058507114282,0.007391654602230046,0.0026694887915754673,0.007505251755595685
Random-diff,sweep2d_gemma_L2_randomdiffavg_017__randomdiffavg_025_fineweb_60deg_dirrandomdiffavg_fineweb.pkl,1.916201738056391,0.010995177081528914,0.027764499347213794,0.01063083813191302
Random-diff,sweep2d_gemma_L2_randomdiffavg_017__randomdiffavg_026_fineweb_60deg_dirrandomdiffavg_fineweb.pkl,1.7232425566468075,0.0064172197237630955,0.1091492597416286,0.00728076075999055
Random-diff,sweep2d_gemma_L2_randomdiffavg_017__randomdiffavg_027_fineweb_60deg_dirrandomdiffavg_fineweb.pkl,2.2506803614843864,0.010578479233624616,-0.07142971572454658,0.010323121679813214
Random-diff,sweep2d_gemma_L2_randomdiffavg_017__randomdiffavg_028_fineweb_60deg_dirrandomdiffavg_fineweb.pkl,1.8694753313550536,0.008512802639862848,0.04573536065355236,0.008056493533527345
Random-diff,sweep2d_gemma_L2_randomdiffavg_017__randomdiffavg_029_fineweb_60deg_dirrandomdiffavg_fineweb.pkl,2.340819023455986,0.003527196663322284,-0.08737432830937107,0.005867015490252126
Random-diff,sweep2d_gemma_L2_randomdiffavg_017__randomdiffavg_030_fineweb_60deg_dirrandomdiffavg_fineweb.pkl,2.086720523051,0.007315216942058459,-0.02854814027056802,0.0064473656950036744
Random-diff,sweep2d_gemma_L2_randomdiffavg_017__randomdiffavg_031_fineweb_60deg_dirrandomdiffavg_fineweb.pkl,2.279713624882177,0.014410140421046833,-0.08524578010902771,0.01474139345246464
Random-diff,sweep2d_gemma_L2_randomdiffavg_017__randomdiffavg_032_fineweb_60deg_dirrandomdiffavg_fineweb.pkl,2.293475236642482,0.00833159981528174,-0.0813311984301582,0.006577090173993316
Random-diff,sweep2d_gemma_L2_randomdiffavg_017__randomdiffavg_033_fineweb_60deg_dirrandomdiffavg_fineweb.pkl,1.9307139694220083,0.004845489030804731,0.022937408669662717,0.0047190930545278065
Random-diff,sweep2d_gemma_L2_randomdiffavg_017__randomdiffavg_035_fineweb_60deg_dirrandomdiffavg_fineweb.pkl,1.7555193033767549,0.01216507140425981,0.09330860585474242,0.012068171955729387
Random-diff,sweep2d_gemma_L2_randomdiffavg_017__randomdiffavg_036_fineweb_60deg_dirrandomdiffavg_fineweb.pkl,2.0413398681452435,0.01424751173502041,-0.0168517625364785,0.014294601142885995
Random-diff,sweep2d_gemma_L2_randomdiffavg_017__randomdiffavg_037_fineweb_60deg_dirrandomdiffavg_fineweb.pkl,2.289483909082635,0.0034790349377924203,-0.07664659310615801,0.005070518531752256
Random-diff,sweep2d_gemma_L2_randomdiffavg_017__randomdiffavg_038_fineweb_60deg_dirrandomdiffavg_fineweb.pkl,2.125922691008847,0.004072032939857605,-0.036992062628276194,0.004426772824108284
Random-diff,sweep2d_gemma_L2_randomdiffavg_017__randomdiffavg_039_fineweb_60deg_dirrandomdiffavg_fineweb.pkl,1.8843893300416235,0.003014278802711326,0.040314655008048796,0.002900289855548414
Random-diff,sweep2d_gemma_L2_randomdiffavg_018__randomdiffavg_019_fineweb_60deg_dirrandomdiffavg_fineweb.pkl,1.8005905174123973,0.026618892244092657,0.06038120283689963,0.027517288999955303
Random-diff,sweep2d_gemma_L2_randomdiffavg_018__randomdiffavg_020_fineweb_60deg_dirrandomdiffavg_fineweb.pkl,1.5592297626250193,0.01468691369951001,0.20189789671766728,0.014005370557620224
Random-diff,sweep2d_gemma_L2_randomdiffavg_018__randomdiffavg_021_fineweb_60deg_dirrandomdiffavg_fineweb.pkl,2.340309093803757,0.015346603238529904,-0.09333948191996591,0.015219410512129024
Random-diff,sweep2d_gemma_L2_randomdiffavg_018__randomdiffavg_022_fineweb_60deg_dirrandomdiffavg_fineweb.pkl,1.7955482592973047,0.01264072903464335,0.0750881732350111,0.011785420186279079
Random-diff,sweep2d_gemma_L2_randomdiffavg_018__randomdiffavg_023_fineweb_60deg_dirrandomdiffavg_fineweb.pkl,2.245240986679925,0.019645875098389033,-0.07348527125502435,0.019614766533121483
Random-diff,sweep2d_gemma_L2_randomdiffavg_018__randomdiffavg_024_fineweb_60deg_dirrandomdiffavg_fineweb.pkl,2.1500959297773705,0.011806425274926658,-0.04589067769497685,0.011640775903606045
Random-diff,sweep2d_gemma_L2_randomdiffavg_018__randomdiffavg_025_fineweb_60deg_dirrandomdiffavg_fineweb.pkl,2.2014621795466973,0.011777999607237436,-0.0552001657740033,0.01351197754427368
Random-diff,sweep2d_gemma_L2_randomdiffavg_018__randomdiffavg_026_fineweb_60deg_dirrandomdiffavg_fineweb.pkl,1.836416340593242,0.0068686176570716155,0.05938782047272341,0.00617739608375265
Random-diff,sweep2d_gemma_L2_randomdiffavg_018__randomdiffavg_027_fineweb_60deg_dirrandomdiffavg_fineweb.pkl,1.5990918367212095,0.0191939892909645,0.17568213432754923,0.01604143993507788
Random-diff,sweep2d_gemma_L2_randomdiffavg_018__randomdiffavg_028_fineweb_60deg_dirrandomdiffavg_fineweb.pkl,2.155654349017502,0.009885100745917448,-0.047860909460995284,0.009813713017440997
Random-diff,sweep2d_gemma_L2_randomdiffavg_018__randomdiffavg_029_fineweb_60deg_dirrandomdiffavg_fineweb.pkl,2.233923413448133,0.010351443048282394,-0.06561033313507136,0.010584210445439224
Random-diff,sweep2d_gemma_L2_randomdiffavg_018__randomdiffavg_030_fineweb_60deg_dirrandomdiffavg_fineweb.pkl,2.2685210743946143,0.002848632190065481,-0.07210060262668783,0.003878298295368558
Random-diff,sweep2d_gemma_L2_randomdiffavg_018__randomdiffavg_031_fineweb_60deg_dirrandomdiffavg_fineweb.pkl,2.2792703005506705,0.022213198561207834,-0.08951024178808642,0.022638294433111914
Random-diff,sweep2d_gemma_L2_randomdiffavg_018__randomdiffavg_032_fineweb_60deg_dirrandomdiffavg_fineweb.pkl,2.101433212335871,0.008289493823661544,-0.02975072471225312,0.009060381544107238
Random-diff,sweep2d_gemma_L2_randomdiffavg_018__randomdiffavg_033_fineweb_60deg_dirrandomdiffavg_fineweb.pkl,1.9168564696003827,0.012141755465269858,0.023859565214053045,0.012897994008440017
Random-diff,sweep2d_gemma_L2_randomdiffavg_018__randomdiffavg_034_fineweb_60deg_dirrandomdiffavg_fineweb.pkl,2.1052325657186426,0.01666648675536504,-0.03463476835347011,0.016525496824361937
Random-diff,sweep2d_gemma_L2_randomdiffavg_018__randomdiffavg_035_fineweb_60deg_dirrandomdiffavg_fineweb.pkl,1.7116575048075393,0.00804809781444195,0.11404071207025177,0.010153534105327114
Random-diff,sweep2d_gemma_L2_randomdiffavg_018__randomdiffavg_036_fineweb_60deg_dirrandomdiffavg_fineweb.pkl,1.8349441651468466,0.01127085189460846,0.0565252962076008,0.011915500652022248
Random-diff,sweep2d_gemma_L2_randomdiffavg_018__randomdiffavg_037_fineweb_60deg_dirrandomdiffavg_fineweb.pkl,1.92222608742705,0.010275143836035044,0.024788110556266823,0.010470066520100067
Random-diff,sweep2d_gemma_L2_randomdiffavg_018__randomdiffavg_038_fineweb_60deg_dirrandomdiffavg_fineweb.pkl,1.8781097249898804,0.01195847240825258,0.04132487498121673,0.011788422206948963
Random-diff,sweep2d_gemma_L2_randomdiffavg_018__randomdiffavg_039_fineweb_60deg_dirrandomdiffavg_fineweb.pkl,2.23368639116633,0.006408695801907328,-0.06588585467778511,0.006353034421472064
Random-diff,sweep2d_gemma_L2_randomdiffavg_019__randomdiffavg_020_fineweb_60deg_dirrandomdiffavg_fineweb.pkl,1.957105116123541,0.033362177900863946,-0.003574582179936405,0.033542253032885896
Random-diff,sweep2d_gemma_L2_randomdiffavg_019__randomdiffavg_021_fineweb_60deg_dirrandomdiffavg_fineweb.pkl,2.0601396216832883,0.0045590099057713235,-0.01859355502956803,0.004651248404249442
Random-diff,sweep2d_gemma_L2_randomdiffavg_019__randomdiffavg_023_fineweb_60deg_dirrandomdiffavg_fineweb.pkl,1.6790215520124847,0.016164127012610843,0.1328497164078431,0.013029047735672875
Random-diff,sweep2d_gemma_L2_randomdiffavg_019__randomdiffavg_024_fineweb_60deg_dirrandomdiffavg_fineweb.pkl,1.9771676538854777,0.0070353027934849125,0.004681012202051236,0.007475008119785406
Random-diff,sweep2d_gemma_L2_randomdiffavg_019__randomdiffavg_025_fineweb_60deg_dirrandomdiffavg_fineweb.pkl,1.727679454396602,0.013013156658505979,0.1068639043190922,0.012440794899192396
Random-diff,sweep2d_gemma_L2_randomdiffavg_019__randomdiffavg_026_fineweb_60deg_dirrandomdiffavg_fineweb.pkl,1.9384285832285562,0.00935136412948997,0.021872964287484066,0.008632106465290978
Random-diff,sweep2d_gemma_L2_randomdiffavg_019__randomdiffavg_027_fineweb_60deg_dirrandomdiffavg_fineweb.pkl,2.1071878266760193,0.009870130706983548,-0.03138569213353244,0.010847424581221097
Random-diff,sweep2d_gemma_L2_randomdiffavg_019__randomdiffavg_028_fineweb_60deg_dirrandomdiffavg_fineweb.pkl,1.8534422303255433,0.005150652712463189,0.053470484398110335,0.004000944100938664
Random-diff,sweep2d_gemma_L2_randomdiffavg_019__randomdiffavg_029_fineweb_60deg_dirrandomdiffavg_fineweb.pkl,1.8243953156483455,0.007666208082411932,0.06343485856427405,0.007996909889992385
Random-diff,sweep2d_gemma_L2_randomdiffavg_019__randomdiffavg_030_fineweb_60deg_dirrandomdiffavg_fineweb.pkl,2.708793508412171,0.012032499384440143,-0.15709904307663827,0.007980632654458067
Random-diff,sweep2d_gemma_L2_randomdiffavg_019__randomdiffavg_031_fineweb_60deg_dirrandomdiffavg_fineweb.pkl,2.335209185337066,0.003928144749703796,-0.08804843647688282,0.0017756191777806934
Random-diff,sweep2d_gemma_L2_randomdiffavg_019__randomdiffavg_032_fineweb_60deg_dirrandomdiffavg_fineweb.pkl,2.574315189093455,0.017927190420908453,-0.14004656150894082,0.01512599505256816
Random-diff,sweep2d_gemma_L2_randomdiffavg_019__randomdiffavg_033_fineweb_60deg_dirrandomdiffavg_fineweb.pkl,1.8442419798434475,0.007954513762546748,0.05575018703148182,0.0074282066122294
Random-diff,sweep2d_gemma_L2_randomdiffavg_019__randomdiffavg_034_fineweb_60deg_dirrandomdiffavg_fineweb.pkl,2.4561469212013134,0.01035782294670826,-0.1102413227776187,0.013160811887453805
Random-diff,sweep2d_gemma_L2_randomdiffavg_019__randomdiffavg_035_fineweb_60deg_dirrandomdiffavg_fineweb.pkl,1.8916926897990092,0.00869193455480989,0.03672100703005547,0.008900464822435396
Random-diff,sweep2d_gemma_L2_randomdiffavg_019__randomdiffavg_036_fineweb_60deg_dirrandomdiffavg_fineweb.pkl,2.10013105054878,0.003982905440090251,-0.029930889614099777,0.004413759147192659
Random-diff,sweep2d_gemma_L2_randomdiffavg_019__randomdiffavg_037_fineweb_60deg_dirrandomdiffavg_fineweb.pkl,1.660130694652881,0.009009070350640141,0.14292387961348857,0.007884200219933602
Random-diff,sweep2d_gemma_L2_randomdiffavg_019__randomdiffavg_039_fineweb_60deg_dirrandomdiffavg_fineweb.pkl,1.9044162004040048,0.009890235827765931,0.03409043857157426,0.00888946123415108
Random-diff,sweep2d_gemma_L2_randomdiffavg_020__randomdiffavg_021_fineweb_60deg_dirrandomdiffavg_fineweb.pkl,2.164341889338793,0.014881028433488245,-0.049549072064379245,0.015675716871441474
Random-diff,sweep2d_gemma_L2_randomdiffavg_020__randomdiffavg_022_fineweb_60deg_dirrandomdiffavg_fineweb.pkl,1.8649958320423492,0.018398638869883913,0.04401360335603974,0.018385144232987274
Random-diff,sweep2d_gemma_L2_randomdiffavg_020__randomdiffavg_023_fineweb_60deg_dirrandomdiffavg_fineweb.pkl,2.412619536921542,0.03275281777605505,-0.11552282701056775,0.03239230823102227
Random-diff,sweep2d_gemma_L2_randomdiffavg_020__randomdiffavg_024_fineweb_60deg_dirrandomdiffavg_fineweb.pkl,2.144851803570461,0.00633871734132133,-0.043709613625239584,0.005929724141503662
Random-diff,sweep2d_gemma_L2_randomdiffavg_020__randomdiffavg_025_fineweb_60deg_dirrandomdiffavg_fineweb.pkl,2.6245686191253106,0.008870726112627765,-0.13978075326738848,0.010003347179018423
Random-diff,sweep2d_gemma_L2_randomdiffavg_020__randomdiffavg_026_fineweb_60deg_dirrandomdiffavg_fineweb.pkl,1.7208298677273877,0.012296138850534178,0.10719627078719154,0.013271924068031926
Random-diff,sweep2d_gemma_L2_randomdiffavg_020__randomdiffavg_027_fineweb_60deg_dirrandomdiffavg_fineweb.pkl,1.5798471199832629,0.011202025054808074,0.1904191184979776,0.010122443894532415
Random-diff,sweep2d_gemma_L2_randomdiffavg_020__randomdiffavg_028_fineweb_60deg_dirrandomdiffavg_fineweb.pkl,2.554078900869473,0.01143523867977298,-0.12872959316112012,0.011381425440902766
Random-diff,sweep2d_gemma_L2_randomdiffavg_020__randomdiffavg_029_fineweb_60deg_dirrandomdiffavg_fineweb.pkl,2.4791860573356246,0.02824164770154276,-0.12285486721341128,0.028705447405106093
Random-diff,sweep2d_gemma_L2_randomdiffavg_020__randomdiffavg_030_fineweb_60deg_dirrandomdiffavg_fineweb.pkl,2.419111733295107,0.00551575156217979,-0.10453368003680741,0.007364482228025102
Random-diff,sweep2d_gemma_L2_randomdiffavg_020__randomdiffavg_031_fineweb_60deg_dirrandomdiffavg_fineweb.pkl,2.280935425908109,0.008307882814819518,-0.07875555663465457,0.006497673306832853
Random-diff,sweep2d_gemma_L2_randomdiffavg_020__randomdiffavg_032_fineweb_60deg_dirrandomdiffavg_fineweb.pkl,1.97248751247684,0.005989705066304368,0.008471137141745043,0.0059182164259001776
Random-diff,sweep2d_gemma_L2_randomdiffavg_020__randomdiffavg_033_fineweb_60deg_dirrandomdiffavg_fineweb.pkl,1.7277633267873438,0.037404569708395424,0.08695423607571534,0.03830680327361734
Random-diff,sweep2d_gemma_L2_randomdiffavg_020__randomdiffavg_034_fineweb_60deg_dirrandomdiffavg_fineweb.pkl,2.3289833253029815,0.010630235285505397,-0.08959643083495103,0.00780873158458608
Random-diff,sweep2d_gemma_L2_randomdiffavg_020__randomdiffavg_035_fineweb_60deg_dirrandomdiffavg_fineweb.pkl,1.8300233603891056,0.014837995224018989,0.05838849139683234,0.015372141893106499
Random-diff,sweep2d_gemma_L2_randomdiffavg_020__randomdiffavg_037_fineweb_60deg_dirrandomdiffavg_fineweb.pkl,2.05701832389461,0.031845927082215335,-0.030244824828681318,0.031171753439068296
Random-diff,sweep2d_gemma_L2_randomdiffavg_020__randomdiffavg_038_fineweb_60deg_dirrandomdiffavg_fineweb.pkl,1.9303889144373343,0.024234510912062242,0.014599547365053828,0.02448070889349141
Random-diff,sweep2d_gemma_L2_randomdiffavg_020__randomdiffavg_039_fineweb_60deg_dirrandomdiffavg_fineweb.pkl,2.4841800325463175,0.009755707246635808,-0.1200973784850098,0.005431796319625726
Random-diff,sweep2d_gemma_L2_randomdiffavg_021__randomdiffavg_023_fineweb_60deg_dirrandomdiffavg_fineweb.pkl,1.8441217578443818,0.005964432901980661,0.05717714019740105,0.0047676699646914495
Random-diff,sweep2d_gemma_L2_randomdiffavg_021__randomdiffavg_024_fineweb_60deg_dirrandomdiffavg_fineweb.pkl,2.2850194686161345,0.012732915517421367,-0.07755789197734354,0.013571533188359334
Random-diff,sweep2d_gemma_L2_randomdiffavg_021__randomdiffavg_025_fineweb_60deg_dirrandomdiffavg_fineweb.pkl,2.1045561415928162,0.00685798029006437,-0.032127577533277295,0.0067712372298699254
Random-diff,sweep2d_gemma_L2_randomdiffavg_021__randomdiffavg_026_fineweb_60deg_dirrandomdiffavg_fineweb.pkl,2.163611763064972,0.006791747880711436,-0.047864209568062935,0.006898930999189558
Random-diff,sweep2d_gemma_L2_randomdiffavg_021__randomdiffavg_027_fineweb_60deg_dirrandomdiffavg_fineweb.pkl,2.0110111233297943,0.009692055023032654,-0.0027354968021990242,0.00980320889400183
Random-diff,sweep2d_gemma_L2_randomdiffavg_021__randomdiffavg_028_fineweb_60deg_dirrandomdiffavg_fineweb.pkl,2.0765655461243426,0.004704191010943723,-0.024890503320938586,0.004112012350917185
Random-diff,sweep2d_gemma_L2_randomdiffavg_021__randomdiffavg_029_fineweb_60deg_dirrandomdiffavg_fineweb.pkl,2.28595037493508,0.00929421393851898,-0.07755034422491257,0.008860676806430896
Random-diff,sweep2d_gemma_L2_randomdiffavg_021__randomdiffavg_030_fineweb_60deg_dirrandomdiffavg_fineweb.pkl,2.2531239768521196,0.012390421047061404,-0.07387529600338617,0.011057801858600084
Random-diff,sweep2d_gemma_L2_randomdiffavg_021__randomdiffavg_031_fineweb_60deg_dirrandomdiffavg_fineweb.pkl,1.7639585405469673,0.00763382534494336,0.09067912447302091,0.0073266604800925365
Random-diff,sweep2d_gemma_L2_randomdiffavg_021__randomdiffavg_032_fineweb_60deg_dirrandomdiffavg_fineweb.pkl,1.6087761775398877,0.01190952312923435,0.17092785218369902,0.012595896472118204
Random-diff,sweep2d_gemma_L2_randomdiffavg_021__randomdiffavg_033_fineweb_60deg_dirrandomdiffavg_fineweb.pkl,1.9396723086044252,0.005718010768129088,0.01844220401295695,0.006170699467853862
Random-diff,sweep2d_gemma_L2_randomdiffavg_021__randomdiffavg_034_fineweb_60deg_dirrandomdiffavg_fineweb.pkl,2.9197905373547433,0.01191870153317181,-0.18503057976163678,0.004310505335363638
Random-diff,sweep2d_gemma_L2_randomdiffavg_021__randomdiffavg_035_fineweb_60deg_dirrandomdiffavg_fineweb.pkl,2.3606433350724196,0.007960276367161909,-0.09435283888771123,0.006237053013393408
Random-diff,sweep2d_gemma_L2_randomdiffavg_021__randomdiffavg_036_fineweb_60deg_dirrandomdiffavg_fineweb.pkl,1.985824624038608,0.006844017339277361,0.005141048812946913,0.006730313001547331
Random-diff,sweep2d_gemma_L2_randomdiffavg_021__randomdiffavg_037_fineweb_60deg_dirrandomdiffavg_fineweb.pkl,1.8702301307931712,0.011391790626784547,0.04633089637775683,0.010407076994536631
Random-diff,sweep2d_gemma_L2_randomdiffavg_021__randomdiffavg_038_fineweb_60deg_dirrandomdiffavg_fineweb.pkl,2.066673973398161,0.006154089929530736,-0.021103338632307237,0.006093198650261147
Random-diff,sweep2d_gemma_L2_randomdiffavg_021__randomdiffavg_039_fineweb_60deg_dirrandomdiffavg_fineweb.pkl,1.8016952111897568,0.010390073561730847,0.07176557559441475,0.01099786760580591
Random-diff,sweep2d_gemma_L2_randomdiffavg_022__randomdiffavg_023_fineweb_60deg_dirrandomdiffavg_fineweb.pkl,1.875681336479078,0.004411001638781084,0.04271927349847743,0.005304868199331461
Random-diff,sweep2d_gemma_L2_randomdiffavg_022__randomdiffavg_024_fineweb_60deg_dirrandomdiffavg_fineweb.pkl,1.9477532864461038,0.006551082894733188,0.01559297790338823,0.007017774440248627
Random-diff,sweep2d_gemma_L2_randomdiffavg_022__randomdiffavg_025_fineweb_60deg_dirrandomdiffavg_fineweb.pkl,2.0792082973060286,0.00718698528737224,-0.025230443337610525,0.006975827257458701
Random-diff,sweep2d_gemma_L2_randomdiffavg_022__randomdiffavg_026_fineweb_60deg_dirrandomdiffavg_fineweb.pkl,1.8796998604324862,0.012069886837839555,0.0375284910902141,0.013113986456044321
Random-diff,sweep2d_gemma_L2_randomdiffavg_022__randomdiffavg_028_fineweb_60deg_dirrandomdiffavg_fineweb.pkl,1.7569912083282173,0.006380152786982724,0.09361297200456749,0.006462352366256012
Random-diff,sweep2d_gemma_L2_randomdiffavg_022__randomdiffavg_029_fineweb_60deg_dirrandomdiffavg_fineweb.pkl,2.0349335254603185,0.002960446196637282,-0.011817845098277989,0.0029092722876310605
Random-diff,sweep2d_gemma_L2_randomdiffavg_022__randomdiffavg_032_fineweb_60deg_dirrandomdiffavg_fineweb.pkl,2.0127452056615214,0.014476045410715024,-0.011646170840813973,0.014933731541481312
Random-diff,sweep2d_gemma_L2_randomdiffavg_022__randomdiffavg_033_fineweb_60deg_dirrandomdiffavg_fineweb.pkl,1.8119177310948082,0.00758366181832027,0.06765336656748927,0.008999789309852369
Random-diff,sweep2d_gemma_L2_randomdiffavg_022__randomdiffavg_034_fineweb_60deg_dirrandomdiffavg_fineweb.pkl,2.4599194337268706,0.01493752238115251,-0.1191882548021971,0.010721559974709154
Random-diff,sweep2d_gemma_L2_randomdiffavg_022__randomdiffavg_035_fineweb_60deg_dirrandomdiffavg_fineweb.pkl,2.1830010807898472,0.009757417967471947,-0.05619522013475898,0.007808263762413228
Random-diff,sweep2d_gemma_L2_randomdiffavg_022__randomdiffavg_039_fineweb_60deg_dirrandomdiffavg_fineweb.pkl,1.9255009337835551,0.003907852610296995,0.025087477457231982,0.004070111675686407
Random-diff,sweep2d_gemma_L2_randomdiffavg_023__randomdiffavg_024_fineweb_60deg_dirrandomdiffavg_fineweb.pkl,1.8893737752941757,0.008417223999876187,0.035911674262304356,0.009355370118227726
Random-diff,sweep2d_gemma_L2_randomdiffavg_023__randomdiffavg_025_fineweb_60deg_dirrandomdiffavg_fineweb.pkl,2.305054863142716,0.0062998974256062296,-0.0789863678410776,0.009716297305236682
Random-diff,sweep2d_gemma_L2_randomdiffavg_023__randomdiffavg_026_fineweb_60deg_dirrandomdiffavg_fineweb.pkl,1.8688216256918706,0.003813129171165487,0.045139838989247616,0.004932264629513488
Random-diff,sweep2d_gemma_L2_randomdiffavg_023__randomdiffavg_027_fineweb_60deg_dirrandomdiffavg_fineweb.pkl,2.0593960975277166,0.006895675995027373,-0.018364484431221892,0.007179336556424533
Random-diff,sweep2d_gemma_L2_randomdiffavg_023__randomdiffavg_028_fineweb_60deg_dirrandomdiffavg_fineweb.pkl,1.8055800575063456,0.008562968045752203,0.07308693818239517,0.006667642756123968
Random-diff,sweep2d_gemma_L2_randomdiffavg_023__randomdiffavg_029_fineweb_60deg_dirrandomdiffavg_fineweb.pkl,1.8183139794361005,0.019783376964038195,0.06210797904139191,0.019790091063979772
Random-diff,sweep2d_gemma_L2_randomdiffavg_023__randomdiffavg_030_fineweb_60deg_dirrandomdiffavg_fineweb.pkl,2.8052050707524536,0.01689486294806996,-0.17286338345639873,0.012234218309549311
Random-diff,sweep2d_gemma_L2_randomdiffavg_023__randomdiffavg_031_fineweb_60deg_dirrandomdiffavg_fineweb.pkl,2.3915760586335546,0.009647947826194844,-0.097812371215501,0.012710467668784017
Random-diff,sweep2d_gemma_L2_randomdiffavg_023__randomdiffavg_032_fineweb_60deg_dirrandomdiffavg_fineweb.pkl,2.382129247002313,0.012694896972233968,-0.1029564171909918,0.008800307417742759
Random-diff,sweep2d_gemma_L2_randomdiffavg_023__randomdiffavg_033_fineweb_60deg_dirrandomdiffavg_fineweb.pkl,1.8245092061111226,0.009555949011733417,0.06489020391764773,0.008042367070154224
Random-diff,sweep2d_gemma_L2_randomdiffavg_023__randomdiffavg_034_fineweb_60deg_dirrandomdiffavg_fineweb.pkl,2.6816757305461567,0.014880972865754936,-0.15524668205792902,0.008569734395197117
Random-diff,sweep2d_gemma_L2_randomdiffavg_023__randomdiffavg_035_fineweb_60deg_dirrandomdiffavg_fineweb.pkl,1.9845005225784136,0.008661515061019911,0.0014989639844293695,0.009143800088600693
Random-diff,sweep2d_gemma_L2_randomdiffavg_023__randomdiffavg_036_fineweb_60deg_dirrandomdiffavg_fineweb.pkl,2.3040465440240965,0.008311994420319827,-0.0817544065305622,0.008015037166188973
Random-diff,sweep2d_gemma_L2_randomdiffavg_023__randomdiffavg_037_fineweb_60deg_dirrandomdiffavg_fineweb.pkl,1.7703884218617532,0.006589703248812736,0.08799302695511685,0.005796904696880337
Random-diff,sweep2d_gemma_L2_randomdiffavg_023__randomdiffavg_038_fineweb_60deg_dirrandomdiffavg_fineweb.pkl,2.1337504375561025,0.013743729906234523,-0.040882263767804496,0.013818142527539313
Random-diff,sweep2d_gemma_L2_randomdiffavg_023__randomdiffavg_039_fineweb_60deg_dirrandomdiffavg_fineweb.pkl,1.9406955811825592,0.012858797579341068,0.017642571624347507,0.012811091172673225
Random-diff,sweep2d_gemma_L2_randomdiffavg_024__randomdiffavg_025_fineweb_60deg_dirrandomdiffavg_fineweb.pkl,2.1541008047063364,0.004802642557895959,-0.04543707449562959,0.005066408600657543
Random-diff,sweep2d_gemma_L2_randomdiffavg_024__randomdiffavg_026_fineweb_60deg_dirrandomdiffavg_fineweb.pkl,1.8750507942973869,0.004933082194137641,0.04265733165742835,0.005474895450625034
Random-diff,sweep2d_gemma_L2_randomdiffavg_024__randomdiffavg_027_fineweb_60deg_dirrandomdiffavg_fineweb.pkl,2.449383876756852,0.014791822717583794,-0.11891003503945186,0.013372389011095252
Random-diff,sweep2d_gemma_L2_randomdiffavg_024__randomdiffavg_028_fineweb_60deg_dirrandomdiffavg_fineweb.pkl,1.8045220539006197,0.014603673436658688,0.06984030412374895,0.014388633578925373
Random-diff,sweep2d_gemma_L2_randomdiffavg_024__randomdiffavg_029_fineweb_60deg_dirrandomdiffavg_fineweb.pkl,1.8605594864039499,0.006126373747295871,0.048801093681572795,0.006643851518214609
Random-diff,sweep2d_gemma_L2_randomdiffavg_024__randomdiffavg_030_fineweb_60deg_dirrandomdiffavg_fineweb.pkl,2.0221540936493008,0.003202504246947362,-0.007766478434483335,0.0031364278715478506
Random-diff,sweep2d_gemma_L2_randomdiffavg_024__randomdiffavg_031_fineweb_60deg_dirrandomdiffavg_fineweb.pkl,2.159892735399393,0.024261631260487134,-0.060319694490535314,0.024523926034213182
Random-diff,sweep2d_gemma_L2_randomdiffavg_024__randomdiffavg_032_fineweb_60deg_dirrandomdiffavg_fineweb.pkl,2.259085862184362,0.0116978975163923,-0.07027457621713408,0.013226342175164676
Random-diff,sweep2d_gemma_L2_randomdiffavg_024__randomdiffavg_033_fineweb_60deg_dirrandomdiffavg_fineweb.pkl,2.3666724883145513,0.008822829691909752,-0.09537725783284487,0.007114608440068686
Random-diff,sweep2d_gemma_L2_randomdiffavg_024__randomdiffavg_034_fineweb_60deg_dirrandomdiffavg_fineweb.pkl,2.35183606505715,0.003710626510951881,-0.09104886250791785,0.0031803532420685452
Random-diff,sweep2d_gemma_L2_randomdiffavg_024__randomdiffavg_035_fineweb_60deg_dirrandomdiffavg_fineweb.pkl,2.0293943459421433,0.005537166883968222,-0.01071736216552015,0.005424078649805018
Random-diff,sweep2d_gemma_L2_randomdiffavg_024__randomdiffavg_036_fineweb_60deg_dirrandomdiffavg_fineweb.pkl,2.2250443026723326,0.01574000846699893,-0.0665894523859757,0.015812800964312305
Random-diff,sweep2d_gemma_L2_randomdiffavg_024__randomdiffavg_037_fineweb_60deg_dirrandomdiffavg_fineweb.pkl,2.0917407752024455,0.008810425120063659,-0.03062011958815147,0.009079247604905727
Random-diff,sweep2d_gemma_L2_randomdiffavg_024__randomdiffavg_038_fineweb_60deg_dirrandomdiffavg_fineweb.pkl,2.0059628540318815,0.0039750480794429515,-0.00259107190160517,0.0039315850335536065
Random-diff,sweep2d_gemma_L2_randomdiffavg_024__randomdiffavg_039_fineweb_60deg_dirrandomdiffavg_fineweb.pkl,1.927100789274137,0.005309928233351491,0.024916899210732382,0.004930356913226835
Random-diff,sweep2d_gemma_L2_randomdiffavg_025__randomdiffavg_026_fineweb_60deg_dirrandomdiffavg_fineweb.pkl,2.1356723679120195,0.004779663729307467,-0.041554392129234105,0.0036515933456141305
Random-diff,sweep2d_gemma_L2_randomdiffavg_025__randomdiffavg_027_fineweb_60deg_dirrandomdiffavg_fineweb.pkl,2.3625678922633093,0.014213621991309095,-0.09541611703053521,0.013909789850712085
Random-diff,sweep2d_gemma_L2_randomdiffavg_025__randomdiffavg_028_fineweb_60deg_dirrandomdiffavg_fineweb.pkl,1.8108354634857744,0.005687650619965121,0.07053428678546943,0.004719337341041877
Random-diff,sweep2d_gemma_L2_randomdiffavg_025__randomdiffavg_029_fineweb_60deg_dirrandomdiffavg_fineweb.pkl,2.0315805565702156,0.007051206378770795,-0.012492824493292327,0.007194701630820694
Random-diff,sweep2d_gemma_L2_randomdiffavg_025__randomdiffavg_030_fineweb_60deg_dirrandomdiffavg_fineweb.pkl,2.0745804884695933,0.014582239997595796,-0.02206518580607713,0.015398077505802172
Random-diff,sweep2d_gemma_L2_randomdiffavg_025__randomdiffavg_031_fineweb_60deg_dirrandomdiffavg_fineweb.pkl,1.7539021529718006,0.005537102301411362,0.09487801222532656,0.006237712181708535
Random-diff,sweep2d_gemma_L2_randomdiffavg_025__randomdiffavg_032_fineweb_60deg_dirrandomdiffavg_fineweb.pkl,1.698733484331172,0.005612749943461452,0.1222407345016887,0.006083473641382016
Random-diff,sweep2d_gemma_L2_randomdiffavg_025__randomdiffavg_033_fineweb_60deg_dirrandomdiffavg_fineweb.pkl,1.9660103960983684,0.008244491635976932,0.009559318597678664,0.008312484990654326
Random-diff,sweep2d_gemma_L2_randomdiffavg_025__randomdiffavg_034_fineweb_60deg_dirrandomdiffavg_fineweb.pkl,2.1482673175886893,0.005022076526765483,-0.04190459713233745,0.006427989098561387
Random-diff,sweep2d_gemma_L2_randomdiffavg_025__randomdiffavg_035_fineweb_60deg_dirrandomdiffavg_fineweb.pkl,1.9734902699378922,0.009215658901817187,0.006988169823798638,0.009311899470052488
Random-diff,sweep2d_gemma_L2_randomdiffavg_025__randomdiffavg_036_fineweb_60deg_dirrandomdiffavg_fineweb.pkl,1.774929231856739,0.0033131678471148246,0.08634942271030666,0.0027626366642537928
Random-diff,sweep2d_gemma_L2_randomdiffavg_025__randomdiffavg_037_fineweb_60deg_dirrandomdiffavg_fineweb.pkl,2.011162192210936,0.004671743739898894,-0.0031046537890776216,0.004763099937398272
Random-diff,sweep2d_gemma_L2_randomdiffavg_025__randomdiffavg_038_fineweb_60deg_dirrandomdiffavg_fineweb.pkl,1.7213683967127742,0.006725516009084257,0.11139460793064312,0.005548412293501278
Random-diff,sweep2d_gemma_L2_randomdiffavg_025__randomdiffavg_039_fineweb_60deg_dirrandomdiffavg_fineweb.pkl,1.9003284691585787,0.0068505262459613,0.03290599429055024,0.007190033450118652
Random-diff,sweep2d_gemma_L2_randomdiffavg_026__randomdiffavg_027_fineweb_60deg_dirrandomdiffavg_fineweb.pkl,1.9322452177807659,0.006526468989161725,0.023420295082392368,0.006042425122998436
Random-diff,sweep2d_gemma_L2_randomdiffavg_026__randomdiffavg_028_fineweb_60deg_dirrandomdiffavg_fineweb.pkl,1.6590919308252812,0.005474469500486914,0.1436353131668873,0.005765895141201619
Random-diff,sweep2d_gemma_L2_randomdiffavg_026__randomdiffavg_029_fineweb_60deg_dirrandomdiffavg_fineweb.pkl,1.9386597809619668,0.0043737904281616535,0.021289899175014733,0.004103549775372205
Random-diff,sweep2d_gemma_L2_randomdiffavg_026__randomdiffavg_030_fineweb_60deg_dirrandomdiffavg_fineweb.pkl,2.196087436339304,0.0181517959921079,-0.058443037983131114,0.018172391188977757
Random-diff,sweep2d_gemma_L2_randomdiffavg_026__randomdiffavg_031_fineweb_60deg_dirrandomdiffavg_fineweb.pkl,2.4184818479790136,0.029353833073962318,-0.1358322082679449,0.029350700019464604
Random-diff,sweep2d_gemma_L2_randomdiffavg_026__randomdiffavg_032_fineweb_60deg_dirrandomdiffavg_fineweb.pkl,2.5003883710969013,0.007667316479982847,-0.12079349366831782,0.007317868307721924
Random-diff,sweep2d_gemma_L2_randomdiffavg_026__randomdiffavg_033_fineweb_60deg_dirrandomdiffavg_fineweb.pkl,1.7348574417687048,0.0039309308388639,0.10508920600926279,0.0030337978713735237
Random-diff,sweep2d_gemma_L2_randomdiffavg_026__randomdiffavg_036_fineweb_60deg_dirrandomdiffavg_fineweb.pkl,2.2656931174288113,0.007651563021306287,-0.07403480034616104,0.0068372086168785465
Random-diff,sweep2d_gemma_L2_randomdiffavg_026__randomdiffavg_037_fineweb_60deg_dirrandomdiffavg_fineweb.pkl,1.8845941333007854,0.006959445940570756,0.04039710451216025,0.006585691159774631
Random-diff,sweep2d_gemma_L2_randomdiffavg_026__randomdiffavg_038_fineweb_60deg_dirrandomdiffavg_fineweb.pkl,1.8512932460662694,0.004125381119194527,0.0538401505077599,0.003542456224890502
Random-diff,sweep2d_gemma_L2_randomdiffavg_026__randomdiffavg_039_fineweb_60deg_dirrandomdiffavg_fineweb.pkl,2.1090684390724355,0.004009650585350285,-0.033292402918951705,0.0035708937515783624
Random-diff,sweep2d_gemma_L2_randomdiffavg_027__randomdiffavg_028_fineweb_60deg_dirrandomdiffavg_fineweb.pkl,2.228681049465734,0.013928626328707549,-0.07008310144425386,0.013659253472354457
Random-diff,sweep2d_gemma_L2_randomdiffavg_027__randomdiffavg_029_fineweb_60deg_dirrandomdiffavg_fineweb.pkl,2.2285910918822402,0.008789970677658217,-0.067169748619113,0.006544998956102769
Random-diff,sweep2d_gemma_L2_randomdiffavg_027__randomdiffavg_030_fineweb_60deg_dirrandomdiffavg_fineweb.pkl,2.324641292488275,0.013706765307841704,-0.09078997497923727,0.013540027602391392
Random-diff,sweep2d_gemma_L2_randomdiffavg_027__randomdiffavg_031_fineweb_60deg_dirrandomdiffavg_fineweb.pkl,2.1414105579307186,0.019867070604508423,-0.048052516789286376,0.020118713421666615
Random-diff,sweep2d_gemma_L2_randomdiffavg_027__randomdiffavg_033_fineweb_60deg_dirrandomdiffavg_fineweb.pkl,2.1761402523856037,0.004965754454825406,-0.050447872229488606,0.004982447454249312
Random-diff,sweep2d_gemma_L2_randomdiffavg_027__randomdiffavg_034_fineweb_60deg_dirrandomdiffavg_fineweb.pkl,1.9781439973130301,0.01192258128262861,0.004803239171542655,0.011842686681524602
Random-diff,sweep2d_gemma_L2_randomdiffavg_027__randomdiffavg_035_fineweb_60deg_dirrandomdiffavg_fineweb.pkl,1.8983847853709834,0.008518171185004931,0.03517746704614456,0.00833141324951934
Random-diff,sweep2d_gemma_L2_randomdiffavg_027__randomdiffavg_036_fineweb_60deg_dirrandomdiffavg_fineweb.pkl,1.8877994068900927,0.01335833153668573,0.036394584330063755,0.013867873958067229
Random-diff,sweep2d_gemma_L2_randomdiffavg_027__randomdiffavg_037_fineweb_60deg_dirrandomdiffavg_fineweb.pkl,2.1225377799029856,0.00754173479023186,-0.03523255154382699,0.008735662946056988
Random-diff,sweep2d_gemma_L2_randomdiffavg_027__randomdiffavg_038_fineweb_60deg_dirrandomdiffavg_fineweb.pkl,2.1919107485509595,0.006791669259831466,-0.052592989630873714,0.008746331677448548
Random-diff,sweep2d_gemma_L2_randomdiffavg_027__randomdiffavg_039_fineweb_60deg_dirrandomdiffavg_fineweb.pkl,1.9936306735930802,0.013495811602150656,-0.003131696035567709,0.013869990309725144
Random-diff,sweep2d_gemma_L2_randomdiffavg_028__randomdiffavg_029_fineweb_60deg_dirrandomdiffavg_fineweb.pkl,1.608355925455552,0.005556609626143615,0.17354563058279468,0.004807200037959579
Random-diff,sweep2d_gemma_L2_randomdiffavg_028__randomdiffavg_030_fineweb_60deg_dirrandomdiffavg_fineweb.pkl,2.2306803881745476,0.013482016485109168,-0.06680485856923853,0.01299973592705991
Random-diff,sweep2d_gemma_L2_randomdiffavg_028__randomdiffavg_031_fineweb_60deg_dirrandomdiffavg_fineweb.pkl,2.6556391523577676,0.030666390174806584,-0.16784385043234917,0.029447708651917117
Random-diff,sweep2d_gemma_L2_randomdiffavg_028__randomdiffavg_032_fineweb_60deg_dirrandomdiffavg_fineweb.pkl,2.2310817567836243,0.004112699048397891,-0.06379567937988614,0.004565373435741482
Random-diff,sweep2d_gemma_L2_randomdiffavg_028__randomdiffavg_033_fineweb_60deg_dirrandomdiffavg_fineweb.pkl,1.7249923625001347,0.007258091681932965,0.11021286591451324,0.004847000837839487
Random-diff,sweep2d_gemma_L2_randomdiffavg_028__randomdiffavg_034_fineweb_60deg_dirrandomdiffavg_fineweb.pkl,2.0389141320161497,0.005446093296536055,-0.013154932404845365,0.005380174167340641
Random-diff,sweep2d_gemma_L2_randomdiffavg_028__randomdiffavg_035_fineweb_60deg_dirrandomdiffavg_fineweb.pkl,2.005167074337275,0.008123797525981606,-0.0017671601908392323,0.00814755506267152
Random-diff,sweep2d_gemma_L2_randomdiffavg_028__randomdiffavg_036_fineweb_60deg_dirrandomdiffavg_fineweb.pkl,1.9724766572641157,0.0059562706865815525,0.0075585150657168365,0.005871001419471207
Random-diff,sweep2d_gemma_L2_randomdiffavg_028__randomdiffavg_037_fineweb_60deg_dirrandomdiffavg_fineweb.pkl,1.684991716373081,0.00912365600990637,0.13049232259425295,0.0069158478830438535
Random-diff,sweep2d_gemma_L2_randomdiffavg_028__randomdiffavg_038_fineweb_60deg_dirrandomdiffavg_fineweb.pkl,1.8921933220657894,0.007444650434170245,0.034662383420419406,0.008293439077287731
Random-diff,sweep2d_gemma_L2_randomdiffavg_028__randomdiffavg_039_fineweb_60deg_dirrandomdiffavg_fineweb.pkl,1.873509582896144,0.0036276109395558913,0.045008019111876574,0.0030667992181778207
Random-diff,sweep2d_gemma_L2_randomdiffavg_029__randomdiffavg_030_fineweb_60deg_dirrandomdiffavg_fineweb.pkl,2.40333690849692,0.00540274191369396,-0.10188219752818194,0.005176133924358856
Random-diff,sweep2d_gemma_L2_randomdiffavg_029__randomdiffavg_031_fineweb_60deg_dirrandomdiffavg_fineweb.pkl,2.984110884305785,0.009759543595436267,-0.18703118153214074,0.008890751128396643
Random-diff,sweep2d_gemma_L2_randomdiffavg_029__randomdiffavg_032_fineweb_60deg_dirrandomdiffavg_fineweb.pkl,2.1979175299798235,0.0030226629996933517,-0.054740229296238625,0.0052816704036280845
Random-diff,sweep2d_gemma_L2_randomdiffavg_029__randomdiffavg_033_fineweb_60deg_dirrandomdiffavg_fineweb.pkl,1.9596106678545684,0.019465868993941888,0.008744529776767434,0.019388389322023733
Random-diff,sweep2d_gemma_L2_randomdiffavg_029__randomdiffavg_034_fineweb_60deg_dirrandomdiffavg_fineweb.pkl,2.041502655592287,0.007037844208115871,-0.012170897070807119,0.007456586508771679
Random-diff,sweep2d_gemma_L2_randomdiffavg_029__randomdiffavg_035_fineweb_60deg_dirrandomdiffavg_fineweb.pkl,1.873038939074405,0.006940343168718351,0.045778954403043144,0.005810022649232509
Random-diff,sweep2d_gemma_L2_randomdiffavg_029__randomdiffavg_036_fineweb_60deg_dirrandomdiffavg_fineweb.pkl,2.1606599734660614,0.002904699550747786,-0.046263726492985977,0.003484936060400356
Random-diff,sweep2d_gemma_L2_randomdiffavg_029__randomdiffavg_037_fineweb_60deg_dirrandomdiffavg_fineweb.pkl,1.9139104684341957,0.005112418325006832,0.0286883080493452,0.005204727735892193
Random-diff,sweep2d_gemma_L2_randomdiffavg_029__randomdiffavg_038_fineweb_60deg_dirrandomdiffavg_fineweb.pkl,1.9196435180560965,0.003800213832751917,0.02746007078775342,0.003797655524403766
Random-diff,sweep2d_gemma_L2_randomdiffavg_029__randomdiffavg_039_fineweb_60deg_dirrandomdiffavg_fineweb.pkl,1.934753459617849,0.011770914445710736,0.021372298057181577,0.011409073670449812
Random-diff,sweep2d_gemma_L2_randomdiffavg_030__randomdiffavg_031_fineweb_60deg_dirrandomdiffavg_fineweb.pkl,2.1007785312033618,0.012019070517547784,-0.029448339895243154,0.012861314541023513
Random-diff,sweep2d_gemma_L2_randomdiffavg_030__randomdiffavg_032_fineweb_60deg_dirrandomdiffavg_fineweb.pkl,1.8884661654007537,0.014623267106521334,0.037701764198267616,0.014364243737076185
Random-diff,sweep2d_gemma_L2_randomdiffavg_030__randomdiffavg_033_fineweb_60deg_dirrandomdiffavg_fineweb.pkl,2.33448612284769,0.006688346553024119,-0.08896879166586426,0.004987770875034672
Random-diff,sweep2d_gemma_L2_randomdiffavg_030__randomdiffavg_034_fineweb_60deg_dirrandomdiffavg_fineweb.pkl,2.0739973729305583,0.0039320187590368965,-0.021675635008675122,0.004737077154333793
Random-diff,sweep2d_gemma_L2_randomdiffavg_030__randomdiffavg_035_fineweb_60deg_dirrandomdiffavg_fineweb.pkl,2.140577669969693,0.013115240912228997,-0.043199405739026656,0.012702502342501398
Random-diff,sweep2d_gemma_L2_randomdiffavg_030__randomdiffavg_036_fineweb_60deg_dirrandomdiffavg_fineweb.pkl,2.220071308001908,0.0025297743496045934,-0.06140002428945604,0.0024397553439232484
Random-diff,sweep2d_gemma_L2_randomdiffavg_030__randomdiffavg_037_fineweb_60deg_dirrandomdiffavg_fineweb.pkl,2.4811225863293496,0.010207289258845955,-0.11836618217662766,0.009457697684398608
Random-diff,sweep2d_gemma_L2_randomdiffavg_030__randomdiffavg_038_fineweb_60deg_dirrandomdiffavg_fineweb.pkl,2.3443520988232156,0.006624454921522515,-0.08895454283950847,0.006898043847768635
Random-diff,sweep2d_gemma_L2_randomdiffavg_030__randomdiffavg_039_fineweb_60deg_dirrandomdiffavg_fineweb.pkl,1.891358544223251,0.004564682655345568,0.038224438782135134,0.003881777327921439
Random-diff,sweep2d_gemma_L2_randomdiffavg_031__randomdiffavg_033_fineweb_60deg_dirrandomdiffavg_fineweb.pkl,3.2209463527396647,0.013260279250878991,-0.21555132775632632,0.004635015095201405
Random-diff,sweep2d_gemma_L2_randomdiffavg_031__randomdiffavg_034_fineweb_60deg_dirrandomdiffavg_fineweb.pkl,2.0662061486318684,0.0067365975896434725,-0.019144766420321768,0.007341057930912674
Random-diff,sweep2d_gemma_L2_randomdiffavg_031__randomdiffavg_035_fineweb_60deg_dirrandomdiffavg_fineweb.pkl,2.51118732677166,0.01571520370900165,-0.12907177202741596,0.015023039163074474
Random-diff,sweep2d_gemma_L2_randomdiffavg_031__randomdiffavg_036_fineweb_60deg_dirrandomdiffavg_fineweb.pkl,2.061293437771796,0.006749896763685412,-0.01960079541849056,0.006911000108467595
Random-diff,sweep2d_gemma_L2_randomdiffavg_031__randomdiffavg_038_fineweb_60deg_dirrandomdiffavg_fineweb.pkl,2.1932210575118445,0.014876353110894273,-0.05770141192943739,0.01472725982691895
Random-diff,sweep2d_gemma_L2_randomdiffavg_031__randomdiffavg_039_fineweb_60deg_dirrandomdiffavg_fineweb.pkl,1.741317430540118,0.013649198299374464,0.09885657674493609,0.014104512369734786
Random-diff,sweep2d_gemma_L2_randomdiffavg_032__randomdiffavg_033_fineweb_60deg_dirrandomdiffavg_fineweb.pkl,2.385867412979897,0.014720446193302065,-0.10693343334538923,0.01002957129200556
Random-diff,sweep2d_gemma_L2_randomdiffavg_032__randomdiffavg_034_fineweb_60deg_dirrandomdiffavg_fineweb.pkl,1.7974933560114235,0.013905410991013242,0.07388254270674885,0.013678810667347796
Random-diff,sweep2d_gemma_L2_randomdiffavg_032__randomdiffavg_036_fineweb_60deg_dirrandomdiffavg_fineweb.pkl,1.9612225775826666,0.006621639758724734,0.010542602929928029,0.006775445086186932
Random-diff,sweep2d_gemma_L2_randomdiffavg_032__randomdiffavg_037_fineweb_60deg_dirrandomdiffavg_fineweb.pkl,2.2161753251108416,0.0058494385518981515,-0.061931202034914035,0.004858757138110043
Random-diff,sweep2d_gemma_L2_randomdiffavg_032__randomdiffavg_039_fineweb_60deg_dirrandomdiffavg_fineweb.pkl,1.9494987205226222,0.014280894468776215,0.013386765039502842,0.01445175952523771
Random-diff,sweep2d_gemma_L2_randomdiffavg_033__randomdiffavg_034_fineweb_60deg_dirrandomdiffavg_fineweb.pkl,2.018022741483976,0.011636076631933607,-0.005896522063057963,0.011809234141816899
Random-diff,sweep2d_gemma_L2_randomdiffavg_033__randomdiffavg_035_fineweb_60deg_dirrandomdiffavg_fineweb.pkl,1.8104533592026306,0.006700182354593859,0.06972364582584364,0.007190827871491887
Random-diff,sweep2d_gemma_L2_randomdiffavg_033__randomdiffavg_036_fineweb_60deg_dirrandomdiffavg_fineweb.pkl,2.148104191962308,0.006548269996413903,-0.042933447698899736,0.007048550843656412
Random-diff,sweep2d_gemma_L2_randomdiffavg_033__randomdiffavg_037_fineweb_60deg_dirrandomdiffavg_fineweb.pkl,1.7140519487616241,0.007990028995715567,0.11351604618799878,0.00843206188456124
Random-diff,sweep2d_gemma_L2_randomdiffavg_033__randomdiffavg_038_fineweb_60deg_dirrandomdiffavg_fineweb.pkl,1.830363281690618,0.003635724545752325,0.06070440471143255,0.005250562809294088
Random-diff,sweep2d_gemma_L2_randomdiffavg_033__randomdiffavg_039_fineweb_60deg_dirrandomdiffavg_fineweb.pkl,2.443030596801319,0.005826873505376473,-0.10926812104579427,0.004694806591852635
Random-diff,sweep2d_gemma_L2_randomdiffavg_034__randomdiffavg_035_fineweb_60deg_dirrandomdiffavg_fineweb.pkl,2.3056466117394896,0.013755820280153847,-0.08651575336614344,0.012014003306521482
Random-diff,sweep2d_gemma_L2_randomdiffavg_034__randomdiffavg_036_fineweb_60deg_dirrandomdiffavg_fineweb.pkl,2.4885388959911485,0.010097703271316514,-0.12037277208164161,0.009367751281109666
Random-diff,sweep2d_gemma_L2_randomdiffavg_034__randomdiffavg_037_fineweb_60deg_dirrandomdiffavg_fineweb.pkl,1.7462037136826434,0.0057833531175381725,0.0975361055105732,0.006865170635481242
Random-diff,sweep2d_gemma_L2_randomdiffavg_034__randomdiffavg_038_fineweb_60deg_dirrandomdiffavg_fineweb.pkl,2.197495739529859,0.004616938946891735,-0.055869608591052375,0.004969293966834893
Random-diff,sweep2d_gemma_L2_randomdiffavg_034__randomdiffavg_039_fineweb_60deg_dirrandomdiffavg_fineweb.pkl,2.093576463755595,0.003921034196056039,-0.027926379002545375,0.004155655507452014
Random-diff,sweep2d_gemma_L2_randomdiffavg_035__randomdiffavg_036_fineweb_60deg_dirrandomdiffavg_fineweb.pkl,1.895501740271715,0.005192368715645736,0.035658868710404086,0.00524879180706692
Random-diff,sweep2d_gemma_L2_randomdiffavg_035__randomdiffavg_037_fineweb_60deg_dirrandomdiffavg_fineweb.pkl,2.0737288257639737,0.0053003329478883724,-0.024015019373099755,0.004816320501380511
Random-diff,sweep2d_gemma_L2_randomdiffavg_035__randomdiffavg_038_fineweb_60deg_dirrandomdiffavg_fineweb.pkl,1.7453197656870152,0.0032884481209427088,0.09938158548522145,0.0039552551010586835
Random-diff,sweep2d_gemma_L2_randomdiffavg_035__randomdiffavg_039_fineweb_60deg_dirrandomdiffavg_fineweb.pkl,2.172257553120248,0.004119956825023199,-0.05003891243650156,0.003416168836787591
Random-diff,sweep2d_gemma_L2_randomdiffavg_036__randomdiffavg_037_fineweb_60deg_dirrandomdiffavg_fineweb.pkl,2.081307708335192,0.013465319420606157,-0.026330355958710177,0.013465575649775565
Random-diff,sweep2d_gemma_L2_randomdiffavg_036__randomdiffavg_038_fineweb_60deg_dirrandomdiffavg_fineweb.pkl,2.0191616948939477,0.005478377802649885,-0.005630484322820211,0.005617040434798805
Random-diff,sweep2d_gemma_L2_randomdiffavg_036__randomdiffavg_039_fineweb_60deg_dirrandomdiffavg_fineweb.pkl,1.9165186274728747,0.005764658364375523,0.026585644668518316,0.006314482128568734
Random-diff,sweep2d_gemma_L2_randomdiffavg_037__randomdiffavg_038_fineweb_60deg_dirrandomdiffavg_fineweb.pkl,1.8909791886066942,0.010338506883203116,0.03519967165050919,0.010785821707311518
Random-diff,sweep2d_gemma_L2_randomdiffavg_037__randomdiffavg_039_fineweb_60deg_dirrandomdiffavg_fineweb.pkl,1.9566940117200042,0.008735693124376965,0.013633531325192183,0.008602596038026938
Random-diff,sweep2d_gemma_L2_randomdiffavg_038__randomdiffavg_039_fineweb_60deg_dirrandomdiffavg_fineweb.pkl,1.9841521459011895,0.005349268064951774,0.005197144786786364,0.005308790015943138
